epoch,step,min,max,mean,std
1,1000,0.7614196538925171,0.7614196538925171,0.7614196538925171,0.0
