epoch,step,min,max,mean,std
1,1000,-0.015367132611572742,0.04956024885177612,0.004372459836304188,0.011469503864645958
