epoch,step,min,max,mean,std
1,1000,0.05950696021318436,0.05950696021318436,0.05950696021318436,0.0
