epoch,step,min,max,mean,std
1,1000,0.17583918571472168,0.17583918571472168,0.17583918571472168,0.0
