epoch,step,min,max,mean,std
1,1000,-0.013468609191477299,0.017642881721258163,-5.6951470469357446e-05,0.0009858793346211314
