epoch,step,min,max,mean,std
1,1000,-0.00671831239014864,0.14418047666549683,0.013488570228219032,0.028368042781949043
