epoch,step,min,max,mean,std
1,1000,-0.6277751922607422,0.6370971202850342,0.001171664334833622,0.08465410768985748
