epoch,step,min,max,mean,std
1,1000,-1.068739891052246,0.05372101068496704,-0.2364979386329651,0.2677237093448639
