epoch,step,min,max,mean,std
1,1000,-0.07411229610443115,0.09863245487213135,-0.011597532778978348,0.028251685202121735
