epoch,step,min,max,mean,std
1,1000,-0.44846051931381226,-0.44846051931381226,-0.44846051931381226,0.0
