epoch,step,min,max,mean,std
1,1000,-0.5111716389656067,0.06264448165893555,-0.14747214317321777,0.16985289752483368
