epoch,step,min,max,mean,std
1,1000,-0.07135974615812302,0.10245776921510696,-0.0027369095478206873,0.009542273357510567
