epoch,step,min,max,mean,std
1,1000,-0.7267158031463623,0.7113544940948486,-0.012431971728801727,0.13493604958057404
