epoch,step,min,max,mean,std
1,1000,-0.00258253188803792,0.0033030854538083076,-1.1887839264090871e-06,0.0003509334346745163
