epoch,step,min,max,mean,std
1,1000,-0.00014384932001121342,0.0003685842384584248,2.5265686417696998e-05,5.63226749363821e-05
