epoch,step,min,max,mean,std
1,1000,0.11714023351669312,0.11714023351669312,0.11714023351669312,0.0
