epoch,step,min,max,mean,std
1,1000,-0.20687787234783173,0.19387641549110413,-0.0003534990828484297,0.028499964624643326
