epoch,step,min,max,mean,std
1,1000,-0.02035219967365265,0.14354783296585083,0.03232511878013611,0.04139701649546623
