epoch,step,min,max,mean,std
1,1000,-0.17740963399410248,0.21079763770103455,0.0036797653883695602,0.03829532489180565
