epoch,step,min,max,mean,std
1,1000,-0.05260229483246803,0.04853525012731552,0.00027731951558962464,0.003511215327307582
