epoch,step,min,max,mean,std
1,1000,-0.005960806272923946,0.004912260919809341,0.00015055357653182,0.0007940790383145213
