epoch,step,min,max,mean,std
1,1000,-0.0032804664224386215,0.001865226891823113,-2.1497568013728596e-05,0.00043075773282907903
