epoch,step,min,max,mean,std
1,1000,-0.00032537459628656507,0.0005469237803481519,4.728617568616755e-06,3.292670953669585e-05
