epoch,step,min,max,mean,std
1,1000,-0.0026574423536658287,-0.0026574423536658287,-0.0026574423536658287,0.0
