epoch,step,min,max,mean,std
1,1000,-0.22872905433177948,0.22478961944580078,0.0027815101202577353,0.04473710432648659
