epoch,step,min,max,mean,std
1,1000,-0.02931239642202854,0.040361035615205765,0.001548317144624889,0.008954668417572975
