epoch,step,min,max,mean,std
1,1000,-0.19158993661403656,0.15845897793769836,-0.0008590157958678901,0.02492625080049038
