epoch,step,min,max,mean,std
1,1000,-0.044887471944093704,0.03661222383379936,0.0014228238724172115,0.011944254860281944
