epoch,step,min,max,mean,std
1,1000,-0.015285521745681763,0.10346433520317078,0.015726879239082336,0.02571483701467514
