epoch,step,min,max,mean,std
1,1000,-0.02966056764125824,0.04211384057998657,0.00029716137214563787,0.00261950446292758
