epoch,step,min,max,mean,std
1,1000,0.15183918178081512,0.15183918178081512,0.15183918178081512,0.0
