epoch,step,min,max,mean,std
1,10000,-0.003358732210472226,0.0049565923400223255,0.00028664732235483825,0.0010329742217436433
