epoch,step,min,max,mean,std
1,10000,-0.03192204609513283,0.01296850573271513,0.00012079104635631666,0.0035572974011301994
