epoch,step,min,max,mean,std
1,10000,-0.035437360405921936,0.0006604221416637301,-0.0017653447575867176,0.003563201054930687
