epoch,step,min,max,mean,std
1,10000,-0.026477530598640442,0.030672604218125343,-4.517849902185844e-06,0.0025050865951925516
