epoch,step,min,max,mean,std
1,10000,-0.0024980329908430576,0.003680576104670763,2.123354897776153e-05,0.00016105319082271308
