epoch,step,min,max,mean,std
1,10000,-0.15458713471889496,0.14163750410079956,0.002384343184530735,0.010664403438568115
