epoch,step,min,max,mean,std
1,10000,-0.13463880121707916,0.5343490242958069,0.013917739503085613,0.08116156607866287
