epoch,step,min,max,mean,std
1,10000,-0.2999696731567383,0.21414102613925934,0.021076710894703865,0.06248726323246956
