epoch,step,min,max,mean,std
1,10000,0.05321995168924332,0.05321995168924332,0.05321995168924332,0.0
