"2020-12-24 00:00:00",36507,12.42,79.37,0,0,287,5.623,209.5,11.51,12.11,11.52,0.396,0.325,9.4,9.18
"2020-12-24 00:10:00",36508,12.05,82.9,0,0,270.3,5.889,211.7,9.61,11.8,11.48,0.396,0.326,9.4,9.29
"2020-12-24 00:20:00",36509,11.77,85.5,0,0,350.9,5.263,208.5,11.87,11.57,11.46,0.396,0.326,9.4,7.98
"2020-12-24 00:30:00",36510,11.57,87.2,0.1,0,570.6,5.838,210.7,9.63,11.42,11.45,0.396,0.326,9.4,9.53
"2020-12-24 00:40:00",36511,11.33,89.1,0.2,0,667.7,3.686,224,11.54,11.21,11.43,0.396,0.326,9.39,5.4
"2020-12-24 00:50:00",36512,11.41,88.3,0,0,601.1,4.335,214,12.08,11.27,11.41,0.396,0.326,9.4,7.2
"2020-12-24 01:00:00",36513,11.47,87.1,0,0,491.1,4.993,210.1,10.86,11.29,11.39,0.396,0.326,9.39,7.84
"2020-12-24 01:10:00",36514,11.6,85,0,0,399.9,4.65,211.9,13.14,11.4,11.37,0.397,0.326,9.39,8.49
"2020-12-24 01:20:00",36515,11.78,81.7,0,0,343.7,5.132,215.8,13.53,11.53,11.35,0.396,0.327,9.38,9.55
"2020-12-24 01:30:00",36516,11.84,80.5,0,0,287.7,5.48,219.8,11.04,11.59,11.33,0.397,0.327,9.39,9.17
"2020-12-24 01:40:00",36517,11.75,78.75,0,0,261.9,4.887,216.4,10.02,11.51,11.31,0.397,0.326,9.38,7.31
"2020-12-24 01:50:00",36518,11.56,78.66,0,0,261.8,4.904,210.2,10.97,11.32,11.29,0.397,0.326,9.38,8.72
"2020-12-24 02:00:00",36519,11.39,80.5,0,0,261.8,5.451,216.9,10.94,11.19,11.27,0.397,0.327,9.37,8.8
"2020-12-24 02:10:00",36520,11.23,83.7,0,0,261.8,4.916,216.8,11.25,11.05,11.24,0.397,0.327,9.37,7.18
"2020-12-24 02:20:00",36521,11.21,84.9,0,0,262.8,4.832,218.4,13.4,11.09,11.21,0.397,0.327,9.36,7.06
"2020-12-24 02:30:00",36522,11.41,81.2,0,0,261.8,5.162,217,14.38,11.2,11.19,0.397,0.327,9.35,8.51
"2020-12-24 02:40:00",36523,11.22,84.1,0,0,261.8,4.551,219.9,10.77,11.02,11.17,0.397,0.327,9.36,8.08
"2020-12-24 02:50:00",36524,11.22,82.5,0,0,261.8,5.992,217.2,10.78,11.03,11.14,0.397,0.327,9.35,9.92
"2020-12-24 03:00:00",36525,11.08,80.6,0,0,261.8,5.545,223.8,12.08,10.9,11.12,0.397,0.327,9.35,8.29
"2020-12-24 03:10:00",36526,10.95,76.89,0,0,261.8,4.728,225.1,11.91,10.75,11.09,0.397,0.326,9.34,8.69
"2020-12-24 03:20:00",36527,10.7,76.4,0,0,261.8,4.284,223.2,13.83,10.4,11.06,0.397,0.326,9.34,6.68
"2020-12-24 03:30:00",36528,10.41,77.38,0,0,261.8,3.653,219,10.25,10.13,11.03,0.397,0.326,9.33,5.66
"2020-12-24 03:40:00",36529,10.42,77.23,0,0,261.8,4.577,232.6,9.49,10.16,10.99,0.397,0.326,9.33,7.54
"2020-12-24 03:50:00",36530,10.35,77.62,0,0,261.8,4.5,225.2,9.9,10.1,10.94,0.397,0.326,9.32,7.88
"2020-12-24 04:00:00",36531,10.26,78.07,0,0,261.8,4.613,220.2,11.25,10.05,10.89,0.397,0.326,9.32,8.04
"2020-12-24 04:10:00",36532,10.04,78.08,0,0,261.8,5.053,212.1,11.06,9.77,10.84,0.397,0.326,9.31,8.6
"2020-12-24 04:20:00",36533,9.87,78.3,0,0,263.4,4.402,217.4,10.49,9.6,10.79,0.397,0.326,9.31,6.52
"2020-12-24 04:30:00",36534,9.7,80.1,0,0,466.7,4.21,215.2,9.45,9.49,10.76,0.397,0.326,9.3,6.39
"2020-12-24 04:40:00",36535,9.56,81.8,0,0,586.4,3.413,221.5,8.94,9.36,10.72,0.397,0.326,9.29,5.48
"2020-12-24 04:50:00",36536,9.45,83.3,0.1,0,774.8,4.25,230.8,17.94,9.28,10.68,0.397,0.326,9.28,9.71
"2020-12-24 05:00:00",36537,9.6,81.4,0,0,685.6,4.638,234.5,12.49,9.3,10.64,0.398,0.326,9.28,7.44
"2020-12-24 05:10:00",36538,9.38,83.9,0.1,0,797.7,3.947,244.7,14.24,9.17,10.6,0.398,0.326,9.27,6.98
"2020-12-24 05:20:00",36539,9.28,84.3,0,0,818,3.955,231.2,14.95,9,10.56,0.398,0.326,9.26,7.12
"2020-12-24 05:30:00",36540,9.2,83.9,0,0,756.1,3.824,215.4,12.03,8.98,10.52,0.398,0.325,9.26,6.56
"2020-12-24 05:40:00",36541,9.22,82.6,0,0,772.1,3.898,217.7,14.53,8.95,10.48,0.398,0.325,9.25,7.66
"2020-12-24 05:50:00",36542,9.31,80.7,0,0,717.4,4.755,216.4,13.7,8.99,10.43,0.398,0.325,9.24,10.17
"2020-12-24 06:00:00",36543,9.27,80.7,0,0,662.2,4.526,213.1,12.44,8.94,10.39,0.398,0.325,9.23,7.61
"2020-12-24 06:10:00",36544,9.3,80.5,0,0,603.7,4.284,211,12.4,8.99,10.34,0.398,0.325,9.22,7.29
"2020-12-24 06:20:00",36545,9.45,78.83,0,0,522.5,4.606,200.1,10.83,9.17,10.29,0.398,0.325,9.21,7.03
"2020-12-24 06:30:00",36546,9.55,77.07,0,0,416.1,4.116,196.7,14.34,9.26,10.24,0.398,0.325,9.2,6.9
"2020-12-24 06:40:00",36547,9.79,74.79,0,0,331.2,4.51,195.7,13.45,9.49,10.2,0.398,0.324,9.19,8.26
"2020-12-24 06:50:00",36548,10.02,71.6,0,0,268.4,4.76,197.6,15.57,9.66,10.15,0.397,0.324,9.18,7.59
"2020-12-24 07:00:00",36549,10.09,69.82,0,0,261.2,4.281,196.7,12.24,9.67,10.12,0.397,0.324,9.17,6.99
"2020-12-24 07:10:00",36550,10.08,69.85,0,0,264.3,3.837,201.8,12.93,9.73,10.1,0.398,0.324,9.16,7.37
"2020-12-24 07:20:00",36551,10.07,69.96,0,0,306.2,4.884,203.9,13.84,9.72,10.06,0.398,0.324,9.15,7.58
"2020-12-24 07:30:00",36552,10,70.24,0,0,321.1,6.863,206.7,13.94,9.69,10.03,0.398,0.324,9.13,12.66
"2020-12-24 07:40:00",36553,9.59,72.66,0.1,0,383.9,7.656,209.1,14.01,9.32,10.01,0.398,0.324,9.12,12.15
"2020-12-24 07:50:00",36554,9.21,76.22,0.1,0,581.4,5.898,212.6,11.71,8.99,9.98,0.398,0.324,9.1,9.37
"2020-12-24 08:00:00",36555,9.13,76.95,0,0,556.3,6.032,203.5,12.22,8.91,9.95,0.398,0.323,9.09,11.76
"2020-12-24 08:10:00",36556,9.05,76.72,0,0.206,438.6,6.104,200.3,13.77,8.86,9.92,0.397,0.323,9.08,9.14
"2020-12-24 08:20:00",36557,8.76,78.54,0,0.367,430.9,5.416,197.8,13.28,8.59,9.89,0.397,0.323,9.07,9.09
"2020-12-24 08:30:00",36558,8.42,81.4,0.2,0.891,802,4.773,197.1,11.35,8.32,9.89,0.397,0.323,9.06,7.78
"2020-12-24 08:40:00",36559,8.18,83.7,0.1,2.271,897,4.899,197.1,13.8,8.1,9.87,0.398,0.323,9.04,9.08
"2020-12-24 08:50:00",36560,8.1,84.3,0.1,3.005,862,4.974,200.9,12.29,8.04,9.85,0.398,0.323,9.03,8.25
"2020-12-24 09:00:00",36561,8.04,84.4,0,8.8,894,5.183,202.1,12.51,7.987,9.83,0.398,0.322,9.01,8.89
"2020-12-24 09:10:00",36562,7.965,84.7,0.2,16.64,972,5.674,201.2,12.78,7.934,9.8,0.398,0.322,9,9.26
"2020-12-24 09:20:00",36563,7.83,86.2,0.2,14.65,993,4.542,205.1,9.58,7.797,9.78,0.398,0.322,8.99,7.51
"2020-12-24 09:30:00",36564,7.769,87,0.3,19.82,959,5.07,208.2,11.86,7.781,9.76,0.398,0.322,8.98,7.94
"2020-12-24 09:40:00",36565,7.686,88.1,0.2,30.82,880,4.534,210.2,10.31,7.729,9.74,0.398,0.322,8.96,8.7
"2020-12-24 09:50:00",36566,7.66,88.9,0.2,40.22,932,4.883,214,12.99,7.756,9.72,0.398,0.322,8.95,6.9
"2020-12-24 10:00:00",36567,7.62,89.1,0.5,36.05,901,5.005,219.2,12.17,7.711,9.71,0.398,0.322,8.94,7.58
"2020-12-24 10:10:00",36568,7.559,90,0.4,24.88,893,4.879,222.1,13.03,7.674,9.69,0.398,0.322,8.92,9.1
"2020-12-24 10:20:00",36569,7.533,90.7,0.3,42.09,731.5,4.929,223.7,12.65,7.65,9.67,0.398,0.322,8.91,8.16
"2020-12-24 10:30:00",36570,7.609,90.5,0.3,50.01,826,5.005,221.1,12.53,7.76,9.67,0.398,0.322,8.9,7.96
"2020-12-24 10:40:00",36571,7.642,90.5,0.3,34.05,837,4.639,222.9,10.39,7.774,9.66,0.398,0.322,8.89,7.71
"2020-12-24 10:50:00",36572,7.608,91,0.1,36.11,518.2,4.482,223,15.36,7.757,9.64,0.398,0.322,8.87,7.74
"2020-12-24 11:00:00",36573,7.667,90.6,0,50.21,343,4.905,215.3,14.68,7.846,9.62,0.399,0.323,8.86,8.01
"2020-12-24 11:10:00",36574,7.877,89.5,0,92.4,301.4,4.96,219.2,11.4,8.04,9.62,0.399,0.323,8.84,8.14
"2020-12-24 11:20:00",36575,8.08,88.9,0,129.3,280.3,4.572,224.3,12.86,8.28,9.62,0.399,0.324,8.84,6.85
"2020-12-24 11:30:00",36576,8.18,88.5,0,131.9,395.5,4.355,224.4,14.82,8.4,9.64,0.399,0.324,8.82,8.51
"2020-12-24 11:40:00",36577,8.27,87.8,0.2,71.91,610.7,4.372,221.5,12.98,8.44,9.68,0.399,0.324,8.81,7.26
"2020-12-24 11:50:00",36578,8.35,87.3,0,115.8,725.5,4.411,223.6,11.84,8.51,9.7,0.4,0.325,8.8,7.03
"2020-12-24 12:00:00",36579,8.67,84.5,0,129,626.7,6.14,218.5,14.2,8.78,9.72,0.4,0.325,8.79,9.67
"2020-12-24 12:10:00",36580,8.83,83.4,0,122.8,536.8,5.303,221.4,12.08,8.94,9.75,0.4,0.326,8.78,8.14
"2020-12-24 12:20:00",36581,9,82.3,0,173.2,410.8,6.377,216.8,10.52,9.13,9.76,0.401,0.326,8.77,11.95
"2020-12-24 12:30:00",36582,9.18,81.5,0,180,359.1,5.797,223.9,10.45,9.35,9.79,0.401,0.326,8.75,8.87
"2020-12-24 12:40:00",36583,9.18,81.6,0,208.9,318,6.237,220.1,13.91,9.42,9.82,0.401,0.326,8.75,9.78
"2020-12-24 12:50:00",36584,9,82.3,0,108.9,297.2,6.028,217.7,11.65,9.19,9.85,0.401,0.326,8.74,9.92
"2020-12-24 13:00:00",36585,8.79,83.7,0,118,289.1,5.773,222,14.34,8.97,9.89,0.401,0.327,8.73,8.9
"2020-12-24 13:10:00",36586,8.77,83.5,0,94.9,284.1,5.806,222.9,11.14,8.93,9.91,0.401,0.327,8.72,10.34
"2020-12-24 13:20:00",36587,8.8,83.6,0,127.8,272.4,5.494,223.5,14.32,8.97,9.93,0.402,0.327,8.71,9.5
"2020-12-24 13:30:00",36588,8.49,85.4,0.1,97.3,485.8,6.06,231,12.59,8.71,9.96,0.402,0.327,8.71,9.35
"2020-12-24 13:40:00",36589,8.31,87.1,0,82.1,635.2,4.942,239.9,14.3,8.51,9.98,0.402,0.327,8.7,9.02
"2020-12-24 13:50:00",36590,8.21,88.5,0,48.74,779,3.675,255.6,11.63,8.39,9.99,0.402,0.327,8.7,6.55
"2020-12-24 14:00:00",36591,7.871,91.8,0.4,27.17,1016,3.363,272.5,12.24,8.05,10.02,0.402,0.327,8.69,5.41
"2020-12-24 14:10:00",36592,7.609,94.4,0.3,36.42,1028,3.484,278,12.41,7.834,10.02,0.402,0.327,8.69,5.1
"2020-12-24 14:20:00",36593,7.559,95.2,0.2,35.08,976,3.122,254.6,23.29,7.794,10.01,0.402,0.327,8.69,5.42
"2020-12-24 14:30:00",36594,7.7,93.3,0.1,34.91,669.9,4.289,246,14.14,7.926,10,0.402,0.327,8.68,6.93
"2020-12-24 14:40:00",36595,7.784,92.7,0.3,38.75,879,3.495,249.7,10.96,7.957,10,0.402,0.327,8.68,6.33
"2020-12-24 14:50:00",36596,7.75,92.7,0,31.44,898,4.13,242.5,13.11,7.933,9.99,0.402,0.327,8.68,6.31
"2020-12-24 15:00:00",36597,7.634,93.7,0.2,33.63,995,3.65,235.6,12.43,7.856,9.99,0.403,0.327,8.67,6.03
"2020-12-24 15:10:00",36598,7.606,94.5,0.1,35.64,963,3.583,225.6,14.61,7.838,9.98,0.403,0.327,8.67,7.74
"2020-12-24 15:20:00",36599,7.653,94.4,0,33.71,926,3.928,217.4,11.33,7.896,9.97,0.403,0.328,8.67,7.19
"2020-12-24 15:30:00",36600,7.713,93.4,0,30.74,921,4.487,209.4,10.74,7.923,9.95,0.403,0.328,8.67,8.03
"2020-12-24 15:40:00",36601,7.79,92.8,0,25.63,889,4.177,206.7,10.2,7.959,9.95,0.403,0.328,8.66,7.49
"2020-12-24 15:50:00",36602,7.763,92.8,0,19.49,873,3.543,205.7,10.08,7.907,9.93,0.404,0.329,8.66,5.21
"2020-12-24 16:00:00",36603,7.728,92.6,0,13.78,853,3.457,194.6,14.34,7.876,9.92,0.404,0.329,8.66,5.58
"2020-12-24 16:10:00",36604,7.716,92.3,0,6.19,829,2.781,199.4,12.99,7.832,9.92,0.404,0.329,8.66,5.35
"2020-12-24 16:20:00",36605,7.704,91.8,0,3.451,810,1.737,213.4,12.92,7.793,9.9,0.404,0.329,8.66,3.2
"2020-12-24 16:30:00",36606,7.64,92.1,0,1.514,793.3,1.985,207.1,14.33,7.714,9.88,0.404,0.329,8.65,3.47
"2020-12-24 16:40:00",36607,7.568,93,0,0.952,774.8,2.026,204.9,10.49,7.647,9.87,0.404,0.33,8.65,3.6
"2020-12-24 16:50:00",36608,7.513,93.9,0,0.284,756,1.718,195.7,13.35,7.585,9.85,0.404,0.33,8.64,2.76
"2020-12-24 17:00:00",36609,7.447,94.7,0,0,741,1.104,210,13.49,7.53,9.84,0.404,0.33,8.64,2.14
"2020-12-24 17:10:00",36610,7.388,95.1,0,0,727.7,1.444,204.8,7.944,7.476,9.81,0.405,0.33,8.64,2.03
"2020-12-24 17:20:00",36611,7.345,95.4,0,0,713.7,1.638,200.4,11.54,7.439,9.79,0.405,0.33,8.63,2.21
"2020-12-24 17:30:00",36612,7.327,95.5,0,0,700,1.917,201.1,11.04,7.425,9.78,0.405,0.33,8.63,2.78
"2020-12-24 17:40:00",36613,7.254,95.6,0,0,686.8,2.426,201.9,11.96,7.353,9.76,0.405,0.33,8.63,4.16
"2020-12-24 17:50:00",36614,7.167,95.8,0,0,670.9,2.734,215.4,9.47,7.275,9.74,0.405,0.33,8.63,4.06
"2020-12-24 18:00:00",36615,7.122,95.9,0,0,658.6,2.155,213.7,10.37,7.223,9.72,0.405,0.33,8.62,3.94
"2020-12-24 18:10:00",36616,7.084,96.1,0,0,646.3,2.302,217,9.61,7.185,9.7,0.405,0.33,8.61,3.76
"2020-12-24 18:20:00",36617,7.084,96,0,0,630.2,2.289,212.2,10.4,7.182,9.68,0.405,0.33,8.61,4.12
"2020-12-24 18:30:00",36618,7.091,95.9,0,0,613.3,2.314,216.3,10.9,7.185,9.66,0.405,0.329,8.61,3.2
"2020-12-24 18:40:00",36619,7.105,95.8,0,0,588.9,2.438,217,9.78,7.191,9.64,0.405,0.329,8.6,3.55
"2020-12-24 18:50:00",36620,7.083,95.7,0,0,564.1,2.388,211.3,7.517,7.181,9.61,0.405,0.329,8.59,3.27
"2020-12-24 19:00:00",36621,7.046,95.7,0.1,0,622.8,2.69,209.5,9.96,7.162,9.6,0.405,0.329,8.59,4.06
"2020-12-24 19:10:00",36622,6.954,96,0.2,0,1018,2.836,219.5,10.6,7.075,9.59,0.405,0.329,8.59,4.62
"2020-12-24 19:20:00",36623,6.874,96.2,0.3,0,1075,3.442,227.5,16.69,7.018,9.57,0.405,0.329,8.58,7.54
"2020-12-24 19:30:00",36624,5.569,95.5,0.8,0,838,6.013,322.4,20.82,5.874,9.52,0.405,0.329,8.57,8.35
"2020-12-24 19:40:00",36625,5.074,96.1,0.5,0,822,5.322,335.5,9.02,5.314,9.4,0.405,0.329,8.57,7.97
"2020-12-24 19:50:00",36626,4.784,96.1,0.7,0,791.4,5.258,335.6,10.24,5.039,9.28,0.405,0.329,8.57,7.51
"2020-12-24 20:00:00",36627,4.503,95.7,0.6,0,799.2,5.477,337.8,10.9,4.768,9.18,0.405,0.329,8.56,7.66
"2020-12-24 20:10:00",36628,4.285,95.1,0.7,0,782.4,4.952,340.5,10.29,4.518,9.05,0.406,0.33,8.55,8.23
"2020-12-24 20:20:00",36629,4.131,95,0.5,0,794.6,4.855,341.2,8.68,4.37,8.94,0.406,0.331,8.54,8.13
"2020-12-24 20:30:00",36630,4.157,94.5,0.5,0,735.3,5.112,342.7,10.78,4.378,8.83,0.407,0.332,8.54,9.32
"2020-12-24 20:40:00",36631,4.168,94.9,0.5,0,778.8,4.342,345.1,10.78,4.377,8.72,0.407,0.333,8.53,8.49
"2020-12-24 20:50:00",36632,4.062,94.5,0.4,0,716.1,6.149,340,14.02,4.296,8.64,0.408,0.334,8.52,9.27
"2020-12-24 21:00:00",36633,4.014,93.9,0.5,0,688.2,6.066,343.5,11.65,4.206,8.51,0.409,0.336,8.51,10.1
"2020-12-24 21:10:00",36634,3.639,94.9,0.6,0,884,4.952,320.4,12.37,3.896,8.45,0.41,0.338,8.5,9.16
"2020-12-24 21:20:00",36635,3.366,95.3,0.5,0,836,4.938,331.6,12.2,3.644,8.4,0.411,0.341,8.49,7.33
"2020-12-24 21:30:00",36636,3.264,95.3,0.7,0,903,4.312,325.9,12.98,3.529,8.3,0.413,0.344,8.49,7.17
"2020-12-24 21:40:00",36637,2.97,95.4,0.9,0,894,5.104,327.3,9.08,3.258,8.25,0.415,0.35,8.47,7.61
"2020-12-24 21:50:00",36638,2.754,95.5,0.8,0,944,4.122,324.9,12.02,3.012,8.17,0.418,0.358,8.46,6.47
"2020-12-24 22:00:00",36639,2.779,96,0.7,0,958,3.12,329.1,11.84,3.034,8.11,0.424,0.368,8.45,5.58
"2020-12-24 22:10:00",36640,2.755,96.1,0.6,0,975,3.321,316,11.69,3.014,8.05,0.429,0.378,8.43,5.59
"2020-12-24 22:20:00",36641,2.696,96.2,0.8,0,959,3.834,320.2,14.02,2.956,7.998,0.434,0.382,8.42,6.24
"2020-12-24 22:30:00",36642,2.447,96,0.8,0,995,3.601,324.2,9.71,2.705,7.916,0.437,0.384,8.4,5.22
"2020-12-24 22:40:00",36643,2.19,96.2,0.8,0,1058,2.864,321.2,17.94,2.446,7.833,0.439,0.385,8.38,5.02
"2020-12-24 22:50:00",36644,1.948,96.5,0.7,0,1106,2.764,299.4,13.7,2.2,7.773,0.439,0.385,8.36,4.78
"2020-12-24 23:00:00",36645,1.713,96.8,0.5,0,1074,2.23,298.3,10.41,1.953,7.728,0.44,0.384,8.33,3.84
"2020-12-24 23:10:00",36646,1.428,97.1,0.4,0,1148,1.549,301.9,11.64,1.646,7.674,0.44,0.382,8.31,2.52
"2020-12-24 23:20:00",36647,1.306,97.4,0.5,0,1097,1.095,270.6,12.96,1.479,7.61,0.44,0.38,8.29,1.6
"2020-12-24 23:30:00",36648,1.235,97.6,0.3,0,1077,1.774,232.4,18.7,1.499,7.554,0.44,0.379,8.27,2.72
"2020-12-24 23:40:00",36649,1.095,97.8,0.2,0,1101,2.129,212.4,6.319,1.462,7.494,0.439,0.377,8.24,2.98
"2020-12-24 23:50:00",36650,1.203,98.1,0.2,0,1112,1.716,221.9,13.2,1.551,7.427,0.439,0.376,8.22,3
"2020-12-25 00:00:00",36651,1.381,98.3,0.1,0,1104,2.242,205.6,11.44,1.758,7.364,0.439,0.373,8.2,3.51
"2020-12-25 00:10:00",36652,1.363,98.3,0.1,0,1084,2.788,207.1,13.08,1.784,7.308,0.438,0.371,8.17,4.4
"2020-12-25 00:20:00",36653,1.143,98.3,0,0,1054,3.468,210.8,9.17,1.612,7.258,0.438,0.37,8.15,6.18
"2020-12-25 00:30:00",36654,1.077,98.4,0.2,0,1073,4.275,210.7,7.804,1.528,7.211,0.438,0.368,8.12,5.69
"2020-12-25 00:40:00",36655,1.141,98.5,0.2,0,1083,3.708,212.2,10.65,1.566,7.168,0.437,0.367,8.1,5.45
"2020-12-25 00:50:00",36656,1.228,98.5,0.1,0,1080,3.074,214.7,10.11,1.622,7.127,0.437,0.365,8.07,4.67
"2020-12-25 01:00:00",36657,1.348,98.5,0.2,0,1073,3.321,213.8,8.51,1.741,7.086,0.436,0.364,8.04,4.78
"2020-12-25 01:10:00",36658,1.42,98.5,0.1,0,1084,3.443,212.5,8.42,1.807,7.051,0.436,0.362,8.02,5.2
"2020-12-25 01:20:00",36659,1.514,98.5,0.1,0,1113,3.354,209.8,10.68,1.899,7.018,0.436,0.361,7.99,4.79
"2020-12-25 01:30:00",36660,1.593,98.4,0.1,0,1050,2.763,217.6,10.69,1.946,6.986,0.435,0.359,7.969,4.49
"2020-12-25 01:40:00",36661,1.648,98.5,0.1,0,1037,2.172,219.1,12.25,1.999,6.961,0.435,0.359,7.943,3.56
"2020-12-25 01:50:00",36662,1.715,98.5,0,0,1022,3.013,209.5,8.67,2.088,6.936,0.435,0.358,7.913,4.3
"2020-12-25 02:00:00",36663,1.852,98.5,0,0,902,2.628,216.1,9.02,2.197,6.911,0.435,0.357,7.887,3.93
"2020-12-25 02:10:00",36664,1.937,98.5,0,0,846,2.928,217,8.24,2.285,6.896,0.435,0.356,7.864,4.07
"2020-12-25 02:20:00",36665,2.014,98.4,0,0,798.5,3.441,216.5,7.285,2.36,6.878,0.434,0.354,7.843,4.82
"2020-12-25 02:30:00",36666,2.122,98.3,0,0,794.7,2.931,218,9.66,2.451,6.866,0.434,0.353,7.812,4.69
"2020-12-25 02:40:00",36667,2.224,98.2,0,0,792.6,3.314,220.9,9.43,2.544,6.854,0.433,0.352,7.792,5.52
"2020-12-25 02:50:00",36668,2.333,98,0,0,783.8,3.183,219.3,8.56,2.645,6.846,0.433,0.351,7.766,4.35
"2020-12-25 03:00:00",36669,2.425,97.9,0,0,789.7,2.983,220.9,10.51,2.731,6.839,0.433,0.35,7.743,4.78
"2020-12-25 03:10:00",36670,2.475,97.8,0.1,0,852,3.026,220.6,9.6,2.771,6.841,0.432,0.349,7.718,4.65
"2020-12-25 03:20:00",36671,2.537,97.7,0,0,948,3.124,212.7,8.59,2.824,6.835,0.432,0.347,7.7,3.83
"2020-12-25 03:30:00",36672,2.614,97.7,0,0,1037,3.1,210.4,8.58,2.904,6.834,0.431,0.346,7.674,4.5
"2020-12-25 03:40:00",36673,2.688,97.6,0.1,0,1021,3.053,203.5,9.36,2.972,6.839,0.431,0.344,7.651,4.4
"2020-12-25 03:50:00",36674,2.727,97.6,0,0,985,2.631,209.1,9.53,3.003,6.841,0.431,0.343,7.631,3.89
"2020-12-25 04:00:00",36675,2.744,97.6,0.1,0,1017,2.622,215.7,10.09,3.017,6.841,0.431,0.342,7.607,3.84
"2020-12-25 04:10:00",36676,2.76,97.7,0,0,964,2.638,216,10.56,3.035,6.842,0.43,0.342,7.587,4.32
"2020-12-25 04:20:00",36677,2.778,97.7,0,0,976,2.578,216.8,11.79,3.056,6.842,0.43,0.34,7.566,3.69
"2020-12-25 04:30:00",36678,2.819,97.8,0.1,0,986,3.108,211.1,8.47,3.106,6.843,0.43,0.339,7.547,4.64
"2020-12-25 04:40:00",36679,2.876,97.8,0,0,1088,3.021,211.1,9.76,3.165,6.847,0.429,0.339,7.534,4.24
"2020-12-25 04:50:00",36680,2.908,97.7,0.2,0,1098,3.466,210.8,8,3.196,6.848,0.429,0.338,7.504,5.23
"2020-12-25 05:00:00",36681,2.953,97.7,0.1,0,1109,2.913,210.9,7.507,3.229,6.849,0.429,0.337,7.492,4.48
"2020-12-25 05:10:00",36682,2.99,97.8,0,0,1056,2.897,213.3,7.338,3.265,6.855,0.429,0.336,7.466,4.2
"2020-12-25 05:20:00",36683,3.033,97.7,0.1,0,1105,2.951,211.1,9.05,3.299,6.851,0.428,0.335,7.452,4.35
"2020-12-25 05:30:00",36684,3.082,97.7,0,0,974,2.8,215.5,7.894,3.335,6.85,0.428,0.335,7.435,3.65
"2020-12-25 05:40:00",36685,3.112,97.5,0,0,943,3.087,218.4,8.52,3.357,6.849,0.428,0.334,7.414,4.47
"2020-12-25 05:50:00",36686,3.122,97.6,0,0,978,3.044,214.8,7.139,3.368,6.842,0.428,0.333,7.406,3.99
"2020-12-25 06:00:00",153922,3.385,100,0,0,367.4,1.945,230.6,9.6,3.26,6.269,0.221,0.054,7.252,2.89,XXXX,XXXX,XXXX,XXXX,von STS
"2020-12-25 06:10:00",153923,3.416,100,0,0,402.9,2.205,239.7,7.336,3.31,6.261,0.221,0.054,7.244,2.83
"2020-12-25 06:20:00",153924,3.507,100,0.1,0,455.5,1.612,226.4,11.41,3.41,6.252,0.22,0.054,7.233,2.95
"2020-12-25 06:30:00",153925,3.513,100,0,0,471.2,1.771,229,19.06,3.418,6.243,0.22,0.054,7.221,2.87
"2020-12-25 06:40:00",153926,3.549,100,0.1,0,465.4,2.037,245,14.49,3.452,6.232,0.219,0.053,7.213,3.13
"2020-12-25 06:50:00",153927,3.63,100,0,0,391.5,1.517,229.7,11.51,3.48,6.227,0.219,0.053,7.202,2.1
"2020-12-25 07:00:00",153928,3.634,100,0,0,336.7,1.969,239.8,9.09,3.492,6.217,0.219,0.053,7.193,2.61
"2020-12-25 07:10:00",153929,3.631,99.6,0,0,311.2,1.889,236.2,7.269,3.468,6.21,0.218,0.053,7.185,2.56
"2020-12-25 07:20:00",153930,3.639,98.8,0,0,314.4,1.857,239,7.028,3.439,6.207,0.218,0.053,7.173,2.55
"2020-12-25 07:30:00",153931,3.656,98.2,0,0,306.2,1.52,234.4,7.183,3.419,6.197,0.218,0.053,7.165,2.36
"2020-12-25 07:40:00",153932,3.646,97.9,0,0,296.2,1.634,237.8,11.1,3.407,6.193,0.217,0.053,7.158,2.46
"2020-12-25 07:50:00",153933,3.614,97.6,0,0,289.6,1.477,245.8,8.08,3.36,6.188,0.217,0.053,7.148,1.96
"2020-12-25 08:00:00",153934,3.52,97.9,0,0.039,289.5,1.115,241.3,11.36,3.252,6.176,0.217,0.053,7.139,1.59
"2020-12-25 08:10:00",153935,3.484,97.9,0,0.332,287.1,1.208,264,23.69,3.2,6.171,0.216,0.053,7.133,1.8
"2020-12-25 08:20:00",153936,3.546,97.2,0,0.632,282.4,1.143,274.5,11.95,3.249,6.167,0.216,0.053,7.119,1.59
"2020-12-25 08:30:00",153937,3.542,97,0,1.075,279.8,1.163,278.6,11.59,3.279,6.157,0.216,0.052,7.112,2.06
"2020-12-25 08:40:00",153938,3.522,97.1,0,2.798,279.3,1.161,276.5,12.97,3.241,6.153,0.215,0.052,7.102,2.14
"2020-12-25 08:50:00",153939,3.549,96.9,0,4.771,277.9,1.369,295.4,15.62,3.243,6.147,0.215,0.052,7.094,2.48
"2020-12-25 09:00:00",153940,3.659,96.3,0,7.376,275.5,1.488,300.7,12.64,3.332,6.14,0.215,0.052,7.091,2.38
"2020-12-25 09:10:00",153941,3.692,96.1,0,8.82,293.4,1.489,301.8,13.92,3.367,6.134,0.214,0.052,7.077,2.24
"2020-12-25 09:20:00",153942,3.79,96.2,0,18.87,318.1,1.919,313.2,9.03,3.554,6.127,0.214,0.052,7.074,2.95
"2020-12-25 09:30:00",153943,4.009,95.3,0,44.85,308.8,2.095,314.6,10.66,3.824,6.119,0.214,0.052,7.062,3.55
"2020-12-25 09:40:00",153944,4.17,94.2,0,52,282.3,2.625,316.2,10.71,4.024,6.117,0.213,0.052,7.054,4.92
"2020-12-25 09:50:00",153945,4.244,93.3,0,45.39,270.1,2.234,315.5,11.23,4.088,6.115,0.213,0.052,7.046,3.85
"2020-12-25 10:00:00",153946,4.249,92.7,0,39.52,269.8,2.226,318.4,15.78,4.106,6.115,0.213,0.052,7.04,4.25
"2020-12-25 10:10:00",153947,4.226,91.8,0,47.78,319.1,2.529,319.1,13.97,4.109,6.122,0.213,0.052,7.032,4.4
"2020-12-25 10:20:00",153948,4.204,91.7,0,57.31,380.2,2.506,320.8,13.46,4.128,6.133,0.212,0.052,7.026,4.59
"2020-12-25 10:30:00",153949,4.337,90.4,0,93.8,347.1,2.968,320.2,12.73,4.283,6.139,0.212,0.052,7.018,4.4
"2020-12-25 10:40:00",153950,4.454,89.6,0,107.1,281.6,3.044,318.6,10,4.438,6.148,0.212,0.051,7.01,5.21
"2020-12-25 10:50:00",153951,4.437,88.1,0,102.6,266.8,3.533,328.8,13.93,4.416,6.158,0.211,0.051,7.001,5.82
"2020-12-25 11:00:00",153952,4.402,87.7,0,90.5,266.3,3.375,328.8,16.44,4.393,6.179,0.211,0.051,7,5.6
"2020-12-25 11:10:00",153953,4.381,86.3,0,104.8,265.9,3.593,328.8,14.58,4.377,6.197,0.211,0.051,6.995,5.66
"2020-12-25 11:20:00",153954,4.388,86.3,0,92.9,265.9,3.288,325.3,15.93,4.414,6.219,0.211,0.051,6.983,5.67
"2020-12-25 11:30:00",153955,4.375,85.7,0,107.5,265.9,3.686,325.7,16.14,4.428,6.239,0.21,0.051,6.982,5.46
"2020-12-25 11:40:00",153956,4.399,85.6,0,114.8,265.7,3.055,328.7,12.99,4.484,6.26,0.21,0.051,6.979,4.72
"2020-12-25 11:50:00",153957,4.457,85.7,0,124.9,265.4,3.016,322.8,17.14,4.57,6.277,0.21,0.051,6.979,4.86
"2020-12-25 12:00:00",153958,4.308,84.8,0,85.8,265.3,3.698,324,12.37,4.384,6.299,0.21,0.051,6.974,6.46
"2020-12-25 12:10:00",153959,4.182,85.8,0,60.42,265.3,3.191,319.2,11.79,4.219,6.321,0.209,0.051,6.976,5.11
"2020-12-25 12:20:00",153960,4.162,85,0,70.56,265.3,3.283,321.4,14.58,4.199,6.342,0.209,0.051,6.979,5.12
"2020-12-25 12:30:00",153961,4.213,85.4,0,70.64,265.3,3.097,324.5,15.69,4.27,6.358,0.209,0.051,6.972,4.78
"2020-12-25 12:40:00",153962,4.254,83,0,81.4,265.3,3.391,335.2,12.08,4.32,6.369,0.209,0.051,6.974,4.98
"2020-12-25 12:50:00",153963,4.28,77.87,0,92.9,265,3.692,341.3,13.72,4.317,6.378,0.209,0.051,6.973,6.01
"2020-12-25 13:00:00",153964,4.336,76.47,0,102.1,264.6,3.439,330.7,14.24,4.36,6.383,0.208,0.051,6.976,4.97
"2020-12-25 13:10:00",153965,4.498,75.32,0,157.9,264.6,2.906,343.2,17.7,4.653,6.391,0.208,0.051,6.974,4.57
"2020-12-25 13:20:00",153966,4.652,75.7,0,227.6,264.6,2.788,344.3,14.9,4.893,6.404,0.208,0.051,6.974,4.77
"2020-12-25 13:30:00",153967,4.87,75.1,0,268.3,264,2.971,354,22.15,5.305,6.416,0.208,0.051,6.985,4.31
"2020-12-25 13:40:00",153968,4.87,74.62,0,251.2,263.9,2.725,357.4,16.42,5.241,6.439,0.207,0.051,6.985,4.12
"2020-12-25 13:50:00",36687,4.317,75.41,0,211,261.4,4.138,355.2,10.31,4.651,7.072,0.418,0.308,6.938,5.56
"2020-12-25 14:00:00",36688,4.447,74.36,0,180.3,261.4,3.278,354,10.06,4.723,7.028,0.418,0.308,6.941,4.5
"2020-12-25 14:10:00",36689,4.639,73.58,0,187.9,261.4,2.977,350.4,14.85,4.981,7.004,0.418,0.307,6.942,4.28
"2020-12-25 14:20:00",36690,4.397,74.65,0,91.5,261.4,3.072,343,11.41,4.566,6.996,0.418,0.307,6.937,4.56
"2020-12-25 14:30:00",36691,4.296,74.1,0,80.3,261.4,3.038,356.9,10.38,4.316,6.969,0.417,0.306,6.936,5.38
"2020-12-25 14:40:00",36692,4.343,75.2,0,85.9,261.4,2.401,358.9,15.98,4.395,6.957,0.417,0.306,6.936,3.62
"2020-12-25 14:50:00",36693,4.426,75.25,0,74.39,261.4,2.471,349.2,12.74,4.522,6.96,0.417,0.306,6.943,4.05
"2020-12-25 15:00:00",36694,4.615,75.94,0,103.1,261.4,2.509,357.8,13.62,4.731,6.958,0.417,0.305,6.933,3.5
"2020-12-25 15:10:00",36695,4.642,74.88,0,49.98,261.4,2.741,353.5,21.52,4.742,6.964,0.417,0.305,6.933,4.35
"2020-12-25 15:20:00",36696,4.346,77.08,0,37.45,261.4,3.171,328.8,9.37,4.374,6.961,0.417,0.305,6.942,4.99
"2020-12-25 15:30:00",36697,4.434,75.47,0,75.03,261.3,3.017,334.3,7.407,4.449,6.968,0.416,0.304,6.944,4.83
"2020-12-25 15:40:00",36698,4.414,76.25,0,43.18,261.3,2.979,326.7,9.63,4.442,6.963,0.416,0.304,6.937,4.49
"2020-12-25 15:50:00",36699,4.008,77.45,0,44.98,261.4,2.43,327.6,8.12,3.875,6.948,0.416,0.303,6.939,3.81
"2020-12-25 16:00:00",36700,4.293,76.74,0,64.78,261.4,2.025,317.9,10.88,4.096,6.942,0.416,0.303,6.935,4.04
"2020-12-25 16:10:00",36701,4.133,76.04,0,32.56,261.4,2.671,323.4,9.06,3.898,6.941,0.416,0.303,6.938,3.61
"2020-12-25 16:20:00",36702,3.447,79,0,14.02,261.9,1.926,327.9,4.376,3.069,6.895,0.416,0.302,6.932,2.99
"2020-12-25 16:30:00",36703,2.955,80.9,0,7.596,262.1,1.299,331.1,9.66,2.182,6.852,0.416,0.302,6.934,1.81
"2020-12-25 16:40:00",36704,2.802,80.6,0,4.204,262.1,0.906,331,15.51,1.664,6.816,0.416,0.302,6.935,1.59
"2020-12-25 16:50:00",36705,2.537,81.2,0,1.893,262.9,0.85,339.6,15.49,1.25,6.765,0.415,0.302,6.93,1.34
"2020-12-25 17:00:00",36706,1.994,83.7,0,0.691,264.4,0.69,20.68,27.28,0.671,6.708,0.415,0.301,6.922,1.1
"2020-12-25 17:10:00",36707,1.685,86,0,0.084,266.1,0.642,67.94,32.02,0.128,6.646,0.415,0.301,6.92,0.94
"2020-12-25 17:20:00",36708,1.023,88.7,0,0,270.1,0.71,134.4,13.88,-0.073,6.585,0.415,0.301,6.922,0.97
"2020-12-25 17:30:00",36709,0.546,90.6,0,0,283.2,0.573,135.2,28.45,-0.335,6.511,0.415,0.3,6.917,0.92
"2020-12-25 17:40:00",36710,0.366,92.1,0,0,290.7,0.631,109.4,9.86,-0.577,6.435,0.415,0.3,6.908,0.8
"2020-12-25 17:50:00",36711,0.357,93.1,0,0,299.4,0.431,150.5,61.1,-0.591,6.359,0.414,0.299,6.911,0.7
"2020-12-25 18:00:00",36712,0.118,93.7,0,0,308.1,0.336,113.6,63.47,-0.695,6.278,0.414,0.299,6.895,0.58
"2020-12-25 18:10:00",36713,-0.026,94.4,0,0,311.8,0.461,121.4,32.08,-0.599,6.212,0.414,0.298,6.887,0.74
"2020-12-25 18:20:00",36714,-0.111,95.1,0,0,319.4,0.259,135.9,47.59,-0.599,6.149,0.414,0.298,6.882,0.55
"2020-12-25 18:30:00",36715,-0.21,95.5,0,0,326.3,0.411,115.4,52.65,-0.695,6.084,0.414,0.298,6.866,0.82
"2020-12-25 18:40:00",36716,-0.158,95.8,0,0,327.8,0.298,107,35.42,-0.399,6.031,0.414,0.297,6.859,0.74
"2020-12-25 18:50:00",36717,-0.097,96.1,0,0,329.9,0.219,217.2,48.98,-0.173,5.982,0.414,0.297,6.855,0.59
"2020-12-25 19:00:00",36718,0.186,96.6,0,0,335.3,0.727,182.7,20.64,0.048,5.932,0.413,0.297,6.841,1.17
"2020-12-25 19:10:00",36719,0.238,96.8,0,0,342.5,0.274,161,44.78,0.032,5.901,0.413,0.297,6.823,0.63
"2020-12-25 19:20:00",36720,0.005,96.9,0,0,353.6,0.487,199.7,81.9,-0.487,5.851,0.413,0.296,6.806,1.02
"2020-12-25 19:30:00",36721,-0.037,97.1,0,0,366.9,0.41,129.7,43.46,-0.6,5.802,0.413,0.296,6.793,0.62,XXXX,XXXX,XXXX,XXXX,STS
"2020-12-25 19:40:00",90737,-0.31,97.9,0,0,290.4,1.734,113.3,9.53,-0.468,6.339,0.346,0.155,7.501,2.35
"2020-12-25 19:50:00",90738,-0.372,98.3,0,0,298.1,1.45,107.4,6.358,-0.562,6.32,0.346,0.155,7.492,2.1
"2020-12-25 20:00:00",90739,-0.498,98.5,0,0,308.8,1.22,120.5,8.11,-0.672,6.3,0.346,0.155,7.484,1.8
"2020-12-25 20:10:00",90740,-0.554,98.9,0,0,322.2,1.181,117,9.85,-0.785,6.282,0.346,0.155,7.475,1.48
"2020-12-25 20:20:00",90741,-0.637,99.1,0,0,337,1.382,117.3,10.31,-0.824,6.261,0.346,0.155,7.468,1.93
"2020-12-25 20:30:00",90742,-0.546,99.2,0,0,352.2,1.579,105,12.94,-0.772,6.241,0.346,0.155,7.458,2.07
"2020-12-25 20:40:00",90743,-0.745,99,0,0,368.1,1.576,114.6,10.37,-0.888,6.22,0.346,0.155,7.445,2.6
"2020-12-25 20:50:00",90744,-0.824,99.5,0,0,389.3,1.302,121.9,6.285,-0.953,6.198,0.345,0.155,7.436,2.13
"2020-12-25 21:00:00",90745,-0.862,99.7,0,0,414.1,1.093,118.3,28.58,-1.118,6.174,0.345,0.155,7.429,1.68
"2020-12-25 21:10:00",90746,-0.926,99.9,0,0,432.8,0.836,120.1,46.09,-1.295,6.153,0.345,0.154,7.419,1.56
"2020-12-25 21:20:00",90747,-1.045,99.8,0,0,447.4,0.802,146.1,19.79,-1.485,6.131,0.345,0.154,7.409,1.09
"2020-12-25 21:30:00",90748,-1.011,99.9,0,0,462,1.059,98.3,15.69,-1.481,6.107,0.345,0.154,7.396,1.73
"2020-12-25 21:40:00",90749,-1.061,99.8,0,0,473.8,0.873,128.2,22.91,-1.381,6.086,0.345,0.154,7.384,1.38
"2020-12-25 21:50:00",154017,-1.543,100,0,0,279.7,0.495,160.2,36.9,-2.264,4.804,0.199,0.048,6.528,1.12
"2020-12-25 22:00:00",154018,-1.717,100,0,0,280,0.733,132.3,14.99,-2.13,4.761,0.199,0.048,6.503,1.21
"2020-12-25 22:10:00",154019,-1.581,100,0,0,280.6,0.594,182.1,31.85,-2.138,4.716,0.199,0.048,6.475,1.02
"2020-12-25 22:20:00",154020,-1.475,100,0,0,281,0.526,222.5,76,-1.811,4.671,0.199,0.048,6.452,1.12
"2020-12-25 22:30:00",154021,-1.547,100,0,0,281.1,0.425,266.3,38.22,-1.774,4.63,0.199,0.048,6.425,0.57
"2020-12-25 22:40:00",154022,-1.355,100,0,0,281.2,0.441,225.8,28.78,-1.642,4.591,0.198,0.048,6.404,0.86
"2020-12-25 22:50:00",154023,-1.115,100,0,0,281.6,0.314,0,0,-1.418,4.558,0.198,0.048,6.374,0.64
"2020-12-25 23:00:00",154024,-1.014,100,0,0,281.7,0.434,178.3,26.42,-1.32,4.524,0.198,0.048,6.349,0.75
"2020-12-25 23:10:00",154025,-0.866,100,0,0,281.8,0.587,177.8,15.28,-1.105,4.497,0.198,0.048,6.328,1.06
"2020-12-25 23:20:00",154026,-0.802,100,0,0,281.9,0.4,146.7,34.17,-1.002,4.474,0.198,0.048,6.3,0.77
"2020-12-25 23:30:00",154027,-0.772,100,0,0,281.9,0.205,0,0,-0.981,4.451,0.198,0.048,6.277,0.52
"2020-12-25 23:40:00",154028,-0.73,100,0,0,282.3,0.335,250,19.83,-0.998,4.432,0.197,0.047,6.252,0.63
"2020-12-25 23:50:00",154029,-0.788,100,0,0,282.4,0.467,224.6,20.07,-1.106,4.415,0.198,0.047,6.224,0.85
"2020-12-26 00:00:00",154030,-0.706,100,0,0,282.4,0.226,238.6,58.07,-1.076,4.397,0.197,0.047,6.205,0.56
"2020-12-26 00:10:00",154031,-0.714,100,0,0,282.4,0.239,0,0,-1.236,4.381,0.197,0.047,6.185,0.61
"2020-12-26 00:20:00",154032,-0.843,100,0,0,282.4,0.417,0,0,-1.389,4.366,0.197,0.047,6.16,0.78
"2020-12-26 00:30:00",154033,-1.086,100,0,0,282.5,0.397,0,0,-1.567,4.35,0.197,0.047,6.138,0.73
"2020-12-26 00:40:00",154034,-1.102,100,0,0,283.1,0.38,149.6,32.1,-1.587,4.334,0.197,0.047,6.114,0.79
"2020-12-26 00:50:00",154035,-1.407,100,0,0,283.1,0.346,181.5,44.82,-2.018,4.314,0.197,0.047,6.096,0.62
"2020-12-26 01:00:00",154036,-1.546,100,0,0,283.4,0.298,204.6,49.46,-2.306,4.29,0.197,0.047,6.077,0.55
"2020-12-26 01:10:00",154037,-1.692,100,0,0,283.8,0.3,195.1,34.69,-2.423,4.262,0.196,0.047,6.052,0.67
"2020-12-26 01:20:00",154038,-1.756,100,0,0,284.2,0.389,228.7,31.73,-2.516,4.234,0.196,0.047,6.034,0.74
"2020-12-26 01:30:00",154039,-1.416,100,0,0,284.6,0.382,209.5,20.96,-2.401,4.203,0.196,0.047,6.013,0.58
"2020-12-26 01:40:00",154040,-1.302,100,0,0,284.9,0.294,0,0,-1.975,4.175,0.196,0.047,5.996,0.66
"2020-12-26 01:50:00",154041,-1.198,100,0,0,285.1,0.482,170.1,16.85,-1.559,4.146,0.196,0.047,5.979,0.8
"2020-12-26 02:00:00",154042,-0.99,100,0,0,285.1,0.702,176.2,16.38,-1.197,4.12,0.196,0.047,5.957,1.16
"2020-12-26 02:10:00",154043,-0.72,100,0,0,285.8,0.677,177.4,27.11,-0.921,4.095,0.196,0.047,5.936,1.23
"2020-12-26 02:20:00",154044,-0.537,100,0,0,285.8,0.658,184.8,15.18,-0.748,4.076,0.196,0.047,5.918,1.03
"2020-12-26 02:30:00",154045,-0.476,100,0,0,285.8,0.773,188.3,16.14,-0.704,4.059,0.196,0.047,5.897,1.38
"2020-12-26 02:40:00",154046,-0.468,100,0,0,285.8,0.517,219.5,41.7,-0.701,4.045,0.196,0.047,5.881,1.03
"2020-12-26 02:50:00",154047,-0.364,100,0,0,286,0.459,186.9,35.09,-0.649,4.035,0.195,0.047,5.86,0.99
"2020-12-26 03:00:00",154048,-0.3,100,0,0,286.5,0.573,183.9,22.4,-0.518,4.023,0.195,0.047,5.844,1.13
"2020-12-26 03:10:00",154049,-0.215,100,0,0,286.7,0.532,192,21.54,-0.439,4.013,0.195,0.047,5.823,1.07
"2020-12-26 03:20:00",154050,-0.085,100,0,0,287.4,0.494,195.5,20.68,-0.307,4.005,0.195,0.046,5.803,1.05
"2020-12-26 03:30:00",154051,-0.13,100,0,0,287.1,0.581,191,16.1,-0.313,3.999,0.195,0.046,5.789,0.95
"2020-12-26 03:40:00",154052,-0.08,100,0,0,287.8,0.598,195.2,23.51,-0.248,3.993,0.195,0.046,5.772,1.4
"2020-12-26 03:50:00",154053,0.009,100,0,0,287.8,0.485,0,0,-0.153,3.986,0.195,0.046,5.753,1.11
"2020-12-26 04:00:00",154054,0.08,100,0,0,287.8,0.413,0,0,-0.102,3.983,0.195,0.046,5.735,0.76
"2020-12-26 04:10:00",154055,0.176,100,0,0,289.4,0.444,214.5,19.85,-0.056,3.979,0.195,0.046,5.721,0.7
"2020-12-26 04:20:00",154056,0.239,100,0,0,289.5,0.505,195.2,17.03,0.045,3.978,0.195,0.046,5.705,0.87
"2020-12-26 04:30:00",154057,0.306,100,0,0,289.9,0.52,192.9,53.2,0.123,3.977,0.195,0.046,5.688,1.31
"2020-12-26 04:40:00",154058,0.366,100,0,0,290.7,0.234,0,0,0.161,3.977,0.195,0.046,5.674,0.86
"2020-12-26 04:50:00",154059,0.502,100,0,0,291.6,0.441,167.3,42.46,0.293,3.978,0.195,0.046,5.66,0.9
"2020-12-26 05:00:00",154060,0.415,100,0,0,289.6,0.438,113.9,41.81,0.249,3.978,0.194,0.046,5.644,0.95
"2020-12-26 05:10:00",154061,0.397,100,0,0,289.3,0.357,0,0,0.219,3.981,0.194,0.046,5.632,1.12
"2020-12-26 05:20:00",154062,0.389,100,0,0,288.8,0.399,133.9,38,0.204,3.983,0.194,0.046,5.62,1.01
"2020-12-26 05:30:00",154063,0.216,100,0,0,287.3,0.328,202.4,29.19,-0.025,3.985,0.194,0.046,5.605,0.61
"2020-12-26 05:40:00",154064,0.217,100,0,0,288.3,0.772,186.4,22.56,-0.08,3.986,0.194,0.046,5.594,1.74
"2020-12-26 05:50:00",154065,0.124,100,0,0,287.2,0.691,213.2,41.5,-0.136,3.986,0.194,0.046,5.585,1.46
"2020-12-26 06:00:00",154066,0.151,100,0,0,287.2,0.625,0,0,-0.243,3.981,0.194,0.046,5.571,1.31
"2020-12-26 06:10:00",154067,0.085,100,0,0,287.6,0.45,223.7,47.79,-0.263,3.978,0.194,0.046,5.563,1.26
"2020-12-26 06:20:00",154068,0.115,100,0,0,287.7,0.565,206.4,30.2,-0.297,3.973,0.194,0.046,5.558,1.38
"2020-12-26 06:30:00",154069,0.146,100,0,0,288.1,0.531,0,0,-0.214,3.966,0.194,0.046,5.541,1.33
"2020-12-26 06:40:00",154070,0.165,100,0,0,288,0.469,0,0,-0.151,3.96,0.193,0.046,5.534,1.52
"2020-12-26 06:50:00",154071,0.232,100,0,0,288.5,0.533,228.1,36.6,-0.167,3.949,0.193,0.046,5.523,1.13
"2020-12-26 07:00:00",154072,0.385,100,0,0,289.8,0.867,223.1,18.5,-0.018,3.943,0.193,0.046,5.519,1.92
"2020-12-26 07:10:00",154073,0.434,100,0,0,290.3,0.776,220.2,30.88,0.076,3.936,0.193,0.046,5.507,2.02
"2020-12-26 07:20:00",154074,0.499,100,0,0,290.7,0.696,212.9,34.21,0.13,3.927,0.193,0.046,5.495,1.72
"2020-12-26 07:30:00",154075,0.561,100,0,0,291.1,0.594,220.2,26.19,0.176,3.922,0.193,0.046,5.484,1.31
"2020-12-26 07:40:00",154076,0.628,100,0,0,291.8,0.744,195.7,32.61,0.29,3.917,0.193,0.045,5.478,1.77
"2020-12-26 07:50:00",154077,0.618,100,0,0,291.3,0.632,235.8,34.22,0.312,3.912,0.193,0.045,5.468,1.45
"2020-12-26 08:00:00",154078,0.603,100,0,0.382,291.1,1.559,242.1,7.037,0.216,3.906,0.193,0.045,5.462,2.28
"2020-12-26 08:10:00",154079,0.523,100,0,1.397,290.2,1.332,240.7,9.57,0.077,3.902,0.193,0.045,5.45,2.08
"2020-12-26 08:20:00",154080,0.594,100,0,3.398,290.1,0.893,217.1,25.2,0.135,3.9,0.193,0.045,5.44,1.98
"2020-12-26 08:30:00",154081,0.591,100,0,7.112,289.5,0.927,216.1,28.07,0.16,3.896,0.192,0.045,5.43,1.98
"2020-12-26 08:40:00",154082,0.607,99.9,0,14.42,288.8,0.752,205.2,27.83,0.044,3.89,0.192,0.045,5.423,2.16
"2020-12-26 08:50:00",154083,0.676,99.7,0,19.58,289.2,0.812,205.9,27.8,0.213,3.885,0.192,0.045,5.411,2.36
"2020-12-26 09:00:00",154084,0.809,99.4,0,26.81,289.7,0.847,198.3,29.76,0.35,3.876,0.192,0.045,5.406,2.61
"2020-12-26 09:10:00",154085,0.851,99.1,0,35.67,290.2,0.897,218.6,40.48,0.43,3.865,0.192,0.045,5.393,2.71
"2020-12-26 09:20:00",154086,0.906,98.7,0,47.6,291.4,1.272,232.9,12.98,0.451,3.855,0.192,0.045,5.387,2.53
"2020-12-26 09:30:00",154087,0.855,98.5,0,55.28,291.2,0.896,223.6,19.21,0.4,3.845,0.192,0.045,5.378,1.71
"2020-12-26 09:40:00",154088,1.054,98.5,0,57.81,291.1,0.45,0,0,0.594,3.836,0.192,0.045,5.369,1.42
"2020-12-26 09:50:00",90750,0.521,97.3,0,75.86,284.2,"NAN",0,0,0.714,5.212,0.339,0.148,6.593,"NAN"
"2020-12-26 10:00:00",90751,0.574,97.3,0,61.22,284.8,1.198,252.2,27.42,0.774,5.202,0.339,0.148,6.577,2.74
"2020-12-26 10:10:00",90752,0.655,97.1,0,66.07,286.3,1.178,266.3,31.48,0.819,5.195,0.339,0.148,6.562,3.35
"2020-12-26 10:20:00",90753,0.862,96.8,0,95.7,344.4,1.457,266.9,26.96,1.013,5.189,0.339,0.148,6.547,2.54
"2020-12-26 10:30:00",90754,1.075,95.9,0,103.3,568.1,1.335,261.8,28.16,1.264,5.181,0.339,0.148,6.535,3.52
"2020-12-26 10:40:00",90755,1.259,95.3,0,118.5,615,1.355,254.9,37.07,1.471,5.177,0.339,0.148,6.527,3.37
"2020-12-26 10:50:00",90756,1.459,94.4,0,159.6,588.4,1.747,256.7,25.78,1.866,5.173,0.339,0.148,6.521,3.59
"2020-12-26 11:00:00",90757,1.571,94,0,165.6,567.2,1.728,257,25.85,2.188,5.167,0.339,0.148,6.513,3.55
"2020-12-26 11:10:00",90758,1.827,93.6,0,244.4,503.5,1.714,263.8,25.59,2.65,5.166,0.339,0.148,6.5,3.05
"2020-12-26 11:20:00",90759,2.106,92.9,0,274.4,457.4,1.956,268.6,25.43,3.24,5.167,0.339,0.148,6.496,3.57
"2020-12-26 11:30:00",90760,2.103,93,0,208.2,418.5,2.221,273.2,20.93,3.119,5.173,0.339,0.148,6.485,4.97
"2020-12-26 11:40:00",90761,2.054,93,0,149.3,372.3,2.013,270.9,21.55,2.865,5.179,0.339,0.148,6.475,5.11
"2020-12-26 11:50:00",90762,1.884,93.8,0,133.5,322.7,2.025,279.6,29.24,2.519,5.186,0.339,0.148,6.471,3.87
"2020-12-26 12:00:00",90763,2.152,92.8,0,240.7,281.1,2.25,269.8,22.1,2.804,5.195,0.339,0.148,6.467,4.16
"2020-12-26 12:10:00",90764,2.65,91.2,0,300.9,258.3,2.495,267,20.54,3.675,5.205,0.339,0.148,6.454,5.36
"2020-12-26 12:20:00",90765,2.285,91,0,165.1,257.4,2.796,272.4,16.28,3.192,5.215,0.339,0.148,6.448,5.3
"2020-12-26 12:30:00",90766,2.615,90.4,0,257.4,257.4,2.018,266,23.35,3.331,5.232,0.339,0.148,6.442,4.19
"2020-12-26 12:40:00",90767,2.731,89.6,0,270,257.4,2.638,275.9,20.07,3.733,5.251,0.339,0.148,6.433,4.32
"2020-12-26 12:50:00",90768,2.5,90.6,0,140.6,257.4,2.038,269.9,32.56,3.435,5.273,0.338,0.148,6.429,4.76
"2020-12-26 13:00:00",90769,2.354,90.7,0,135.6,257.4,2.161,278.4,18.22,3.092,5.287,0.338,0.148,6.422,4.63
"2020-12-26 13:10:00",90770,2.449,91,0,171.9,257.3,2.515,280.5,17.43,3.221,5.312,0.338,0.147,6.42,4.19
"2020-12-26 13:20:00",90771,2.416,90.6,0,160.9,256.9,2.424,277.5,18.97,3.42,5.328,0.338,0.147,6.412,5.34
"2020-12-26 13:30:00",90772,2.701,89.7,0,200.9,256.8,1.966,270,23.96,3.626,5.346,0.338,0.147,6.405,4.08
"2020-12-26 13:40:00",90773,2.817,88,0,220.9,256.7,2.359,241.2,18.75,3.848,5.364,0.338,0.147,6.407,4.15
"2020-12-26 13:50:00",90774,2.902,87.1,0,253,256.7,2.208,247.7,27.71,3.954,5.385,0.338,0.147,6.4,3.86
"2020-12-26 14:00:00",90775,3.382,86,0,276.1,256.2,2.029,248.1,35.95,4.691,5.404,0.338,0.147,6.395,5.34
"2020-12-26 14:10:00",90776,3.202,86.3,0,234.4,256.1,2.226,240.2,24.22,4.554,5.432,0.338,0.147,6.391,4.3
"2020-12-26 14:20:00",90777,3.149,87,0,157.4,256.2,1.678,221.7,31.37,4.428,5.458,0.338,0.147,6.389,3.56
"2020-12-26 14:30:00",90778,2.929,87.2,0,103.3,256.5,2.045,258.1,25.82,3.906,5.484,0.338,0.147,6.389,3.98
"2020-12-26 14:40:00",90779,2.836,87.4,0,82.9,256.7,2.236,247.8,24.7,3.539,5.511,0.338,0.147,6.384,4.51
"2020-12-26 14:50:00",90780,2.82,87,0,55.01,256.7,2.06,252.8,19.95,3.366,5.539,0.338,0.147,6.385,5.46
"2020-12-26 15:00:00",90781,2.768,86.7,0,46.86,256.7,2.084,262.3,29.66,3.256,5.558,0.338,0.147,6.387,3.82
"2020-12-26 15:10:00",90782,2.713,86.4,0,44.57,256.7,2.29,260.7,22.61,3.149,5.578,0.338,0.147,6.383,4.46
"2020-12-26 15:20:00",90783,2.71,87,0,40.64,256.7,1.448,267.5,26.15,3.099,5.588,0.338,0.147,6.382,3.53
"2020-12-26 15:30:00",90784,2.768,87.3,0,42.06,256.7,1.322,261.3,25.09,3.139,5.596,0.338,0.147,6.385,2.75
"2020-12-26 15:40:00",90785,2.708,86.7,0,38.68,256.7,2.133,240.9,19.14,3.064,5.599,0.338,0.147,6.387,4.28
"2020-12-26 15:50:00",90786,2.65,86.6,0,30.81,256.7,1.864,253.6,31.54,2.909,5.602,0.338,0.147,6.391,4.21
"2020-12-26 16:00:00",90787,2.618,87.2,0,22.38,256.7,1.497,251,30.68,2.822,5.601,0.338,0.147,6.39,3.07
"2020-12-26 16:10:00",90788,2.606,87.2,0,16.01,256.7,1.714,249.8,25.43,2.757,5.606,0.338,0.147,6.389,3.7
"2020-12-26 16:20:00",90789,2.565,87.7,0,10.6,256.7,1.471,253.7,27.51,2.695,5.604,0.338,0.147,6.398,2.46
"2020-12-26 16:30:00",90790,2.462,88.4,0,5.86,256.7,1.31,253.4,25.6,2.536,5.6,0.338,0.147,6.395,2.66
"2020-12-26 16:40:00",90791,2.422,88.9,0,2.941,256.7,1.201,255.8,24.64,2.457,5.596,0.338,0.147,6.399,2.74
"2020-12-26 16:50:00",90792,2.378,89.3,0,1.476,256.7,1.093,249.7,28.76,2.372,5.589,0.338,0.147,6.399,2.04
"2020-12-26 17:00:00",90793,2.315,90,0,0.557,256.7,0.993,265.5,25.12,2.285,5.583,0.337,0.147,6.402,2.03
"2020-12-26 17:10:00",90794,2.293,90.2,0,0.045,256.7,1.075,253.9,26.53,2.237,5.574,0.337,0.147,6.402,2.46
"2020-12-26 17:20:00",90795,2.184,90.7,0,0,256.8,0.889,248.1,22.6,2.074,5.564,0.337,0.147,6.406,1.93
"2020-12-26 17:30:00",90796,2.029,91.4,0,0,257.4,0.79,256.5,23.72,1.836,5.554,0.337,0.147,6.406,1.88
"2020-12-26 17:40:00",90797,1.88,92.1,0,0,257.5,0.712,265.3,27.22,1.594,5.546,0.337,0.147,6.409,1.59
"2020-12-26 17:50:00",90798,1.656,92.8,0,0,258.5,0.547,299.6,21.35,1.208,5.536,0.337,0.147,6.413,1.26
"2020-12-26 18:00:00",90799,1.552,93.4,0,0,258.3,0.755,282.9,26.79,1.098,5.523,0.337,0.147,6.415,1.84
"2020-12-26 18:10:00",90800,1.415,93.9,0,0,262.3,0.671,242,32.13,0.915,5.513,0.337,0.147,6.413,1.4
"2020-12-26 18:20:00",90801,1.327,94.3,0,0,268.6,0.713,234.2,27.11,0.561,5.496,0.337,0.147,6.414,1.54
"2020-12-26 18:30:00",90802,1.226,94.5,0,0,274.3,0.702,247.1,22.53,0.362,5.479,0.337,0.147,6.414,1.45
"2020-12-26 18:40:00",90803,1.021,94.8,0,0,278.5,0.531,251.5,26.12,0.27,5.462,0.337,0.147,6.413,1.04
"2020-12-26 18:50:00",90804,0.863,95.7,0,0,281.7,0.583,212.2,22.99,0.045,5.443,0.337,0.147,6.416,1.42
"2020-12-26 19:00:00",90805,1.137,95.4,0,0,280.3,0.668,238.5,30.81,0.379,5.423,0.337,0.147,6.413,1.56
"2020-12-26 19:10:00",90806,1.344,94.4,0,0,276.3,0.722,238.9,27.61,0.746,5.408,0.337,0.147,6.417,1.53
"2020-12-26 19:20:00",90807,1.468,93.7,0,0,270.1,0.993,247.9,23.58,1.008,5.388,0.337,0.147,6.414,2.44
"2020-12-26 19:30:00",90808,1.485,93.3,0,0,262.2,0.963,239.2,30.83,1.196,5.371,0.337,0.147,6.415,2.19
"2020-12-26 19:40:00",90809,1.549,92.9,0,0,258.5,1.034,208.2,28.7,1.239,5.357,0.337,0.147,6.411,2.4
"2020-12-26 19:50:00",90810,1.57,92.6,0,0,258,1.102,215.6,25.98,1.2,5.344,0.337,0.147,6.405,2.08
"2020-12-26 20:00:00",90811,1.651,92,0,0,257.6,1.24,204.8,29.54,1.408,5.329,0.337,0.147,6.403,2.43
"2020-12-26 20:10:00",90812,1.514,92.4,0,0,258,1.326,176.4,21.7,1.172,5.32,0.336,0.147,6.406,2.27
"2020-12-26 20:20:00",90813,1.649,91,0,0,257.4,1.469,185.8,32.49,1.273,5.308,0.336,0.147,6.402,2.76
"2020-12-26 20:30:00",90814,1.523,91.1,0,0,258.3,0.977,176.1,41.27,1.061,5.296,0.336,0.147,6.4,2.03
"2020-12-26 20:40:00",90815,1.399,91.6,0,0,258.4,1.102,180.6,24.64,0.764,5.289,0.336,0.147,6.394,2.6
"2020-12-26 20:50:00",90816,1.4,91.4,0,0,257.6,1.177,193.2,29.19,0.906,5.278,0.336,0.147,6.394,2.43
"2020-12-26 21:00:00",90817,1.342,91.6,0,0,258,1.324,181.9,35.81,0.91,5.266,0.336,0.147,6.39,2.37
"2020-12-26 21:10:00",90818,1.227,92.1,0,0,258.1,1.364,187.1,24.72,0.775,5.257,0.336,0.147,6.384,2.58
"2020-12-26 21:20:00",90819,1.302,91.4,0,0,257.6,1.574,198.4,25.84,0.881,5.248,0.336,0.147,6.377,3.45
"2020-12-26 21:30:00",90820,1.129,91.7,0,0,258.6,1.252,205.4,27.57,0.675,5.234,0.336,0.147,6.374,2.38
"2020-12-26 21:40:00",90821,0.985,91.8,0,0,259.1,1.249,206.2,23.53,0.435,5.223,0.336,0.147,6.371,2.46
"2020-12-26 21:50:00",90822,0.798,92.2,0,0,260.9,0.892,201,30.45,0.182,5.212,0.336,0.147,6.367,2
"2020-12-26 22:00:00",90823,0.737,92.1,0,0,261.8,1.338,187.3,32.99,0.031,5.195,0.336,0.147,6.361,2.62
"2020-12-26 22:10:00",90824,0.719,91.9,0,0,260.1,1.157,201.8,35.06,0.142,5.182,0.336,0.147,6.357,2.82
"2020-12-26 22:20:00",90825,0.551,92.4,0,0,263.8,0.965,206.2,20.54,-0.17,5.165,0.336,0.146,6.349,2.41
"2020-12-26 22:30:00",90826,0.434,90.9,0,0,263.3,1.303,207.5,27.3,-0.282,5.15,0.336,0.146,6.35,4.26
"2020-12-26 22:40:00",90827,0.323,90,0,0,258.9,1.166,217.3,31.08,-0.224,5.134,0.336,0.146,6.343,2.25
"2020-12-26 22:50:00",90828,0.166,90.3,0,0,259.9,0.775,206.9,40.64,-0.47,5.117,0.336,0.146,6.338,2.17
"2020-12-26 23:00:00",90829,0.113,89.8,0,0,260.6,0.968,183.8,37.49,-0.737,5.099,0.336,0.146,6.332,1.89
"2020-12-26 23:10:00",90830,0.161,87.7,0,0,258,1.103,196.2,33.91,-0.695,5.079,0.336,0.146,6.326,3.33
"2020-12-26 23:20:00",90831,-0.178,88.5,0,0,258.3,1.188,148.5,57.49,-0.771,5.061,0.336,0.146,6.319,3.05
"2020-12-26 23:30:00",90832,-0.707,92.3,0,0,259.4,1.6,151.9,44.25,-1.162,5.041,0.336,0.146,6.314,2.71
"2020-12-26 23:40:00",90833,0.192,85.2,0,0,257.4,1.183,192.6,34.55,-0.711,5.022,0.336,0.146,6.304,3
"2020-12-26 23:50:00",90834,0.213,83.8,0,0,256.9,0.911,245.5,48.47,-0.626,5.004,0.336,0.146,6.298,2.44
"2020-12-27 00:00:00",90835,-0.286,86.6,0,0,257.6,0.571,273.3,55.52,-0.945,4.985,0.336,0.146,6.294,1.01
"2020-12-27 00:10:00",90836,-0.526,87.9,0,0,258.1,0.525,236.7,47.7,-1.369,4.965,0.336,0.146,6.287,1.18
"2020-12-27 00:20:00",90837,-0.499,87.6,0,0,258.3,0.839,199.3,59.67,-1.514,4.946,0.335,0.146,6.279,2.42
"2020-12-27 00:30:00",90838,-0.14,85.1,0,0,257.4,1.013,215.2,44.32,-1.145,4.923,0.335,0.146,6.27,2.45
"2020-12-27 00:40:00",90839,-0.11,84.6,0,0,256.9,0.999,219.2,35.14,-0.938,4.904,0.335,0.146,6.266,2.43
"2020-12-27 00:50:00",90840,-0.083,84.3,0,0,256.8,1.545,219.9,26.12,-0.713,4.885,0.335,0.146,6.258,2.84
"2020-12-27 01:00:00",90841,0.025,83.4,0,0,256.8,1.368,217.2,38.6,-0.592,4.865,0.335,0.146,6.251,3.12
"2020-12-27 01:10:00",90842,-0.04,83.6,0,0,256.8,1.225,227.2,34.79,-0.605,4.847,0.335,0.146,6.244,3.41
"2020-12-27 01:20:00",90843,-0.126,84.1,0,0,256.8,1.304,222.4,34.09,-0.706,4.826,0.335,0.146,6.232,2.93
"2020-12-27 01:30:00",90844,-0.147,84,0,0,256.8,0.854,222.6,35.4,-0.749,4.805,0.335,0.146,6.231,1.53
"2020-12-27 01:40:00",90845,-0.066,83.6,0,0,256.8,1.014,213.6,34.61,-0.845,4.784,0.335,0.146,6.219,2.05
"2020-12-27 01:50:00",90846,-0.236,84.1,0,0,256.8,0.591,274.2,44.4,-0.905,4.767,0.335,0.146,6.208,1.38
"2020-12-27 02:00:00",90847,-0.384,85.1,0,0,256.9,0.836,216.9,27.44,-1.346,4.747,0.335,0.146,6.198,1.73
"2020-12-27 02:10:00",90848,-0.095,83.9,0,0,256.8,1.142,186.4,27.45,-1.082,4.73,0.335,0.146,6.191,2.28
"2020-12-27 02:20:00",90849,0.167,82.4,0,0,256.8,1.007,210.6,42.02,-0.737,4.712,0.335,0.145,6.182,2.24
"2020-12-27 02:30:00",90850,0.379,81.2,0,0,256.8,1.489,185.2,35.97,-0.361,4.694,0.335,0.145,6.175,2.98
"2020-12-27 02:40:00",90851,0.378,81.4,0,0,256.8,1.326,183.1,32.74,-0.26,4.676,0.335,0.145,6.164,2.92
"2020-12-27 02:50:00",90852,0.419,80.9,0,0,256.8,1.258,185.6,33.86,-0.341,4.66,0.335,0.145,6.155,2.64
"2020-12-27 03:00:00",90853,0.3,81.6,0,0,256.8,1.046,159.2,35.81,-0.366,4.646,0.335,0.145,6.143,2.66
"2020-12-27 03:10:00",90854,0.25,82,0,0,256.8,1.701,143.6,30.57,-0.355,4.628,0.335,0.145,6.136,3.09
"2020-12-27 03:20:00",90855,0.205,82.3,0,0,256.8,1.533,124.4,21,-0.174,4.615,0.335,0.145,6.127,3.07
"2020-12-27 03:30:00",90856,0.092,82.8,0,0,256.8,1.335,122.6,22.97,-0.264,4.602,0.335,0.145,6.116,2.05
"2020-12-27 03:40:00",90857,-0.347,84.6,0,0,256.8,1.799,93.6,13.22,-0.623,4.588,0.335,0.145,6.107,2.97
"2020-12-27 03:50:00",90858,-0.749,86.9,0,0,256.8,1.634,98.1,11.28,-0.995,4.582,0.335,0.145,6.099,2.73
"2020-12-27 04:00:00",90859,-1.021,88.7,0,0,256.8,1.648,116.9,8.66,-1.128,4.569,0.334,0.145,6.087,2.12
"2020-12-27 04:10:00",90860,-1.173,89.6,0,0,257,1.403,125.3,10.45,-1.27,4.561,0.334,0.145,6.076,2.05
"2020-12-27 04:20:00",90861,-1.338,91.1,0,0,257.4,1.247,115.1,6.767,-1.513,4.55,0.335,0.145,6.067,1.69
"2020-12-27 04:30:00",90862,-1.429,92,0,0,258.4,1.005,110.6,6.878,-1.746,4.543,0.335,0.145,6.057,1.4
"2020-12-27 04:40:00",90863,-1.464,90.6,0,0,257.1,1.809,100.3,18.64,-1.731,4.53,0.334,0.144,6.047,3.57
"2020-12-27 04:50:00",90864,-1.317,90.3,0,0,256.9,1.596,132.3,32.43,-1.578,4.523,0.334,0.145,6.036,3.36
"2020-12-27 05:00:00",90865,-1.13,88.9,0,0,256.8,1.694,111.1,35.76,-1.368,4.512,0.334,0.144,6.032,3.15
"2020-12-27 05:10:00",90866,-1.652,90.9,0,0,256.9,1.818,102.9,14.96,-1.666,4.506,0.334,0.144,6.017,3.25
"2020-12-27 05:20:00",90867,-2.042,93.4,0,0,257.8,1.637,122.8,13.74,-1.955,4.494,0.334,0.144,6.011,3.08
"2020-12-27 05:30:00",90868,-1.538,89.5,0,0,256.8,2.257,142.9,9.55,-1.668,4.483,0.334,0.144,5.998,3.68
"2020-12-27 05:40:00",90869,-1.506,88.3,0,0,256.8,2.724,139.3,8.29,-1.535,4.471,0.334,0.144,5.989,4.69
"2020-12-27 05:50:00",90870,-1.647,89,0,0,256.8,2.452,136,8.61,-1.587,4.462,0.334,0.144,5.979,4.1
"2020-12-27 06:00:00",90871,-1.757,89.8,0,0,256.8,2.186,139.9,8.6,-1.713,4.453,0.334,0.144,5.969,3.23
"2020-12-27 06:10:00",90872,-1.631,88.8,0,0,256.8,2.839,146.6,8.87,-1.643,4.441,0.334,0.144,5.962,3.96
"2020-12-27 06:20:00",90873,-1.43,87.4,0,0,256.8,2.705,144.1,8.94,-1.433,4.433,0.334,0.144,5.951,4.11
"2020-12-27 06:30:00",90874,-1.433,87.7,0,0,256.8,2.081,142.3,8.12,-1.446,4.419,0.334,0.144,5.943,3.13
"2020-12-27 06:40:00",90875,-1.713,89.4,0,0,256.8,1.8,103.5,15.88,-1.673,4.409,0.334,0.144,5.929,2.56
"2020-12-27 06:50:00",90876,-2.011,91.3,0,0,256.8,1.966,97.5,9.02,-1.988,4.399,0.334,0.144,5.922,2.62
"2020-12-27 07:00:00",90877,-2.25,92.2,0,0,256.8,2.259,91.5,5.864,-2.16,4.39,0.334,0.144,5.913,3.13
"2020-12-27 07:10:00",90878,-2.338,92.9,0,0,256.8,2.425,95,5.703,-2.257,4.379,0.334,0.144,5.904,3.08
"2020-12-27 07:20:00",90879,-2.155,92.2,0,0,256.8,2.174,98.5,7.986,-2.16,4.368,0.334,0.144,5.895,2.74
"2020-12-27 07:30:00",90880,-2.175,92.3,0,0,256.9,2.396,110.7,9.57,-2.067,4.36,0.334,0.144,5.884,3.55
"2020-12-27 07:40:00",90881,-2.224,92.8,0,0,256.9,2.025,100.2,10.8,-2.123,4.349,0.334,0.144,5.875,2.85
"2020-12-27 07:50:00",90882,-2.304,93,0,0,256.8,2.004,92.7,12.43,-2.186,4.339,0.334,0.144,5.865,2.88
"2020-12-27 08:00:00",90883,-2.446,94.2,0,0.1,257,2.187,94.4,10.02,-2.28,4.33,0.334,0.144,5.858,3.06
"2020-12-27 08:10:00",90884,-2.312,93.6,0,2.871,256.8,1.895,94.3,13.2,-2.21,4.32,0.334,0.144,5.847,2.99
"2020-12-27 08:20:00",90885,-2.221,93.6,0,5.241,256.9,1.833,109.5,9.73,-2.043,4.311,0.334,0.144,5.835,2.92
"2020-12-27 08:30:00",90886,-2.084,92.9,0,3.813,256.8,1.929,107.6,9.08,-1.934,4.299,0.333,0.143,5.824,3
"2020-12-27 08:40:00",90887,-2.079,93,0,5.988,256.8,2.247,116.2,8.3,-1.792,4.292,0.333,0.143,5.815,3.28
"2020-12-27 08:50:00",90888,-1.968,92.9,0,10.99,256.8,1.931,119,7.889,-1.674,4.279,0.333,0.143,5.805,2.77
"2020-12-27 09:00:00",90889,-1.847,92.5,0,16.82,256.8,1.971,105.4,9.05,-1.542,4.274,0.333,0.143,5.801,2.66
"2020-12-27 09:10:00",90890,-1.722,92.1,0,21.88,256.8,1.881,104,11.87,-1.419,4.261,0.333,0.143,5.789,2.89
"2020-12-27 09:20:00",90891,-1.797,92.3,0,28.85,256.8,1.908,101.9,11.2,-1.383,4.256,0.333,0.143,5.776,2.75
"2020-12-27 09:30:00",90892,-1.854,92.5,0,35.88,256.8,2.182,98.2,11.77,-1.417,4.252,0.333,0.143,5.771,3.46
"2020-12-27 09:40:00",90893,-1.874,93.2,0,43.78,256.8,2.142,106.2,11.32,-1.474,4.246,0.333,0.143,5.761,3.04
"2020-12-27 09:50:00",90894,-1.886,92.7,0,50.88,256.8,1.884,98.7,14.61,-1.485,4.243,0.333,0.143,5.75,2.8
"2020-12-27 10:00:00",90895,-1.888,93.3,0,58.04,256.8,1.688,94.7,10.23,-1.438,4.238,0.333,0.143,5.743,2.57
"2020-12-27 10:10:00",90896,-1.793,92.8,0,66.6,256.8,2.036,101.3,11.75,-1.35,4.237,0.333,0.143,5.734,2.92
"2020-12-27 10:20:00",90897,-1.649,93,0,76.87,256.8,1.869,98,8.44,-1.157,4.234,0.333,0.143,5.72,2.56
"2020-12-27 10:30:00",90898,-1.436,93.9,0,79.69,256.8,1.805,104.8,9.46,-0.931,4.233,0.333,0.143,5.714,2.41
"2020-12-27 10:40:00",90899,-0.887,91.5,0,83.4,256.8,1.959,106.1,11.78,-0.52,4.234,0.333,0.143,5.704,2.87
"2020-12-27 10:50:00",90900,-0.571,89.8,0,88.5,256.8,2.247,116.5,8.31,-0.205,4.235,0.333,0.143,5.691,3.16
"2020-12-27 11:00:00",90901,-0.446,89.9,0,96,256.8,1.952,113.2,7.771,-0.009,4.238,0.333,0.143,5.685,2.62
"2020-12-27 11:10:00",90902,-0.251,89.3,0,101.4,256.8,2.149,123.9,9.97,0.172,4.245,0.333,0.143,5.675,2.92
"2020-12-27 11:20:00",90903,0.333,86.7,0,109.8,256.5,1.557,72.46,18.84,0.61,4.251,0.333,0.143,5.666,2.59
"2020-12-27 11:30:00",90904,0.536,86.1,0,107.9,256.2,1.982,107.3,23.71,0.886,4.259,0.333,0.143,5.66,2.94
"2020-12-27 11:40:00",90905,0.477,87.7,0,98.3,256.2,2.238,122.2,9.06,0.853,4.265,0.333,0.143,5.651,2.98
"2020-12-27 11:50:00",90906,0.964,86.4,0,96,256.1,2.136,132.1,8.97,1.153,4.276,0.333,0.143,5.64,3.27
"2020-12-27 12:00:00",154246,1.87,82.9,0,90.9,265.3,0.953,115.7,27.21,1.784,2.862,0.184,0.042,4.241,1.64
"2020-12-27 12:10:00",154247,2.172,82.4,0,98.8,265,0.418,0,0,2.114,2.9,0.184,0.042,4.238,1.62
"2020-12-27 12:20:00",154248,2.43,81.9,0,99.3,264.7,0.603,101,24.81,2.442,2.941,0.184,0.042,4.234,1.44
"2020-12-27 12:30:00",154249,2.312,83.3,0,93.6,265.1,0.836,46.27,26.29,2.376,2.981,0.184,0.042,4.232,1.63
"2020-12-27 12:40:00",154250,2.266,84,0,79.66,265.3,0.793,31,12.11,2.27,3.025,0.184,0.042,4.228,1.54
"2020-12-27 12:50:00",154251,2.314,85.4,0,68.23,265.3,1.026,56.3,14.38,2.296,3.069,0.184,0.042,4.23,1.78
"2020-12-27 13:00:00",154252,2.284,86.4,0,66.9,265.3,0.941,70.45,23.53,2.287,3.114,0.184,0.042,4.23,1.55
"2020-12-27 13:10:00",154253,2.362,86.9,0,66.62,265.3,1.147,77.68,24.27,2.354,3.157,0.184,0.042,4.237,1.93
"2020-12-27 13:20:00",154254,2.626,85.5,0,55.74,265.3,1.253,80.9,18.28,2.568,3.199,0.184,0.042,4.237,2.39
"2020-12-27 13:30:00",154255,2.904,83.3,0,51.03,265.3,1.077,62.13,27.17,2.744,3.238,0.183,0.042,4.241,2.68
"2020-12-27 13:40:00",154256,2.973,83.8,0,51.54,265.3,0.772,89.2,33.83,2.838,3.276,0.183,0.042,4.245,1.75
"2020-12-27 13:50:00",154257,3.229,81.7,0,39.71,265.3,0.773,109.9,39.27,3.057,3.311,0.183,0.042,4.254,1.88
"2020-12-27 14:00:00",154258,3.389,80.4,0,36.01,265.3,1.065,131.6,37.83,3.243,3.345,0.183,0.042,4.261,2.58
"2020-12-27 14:10:00",154259,3.38,80.5,0,45.19,265.2,1.148,111.2,22.85,3.219,3.377,0.183,0.042,4.263,1.99
"2020-12-27 14:20:00",154260,3.367,82,0,55.08,265.3,1.505,102.4,11.03,3.216,3.409,0.183,0.042,4.274,2.34
"2020-12-27 14:30:00",154261,3.551,80.7,0,49.6,265,1.278,99.5,15.11,3.403,3.437,0.183,0.042,4.282,1.87
"2020-12-27 14:40:00",154262,3.743,80.1,0,57.07,264.7,1.615,112.4,10.99,3.588,3.465,0.183,0.042,4.289,2.35
"2020-12-27 14:50:00",154263,3.817,80.2,0,50.49,264.7,1.946,110.7,11.33,3.639,3.495,0.184,0.042,4.297,3.04
"2020-12-27 15:00:00",154264,3.923,80,0,38.05,264.9,2.124,111.1,12.6,3.717,3.525,0.184,0.042,4.306,3.2
"2020-12-27 15:10:00",154265,4.025,80.1,0,39.73,265,2.113,109.7,12.8,3.794,3.553,0.184,0.042,4.314,3.59
"2020-12-27 15:20:00",154266,4.107,80.2,0,41.36,265.1,1.956,113.4,13.21,3.874,3.58,0.184,0.042,4.326,3.89
"2020-12-27 15:30:00",154267,4.138,80.3,0,28.94,265.2,2.467,116,17.7,3.906,3.603,0.183,0.042,4.334,4.84
"2020-12-27 15:40:00",154268,4.182,80.4,0,21.74,265.3,2.576,117.8,19.07,3.948,3.625,0.183,0.042,4.346,5.01
"2020-12-27 15:50:00",154269,4.296,80.1,0,12.73,265.3,2.646,115,16.18,4.044,3.645,0.183,0.042,4.358,5
"2020-12-27 16:00:00",154270,4.371,79.39,0,7.176,265.1,2.823,113.7,15.49,4.1,3.662,0.183,0.042,4.367,4.49
"2020-12-27 16:10:00",154271,4.251,78.95,0,5.364,264.8,2.513,113.4,12.04,3.995,3.676,0.183,0.042,4.378,4.42
"2020-12-27 16:20:00",154272,4.151,78.52,0,3.186,264.6,2.706,117.6,19.1,3.898,3.689,0.183,0.042,4.385,4.96
"2020-12-27 16:30:00",154273,4.237,77.31,0,1.668,264.6,3.035,113.6,13.52,3.962,3.701,0.183,0.042,4.4,5.07
"2020-12-27 16:40:00",154274,4.209,76.78,0,0.659,264.6,2.978,110.2,10.15,3.922,3.703,0.183,0.042,4.406,4.57
"2020-12-27 16:50:00",154275,4.19,75.95,0,0.332,264.6,2.91,111.4,10.6,3.907,3.709,0.183,0.042,4.419,4.95
"2020-12-27 17:00:00",154276,4.313,74.23,0,0.033,264.6,3.05,115.5,16.55,4.035,3.717,0.183,0.042,4.426,4.41
"2020-12-27 17:10:00",154277,4.015,74.8,0,0,264.6,3.03,111.1,12.04,3.775,3.719,0.183,0.042,4.435,4.45
"2020-12-27 17:20:00",154278,4.04,74.05,0,0,264.6,2.783,110.8,12.01,3.763,3.72,0.183,0.042,4.442,4.79
"2020-12-27 17:30:00",154279,4.119,72.99,0,0,264.6,3.148,112.6,11.48,3.829,3.72,0.183,0.042,4.441,5.44
"2020-12-27 17:40:00",154280,4.203,71.77,0,0,264.6,3.104,110,11.91,3.913,3.719,0.183,0.042,4.455,4.73
"2020-12-27 17:50:00",154281,4.343,71.03,0,0,264.6,3.196,110.5,14.57,4.034,3.719,0.183,0.042,4.466,4.88
"2020-12-27 18:00:00",154282,4.367,70.42,0,0,264.6,2.687,109.2,13.67,4.065,3.72,0.183,0.042,4.473,5.03
"2020-12-27 18:10:00",154283,4.25,70.64,0,0,264.6,3.21,108.5,12.14,3.949,3.719,0.183,0.042,4.473,4.94
"2020-12-27 18:20:00",154284,4.104,70.95,0,0,264.6,2.945,112.8,10.44,3.844,3.719,0.183,0.042,4.481,4.87
"2020-12-27 18:30:00",154285,4.096,70.78,0,0,270.1,2.582,109.9,11.33,3.835,3.72,0.183,0.042,4.488,3.82
"2020-12-27 18:40:00",154286,4.025,73.7,0,0,324.3,2.615,105.4,18.97,3.655,3.719,0.183,0.042,4.491,4.34
"2020-12-27 18:50:00",154287,3.933,76.56,0,0,452,2.584,107.8,15.64,3.487,3.718,0.183,0.042,4.492,4.16
"2020-12-27 19:00:00",154288,3.964,79.24,0.1,0,434.2,2.591,110,12.7,3.558,3.718,0.183,0.042,4.5,4.95
"2020-12-27 19:10:00",154289,3.756,81.5,0,0,433.9,2.355,108.9,16.47,3.373,3.718,0.183,0.042,4.5,3.66
"2020-12-27 19:20:00",154290,3.799,81.1,0,0,340.7,2.892,108.6,8.76,3.444,3.719,0.183,0.042,4.503,4.47
"2020-12-27 19:30:00",154291,3.757,78.46,0,0,278.2,2.967,110.5,12.57,3.435,3.72,0.183,0.042,4.508,4.63
"2020-12-27 19:40:00",154292,3.841,76.15,0,0,264.9,3.206,112,12.21,3.52,3.721,0.183,0.042,4.51,6.21
"2020-12-27 19:50:00",154293,3.947,74.43,0,0,264.7,3.13,110.1,12.57,3.618,3.722,0.183,0.042,4.511,4.7
"2020-12-27 20:00:00",154294,4.149,73.6,0,0,264.9,2.943,110.8,11.21,3.778,3.721,0.183,0.042,4.515,5
"2020-12-27 20:10:00",154295,4.365,73.58,0,0,265.3,3.018,109.1,10.93,4.011,3.721,0.183,0.042,4.516,4.49
"2020-12-27 20:20:00",154296,4.424,75.5,0,0,269.4,2.914,109.2,9.81,4.036,3.721,0.183,0.042,4.52,4.75
"2020-12-27 20:30:00",154297,4.575,76.41,0,0,283.9,2.84,109.5,10.4,4.165,3.722,0.183,0.042,4.52,4.53
"2020-12-27 20:40:00",154298,4.455,79.69,0.1,0,321,2.55,107.4,15.25,4.035,3.721,0.183,0.042,4.524,4.21
"2020-12-27 20:50:00",154299,4.378,81.8,0.1,0,470,1.708,121.7,30.76,3.966,3.722,0.183,0.042,4.523,3.7
"2020-12-27 21:00:00",154300,4.3,83.8,0.2,0,670.1,1.635,116.5,38,3.854,3.725,0.183,0.042,4.527,3.56
"2020-12-27 21:10:00",154301,4.345,86.9,0.1,0,592.5,0.98,126.4,54,3.859,3.734,0.182,0.042,4.527,2.01
"2020-12-27 21:20:00",154302,4.073,90.9,0.1,0,570.3,0.825,116.4,52.1,3.689,3.739,0.183,0.042,4.53,2.1
"2020-12-27 21:30:00",154303,3.906,92,0,0,543.1,0.881,94.1,64.01,3.547,3.743,0.182,0.042,4.531,2.13
"2020-12-27 21:40:00",154304,3.951,92.5,0,0,448.3,0.575,230.4,82.7,3.522,3.755,0.183,0.042,4.532,1.29
"2020-12-27 21:50:00",154305,4.907,88.4,0,0,355.4,1.329,118.2,42.58,4.245,3.761,0.182,0.042,4.533,3.46
"2020-12-27 22:00:00",154306,4.304,92.5,0,0,316.1,1.417,102.8,24.44,3.878,3.776,0.182,0.042,4.535,2.35
"2020-12-27 22:10:00",154307,4.594,93.1,0,0,378,0.854,218.5,74.87,3.986,3.783,0.182,0.042,4.535,1.96
"2020-12-27 22:20:00",154308,5.383,90.3,0.1,0,574.3,1.331,123.1,58.96,4.735,3.796,0.183,0.042,4.533,3.74
"2020-12-27 22:30:00",154309,6.026,87.8,0.1,0,555.9,1.314,0,0,5.457,3.811,0.182,0.042,4.54,3.99
"2020-12-27 22:40:00",154310,6.952,83.6,0.2,0,570.3,1.572,180.7,39.79,6.414,3.824,0.183,0.042,4.538,2.97
"2020-12-27 22:50:00",154311,7.053,83.3,0,0,508.3,1.46,169.8,38.14,6.621,3.84,0.182,0.042,4.548,3.43
"2020-12-27 23:00:00",154312,7.047,83.5,0,0,401.2,1.388,176.6,37.62,6.646,3.857,0.183,0.042,4.548,3.34
"2020-12-27 23:10:00",154313,7.127,83,0,0,303.8,1.199,171.7,55.13,6.738,3.881,0.183,0.042,4.547,2.76
"2020-12-27 23:20:00",154314,7.135,82.7,0,0,282,1.347,164.4,40.19,6.738,3.903,0.183,0.042,4.555,2.75
"2020-12-27 23:30:00",154315,7.38,81.3,0,0,272.3,1.554,0,0,6.955,3.926,0.182,0.042,4.556,4.37
"2020-12-27 23:40:00",154316,8.45,75.8,0.1,0,271,2.263,207.9,31.52,7.771,3.949,0.182,0.042,4.559,6.25
"2020-12-27 23:50:00",154317,8.84,73.8,0,0,317.6,2.738,210.8,23.73,8.19,3.97,0.182,0.042,4.569,6.45
"2020-12-28 00:00:00",154318,8.81,73.54,0,0,315.4,2.35,211.2,27.14,8.21,3.996,0.182,0.042,4.571,6.79
"2020-12-28 00:10:00",154319,8.8,73.16,0,0,280,2.104,213.3,32.54,8.18,4.022,0.183,0.042,4.578,4.89
"2020-12-28 00:20:00",154320,8.68,74.44,0,0,399.3,2.155,207.9,36.89,8.09,4.049,0.182,0.042,4.582,6.55
"2020-12-28 00:30:00",154321,8.41,76.25,0,0,489.4,2.477,217.6,45.61,7.745,4.079,0.182,0.042,4.586,8.24
"2020-12-28 00:40:00",154322,8.34,76.42,0.1,0,459.9,3.039,213.5,27.94,7.717,4.106,0.183,0.042,4.594,7.95
"2020-12-28 00:50:00",154323,7.969,79.2,0.1,0,587,2.578,214,33.76,7.38,4.134,0.182,0.042,4.601,5.74
"2020-12-28 01:00:00",154324,7.702,80.9,0.1,0,526.1,2.36,220.2,26.37,7.072,4.164,0.182,0.042,4.611,5.74
"2020-12-28 01:10:00",154325,7.608,81.3,0,0,484,2.077,213.3,28.78,7.012,4.189,0.182,0.042,4.616,5.12
"2020-12-28 01:20:00",154326,7.525,81.6,0,0,451.1,1.871,215.7,32.24,6.942,4.214,0.183,0.043,4.626,4.87
"2020-12-28 01:30:00",154327,7.681,79.77,0,0,373.9,2.409,209.7,31.24,7.093,4.238,0.183,0.042,4.633,6.48
"2020-12-28 01:40:00",154328,7.549,80.9,0.1,0,485.7,2.539,214.2,32.23,6.974,4.26,0.183,0.042,4.639,7.17
"2020-12-28 01:50:00",154329,7.348,82.8,0.2,0,509.2,2.044,205.6,37.75,6.875,4.279,0.183,0.043,4.649,5.61
"2020-12-28 02:00:00",154330,7.088,84.9,0.1,0,491.9,2.442,210.3,27.45,6.649,4.3,0.183,0.043,4.659,8.29
"2020-12-28 02:10:00",154331,6.91,86.3,0.2,0,519,1.993,205.1,41.31,6.506,4.317,0.183,0.043,4.669,4.16
"2020-12-28 02:20:00",154332,6.752,87.8,0.3,0,518.1,1.896,202.8,36.43,6.351,4.334,0.183,0.043,4.674,6.03
"2020-12-28 02:30:00",154333,6.605,89.1,0.1,0,484.7,1.71,209.8,28,6.206,4.352,0.183,0.043,4.686,3.62
"2020-12-28 02:40:00",154334,6.653,89,0.2,0,529.1,1.358,203.1,39.02,6.22,4.368,0.183,0.043,4.695,4.36
"2020-12-28 02:50:00",154335,6.432,90.8,0.2,0,554.4,1.118,194.6,43.31,6.065,4.383,0.183,0.043,4.71,2.48
"2020-12-28 03:00:00",154336,6.202,92.7,0.2,0,561.1,1.143,207.1,44.1,5.899,4.397,0.183,0.043,4.718,3.16
"2020-12-28 03:10:00",154337,6.294,92.3,0.2,0,543.7,1.527,179.1,28.29,6.008,4.411,0.183,0.043,4.727,5.28
"2020-12-28 03:20:00",154338,6.224,92.7,0.2,0,544.5,1.516,186.6,32.17,5.934,4.424,0.183,0.043,4.736,4.81
"2020-12-28 03:30:00",154339,6.197,92.7,0.3,0,553.2,1.551,192.9,24.9,5.905,4.435,0.183,0.043,4.743,4.95
"2020-12-28 03:40:00",154340,6.282,91.6,0.3,0,546.6,1.872,195.4,30.8,5.965,4.447,0.183,0.043,4.755,3.71
"2020-12-28 03:50:00",154341,6.284,91.2,0.1,0,489.7,1.831,188.8,26.39,5.963,4.457,0.183,0.043,4.765,6.29
"2020-12-28 04:00:00",154342,6.177,91.8,0.1,0,508.8,1.335,198.4,32.83,5.866,4.469,0.184,0.043,4.771,2.71
"2020-12-28 04:10:00",154343,6.082,92.7,0.2,0,508.4,1.204,179.3,28.4,5.788,4.48,0.184,0.043,4.786,3.34
"2020-12-28 04:20:00",154344,5.952,93.9,0,0,521.5,1.195,176,25.91,5.686,4.486,0.184,0.043,4.79,2.72
"2020-12-28 04:30:00",154345,5.833,94.9,0.1,0,464.5,0.984,177.3,36.13,5.57,4.498,0.184,0.043,4.796,1.94
"2020-12-28 04:40:00",154346,5.812,95.4,0.1,0,478,0.901,188.3,24.13,5.546,4.505,0.185,0.043,4.803,2.35
"2020-12-28 04:50:00",154347,5.806,95.5,0.3,0,568.2,0.968,191,29.51,5.531,4.512,0.185,0.043,4.812,2.79
"2020-12-28 05:00:00",154348,5.932,95.3,0.2,0,538.4,1.516,200.3,28.23,5.634,4.521,0.185,0.043,4.819,4.91
"2020-12-28 05:10:00",154349,6.016,94.2,0,0,382.8,0.796,203.7,36.85,5.642,4.525,0.186,0.043,4.83,2.02
"2020-12-28 05:20:00",154350,5.778,95.2,0,0,400.7,0.752,114.9,28.78,5.449,4.532,0.186,0.043,4.841,1.28
"2020-12-28 05:30:00",154351,5.581,96.8,0,0,466.9,0.689,120.3,31.84,5.293,4.541,0.186,0.043,4.846,1.81
"2020-12-28 05:40:00",154352,5.576,97.7,0.1,0,419.2,1.558,101.6,11.61,5.263,4.543,0.187,0.044,4.849,2.64
"2020-12-28 05:50:00",154353,5.36,97.6,0,0,352.6,1.879,104.6,10.77,5.092,4.545,0.187,0.044,4.856,2.96
"2020-12-28 06:00:00",154354,5.218,97.7,0,0,328.5,1.32,114.6,21.73,4.987,4.555,0.188,0.044,4.867,2.69
"2020-12-28 06:10:00",154355,5.198,97.6,0,0,312.1,1.461,110,19.98,4.973,4.557,0.188,0.044,4.872,2.63
"2020-12-28 06:20:00",154356,5.302,96.6,0,0,300.2,1.253,115.4,26.18,5.097,4.559,0.189,0.044,4.878,2.35
"2020-12-28 06:30:00",154357,5.062,96.8,0,0,292.9,1.884,116.3,16.24,4.856,4.561,0.189,0.044,4.883,3.23
"2020-12-28 06:40:00",154358,4.869,96.6,0,0,284.8,2.072,109.2,10.68,4.647,4.562,0.189,0.044,4.888,3.48
"2020-12-28 06:50:00",154359,4.669,96.4,0,0,279.6,2.118,112.1,11.21,4.466,4.563,0.19,0.044,4.898,3.13
"2020-12-28 07:00:00",154360,4.531,96,0,0,277.9,2.082,108.2,10.28,4.277,4.564,0.19,0.044,4.898,3.63
"2020-12-28 07:10:00",154361,4.272,95.8,0,0,277.6,1.975,114.5,11.65,3.996,4.564,0.191,0.044,4.902,3.23
"2020-12-28 07:20:00",154362,4.185,95.5,0,0,280.5,2.207,114.9,13.75,3.94,4.564,0.191,0.044,4.912,3.5
"2020-12-28 07:30:00",154363,4.207,95.3,0,0,291.5,2.396,113,12.66,4.003,4.555,0.192,0.044,4.915,4.11
"2020-12-28 07:40:00",154364,4.256,95,0,0,276.6,2.357,113.9,16.44,4.042,4.547,0.192,0.044,4.918,3.76
"2020-12-28 07:50:00",154365,4.246,95.1,0,0,274.5,2.07,115.4,13.89,4.058,4.532,0.192,0.045,4.924,3.01
"2020-12-28 08:00:00",154366,4.229,95.5,0,0,271.5,2.128,112.6,11.58,4.014,4.527,0.192,0.045,4.929,3.21
"2020-12-28 08:10:00",154367,4.277,95.7,0,0.244,360.4,1.87,114.1,16.01,4.06,4.522,0.193,0.045,4.933,2.99
"2020-12-28 08:20:00",154368,4.293,96.2,0.1,0.72,570.3,1.244,129.1,29.47,4.093,4.514,0.193,0.045,4.937,2.24
"2020-12-28 08:30:00",154369,4.314,96.6,0,1.275,521.9,1.792,114.9,18.93,4.125,4.511,0.193,0.045,4.934,3.22
"2020-12-28 08:40:00",154370,4.356,96.6,0.2,2.183,613.4,1.491,115.2,15.82,4.162,4.509,0.193,0.045,4.937,2.42
"2020-12-28 08:50:00",154371,4.295,97,0,4.577,454.2,1.268,106.3,15.98,4.091,4.504,0.194,0.045,4.937,1.94
"2020-12-28 09:00:00",154372,4.258,97.5,0,8.02,398.4,1.745,108.3,8.23,4.037,4.5,0.194,0.045,4.943,2.48
"2020-12-28 09:10:00",154373,4.252,97,0,16.18,363.7,1.558,107.5,10.31,3.95,4.498,0.194,0.045,4.944,2.18
"2020-12-28 09:20:00",154374,4.259,96.4,0,27.79,340.9,1.499,107.3,11.9,3.913,4.495,0.195,0.045,4.946,2.04
"2020-12-28 09:30:00",154375,4.329,95.9,0,31.07,323,1.406,102.1,11.36,3.993,4.494,0.195,0.045,4.944,1.86
"2020-12-28 09:40:00",154376,4.345,96,0,34.14,309,1.202,105.9,12.14,4.057,4.491,0.195,0.045,4.946,1.71
"2020-12-28 09:50:00",154377,4.349,96.1,0,33.28,299.8,1.294,105.7,18.4,4.084,4.488,0.195,0.045,4.944,2.2
"2020-12-28 10:00:00",154378,4.428,96.1,0,38.12,286.6,1.55,110.9,12.16,4.199,4.484,0.195,0.045,4.947,2.35
"2020-12-28 10:10:00",154379,4.632,95,0,36.51,277.4,1.703,111.6,12.84,4.437,4.481,0.195,0.045,4.951,2.98
"2020-12-28 10:20:00",154380,4.774,94.2,0,48.95,324.4,1.536,112.1,10.72,4.596,4.486,0.195,0.045,4.951,3.07
"2020-12-28 10:30:00",154381,4.868,94.2,0,66.13,351,1.63,107.8,10.78,4.713,4.49,0.195,0.045,4.947,2.23
"2020-12-28 10:40:00",154382,5.051,93.2,0,84.4,333.5,1.393,107.7,17.23,4.859,4.495,0.195,0.045,4.949,2.98
"2020-12-28 10:50:00",154383,5.2,92.7,0,97.4,313.6,1.252,115.2,22.41,5.029,4.51,0.196,0.045,4.954,2.17
"2020-12-28 11:00:00",154384,5.332,92.6,0,108.1,290.8,1.519,102.6,14.86,5.216,4.53,0.196,0.045,4.956,2.8
"2020-12-28 11:10:00",90907,5.055,89.7,0,137.3,258,"NAN",0,0,5.426,5.339,0.34,0.147,5.828,"NAN"
"2020-12-28 11:20:00",90908,5.32,89.5,0,148.4,258,2.514,111.6,12.61,5.908,5.351,0.34,0.147,5.834,3.97
"2020-12-28 11:30:00",90909,5.437,89.5,0,118.6,258,2.283,110.6,13.55,5.975,5.367,0.34,0.147,5.836,3.17
"2020-12-28 11:40:00",90910,5.542,89.6,0,107.7,258,2.221,117.9,14.7,6.071,5.384,0.34,0.148,5.837,3.81
"2020-12-28 11:50:00",90911,5.654,88.6,0,87.3,257.6,2.575,121.7,12.58,6.083,5.403,0.34,0.147,5.836,3.73
"2020-12-28 12:00:00",90912,5.829,87.5,0,107.7,257.3,2.666,113.3,14.06,6.197,5.426,0.34,0.147,5.84,4.53
"2020-12-28 12:10:00",90913,6.017,86.9,0,109.6,257.1,2.314,120.7,12.24,6.369,5.449,0.34,0.147,5.844,3.42
"2020-12-28 12:20:00",90914,6.127,85.5,0,113.7,256.8,2.789,119.6,14.63,6.45,5.475,0.34,0.148,5.841,4.02
"2020-12-28 12:30:00",90915,6.207,84.5,0,94.7,257.4,2.582,118.6,14.21,6.52,5.499,0.34,0.147,5.846,4.15
"2020-12-28 12:40:00",90916,6.173,84.3,0,68.56,283.7,2.558,122.2,17.37,6.459,5.524,0.34,0.148,5.85,3.82
"2020-12-28 12:50:00",90917,6.13,84,0,68.09,307.6,2.791,119.6,14.66,6.38,5.55,0.34,0.148,5.853,5.19
"2020-12-28 13:00:00",90918,6.21,83,0,87,259.4,2.704,121.9,16.49,6.436,5.572,0.34,0.148,5.853,4.53
"2020-12-28 13:10:00",90919,6.264,82.8,0,28.88,360.7,2.359,160,43.71,6.455,5.596,0.34,0.148,5.859,5.24
"2020-12-28 13:20:00",154398,6.092,88.6,0.5,8.35,517.3,4.664,235.4,19.19,5.826,5.011,0.196,0.045,5.025,10.32
"2020-12-28 13:30:00",154399,4.372,96,1.1,8.99,563.8,4.222,226,15.05,4.25,5.036,0.196,0.045,5.037,8.53
"2020-12-28 13:40:00",154400,4.091,97.2,0.9,14.37,601,2.002,208.5,35.7,4.002,5.05,0.196,0.046,5.045,3.94
"2020-12-28 13:50:00",154401,4.29,97.9,0,38.97,498.5,1.182,216.3,40.2,4.239,5.051,0.196,0.045,5.059,2.79
"2020-12-28 14:00:00",154402,4.51,98.2,0.1,57.55,473.1,1.391,202.7,33.89,4.507,5.05,0.196,0.046,5.073,2.69
"2020-12-28 14:10:00",154403,4.687,98.2,0,53.46,415,1.109,0,0,4.701,5.037,0.197,0.046,5.081,2.62
"2020-12-28 14:20:00",154404,4.848,98.3,0,66.68,354.6,1.318,203,33.48,4.85,5.033,0.197,0.046,5.096,3.53
"2020-12-28 14:30:00",154405,4.974,97.9,0,60.11,312.5,1.414,204.3,29.89,4.938,5.035,0.197,0.046,5.103,3.68
"2020-12-28 14:40:00",154406,5.145,97.2,0,47.31,290.8,1.266,201.8,34.34,5.083,5.045,0.198,0.046,5.114,4.42
"2020-12-28 14:50:00",154407,5.309,96.6,0,58.88,280.7,1.3,204.5,31.16,5.252,5.052,0.198,0.046,5.126,3.49
"2020-12-28 15:00:00",154408,5.454,96,0,82.1,277,1.261,214.6,30.59,5.423,5.06,0.199,0.046,5.135,2.6
"2020-12-28 15:10:00",154409,5.467,95,0,39.79,274.8,1.356,205.4,32.09,5.424,5.072,0.199,0.046,5.146,2.99
"2020-12-28 15:20:00",154410,5.452,94.3,0,33.15,273.6,1.304,219.9,35.5,5.355,5.084,0.2,0.046,5.152,3.12
"2020-12-28 15:30:00",154411,5.492,94.1,0,29.67,272.7,1.039,216.2,31.1,5.369,5.094,0.2,0.046,5.162,2.86
"2020-12-28 15:40:00",154412,5.467,93.9,0,18.61,272.2,1.032,221.7,37.13,5.297,5.107,0.2,0.046,5.168,3.57
"2020-12-28 15:50:00",154413,5.502,93.3,0,19.33,271.4,0.915,218.3,32.52,5.287,5.114,0.201,0.046,5.178,2.63
"2020-12-28 16:00:00",154414,5.497,93.2,0,25.94,274.1,0.997,0,0,5.211,5.124,0.201,0.047,5.187,2.85
"2020-12-28 16:10:00",154415,5.495,92.4,0,24.56,271.2,1.303,215.2,36.54,5.113,5.126,0.201,0.047,5.196,3.78
"2020-12-28 16:20:00",154416,5.445,92.3,0,20.9,270.7,0.905,216.8,36.44,5.002,5.127,0.202,0.047,5.199,2.75
"2020-12-28 16:30:00",154417,5.361,93,0,10.89,271.8,1.363,228.2,22.02,4.888,5.126,0.202,0.047,5.209,4.02
"2020-12-28 16:40:00",154418,5.301,93.4,0,5.259,296,1.712,0,0,4.925,5.113,0.202,0.047,5.218,4.86
"2020-12-28 16:50:00",154419,4.966,92.7,0,1.33,292.1,1.189,222.7,21.4,4.462,5.102,0.202,0.047,5.223,2.98
"2020-12-28 17:00:00",154420,4.656,93.1,0,0.388,286.8,0.95,223,26.74,3.975,5.091,0.202,0.047,5.226,3.02
"2020-12-28 17:10:00",154421,4.557,93.6,0,0.061,283.5,0.783,212.4,44.44,3.823,5.075,0.202,0.047,5.237,1.43
"2020-12-28 17:20:00",154422,4.399,94.3,0,0,285.1,0.699,223.2,30.94,3.615,5.053,0.202,0.047,5.24,2.45
"2020-12-28 17:30:00",154423,4.265,95,0,0,288.9,0.645,209.6,34.79,3.496,5.026,0.202,0.047,5.249,1.74
"2020-12-28 17:40:00",154424,4.051,95.3,0,0,293.9,0.487,0,0,3.229,4.993,0.203,0.047,5.253,1.12
"2020-12-28 17:50:00",154425,3.851,96,0,0,299.6,0.473,226.3,66.83,3.098,4.957,0.203,0.047,5.259,1.4
"2020-12-28 18:00:00",154426,3.806,95.3,0,0,301,0.667,142.8,53.59,3.16,4.92,0.203,0.047,5.262,1.78
"2020-12-28 18:10:00",154427,3.744,95.5,0,0,301.9,0.948,143,53.67,3.343,4.879,0.203,0.047,5.259,1.98
"2020-12-28 18:20:00",154428,3.893,94.3,0,0,293.4,1.404,176.3,44.07,3.547,4.838,0.203,0.047,5.261,3.61
"2020-12-28 18:30:00",154429,3.937,92.5,0,0,280,1.504,181.5,23.6,3.616,4.798,0.203,0.047,5.261,3.12
"2020-12-28 18:40:00",154430,3.829,91.4,0,0,273.1,0.867,193.3,43.79,3.36,4.764,0.203,0.047,5.258,2.2
"2020-12-28 18:50:00",154431,3.522,91.3,0,0,275.5,0.664,157.2,39.11,2.898,4.729,0.203,0.047,5.256,1.38
"2020-12-28 19:00:00",154432,3.046,92.8,0,0,284.1,0.59,122.7,20.32,2.49,4.695,0.203,0.047,5.255,1.01
"2020-12-28 19:10:00",154433,2.444,95.1,0,0,297,0.637,111.4,22.39,1.962,4.659,0.203,0.047,5.246,1.05
"2020-12-28 19:20:00",154434,1.688,96.6,0,0,311.2,0.492,113.8,22.46,1.252,4.619,0.203,0.047,5.248,0.97
"2020-12-28 19:30:00",154435,1.565,97.8,0,0,325.5,0.491,113.3,24.17,1.096,4.576,0.202,0.047,5.239,0.99
"2020-12-28 19:40:00",154436,1.234,98.6,0,0,342.7,0.803,107.5,15.09,0.579,4.531,0.203,0.047,5.234,1.69
"2020-12-28 19:50:00",154437,1.108,99.1,0,0,363.5,0.59,169.7,48.6,0.409,4.484,0.203,0.047,5.224,1.22
"2020-12-28 20:00:00",154438,0.977,99.5,0,0,390.4,0.804,106.2,27.92,0.385,4.436,0.203,0.047,5.219,2.39
"2020-12-28 20:10:00",154439,1.856,99.6,0,0,407.6,1.414,110,11.95,1.142,4.387,0.202,0.047,5.205,2.54
"2020-12-28 20:20:00",154440,2.043,98.2,0,0,416.6,1.482,113.7,12.26,1.396,4.341,0.202,0.047,5.197,2.47
"2020-12-28 20:30:00",154441,1.829,97.3,0,0,425.3,1.51,105.8,12.55,1.167,4.295,0.202,0.047,5.187,2.42
"2020-12-28 20:40:00",154442,1.622,97.3,0,0,434.7,1.07,101.9,10.13,0.879,4.25,0.202,0.047,5.179,1.72
"2020-12-28 20:50:00",154443,1.39,97.7,0,0,445.3,1.121,107.3,17.43,0.541,4.205,0.202,0.047,5.161,2.23
"2020-12-28 21:00:00",154444,1.854,96.8,0,0,450.7,1.505,106.8,11,1.144,4.161,0.202,0.047,5.152,2.42
"2020-12-28 21:10:00",154445,1.944,95.9,0,0,449.7,1.962,105.6,8.86,1.352,4.119,0.202,0.046,5.136,3.11
"2020-12-28 21:20:00",154446,2.052,95,0,0,444.7,1.783,107.2,11.04,1.523,4.078,0.202,0.046,5.122,2.89
"2020-12-28 21:30:00",154447,2.192,94,0,0,436.1,1.807,113.3,15.29,1.698,4.04,0.202,0.046,5.107,3.05
"2020-12-28 21:40:00",154448,2.306,92.9,0,0,419.7,1.953,115.9,13.81,1.877,4.004,0.202,0.046,5.091,3.18
"2020-12-28 21:50:00",154449,2.479,91.5,0,0,390.4,1.742,119.1,17.92,2.084,3.97,0.202,0.046,5.075,3.48
"2020-12-28 22:00:00",154450,2.447,91.6,0,0,353.2,1.174,147.5,40.08,2.097,3.94,0.202,0.046,5.057,2.47
"2020-12-28 22:10:00",154451,2.596,91.2,0.1,0,424.3,1.129,202.7,39.98,2.208,3.914,0.201,0.046,5.042,2.87
"2020-12-28 22:20:00",154452,2.529,91.3,0.1,0,602.1,0.699,159.9,58.59,2.201,3.892,0.201,0.046,5.028,1.63
"2020-12-28 22:30:00",154453,2.574,92.2,0,0,595.2,1.022,99.4,15.79,2.224,3.876,0.201,0.046,5.011,1.61
"2020-12-28 22:40:00",154454,2.576,93.6,0,0,507.3,1.091,109.9,9.95,2.214,3.86,0.201,0.046,4.996,1.66
"2020-12-28 22:50:00",154455,2.496,94.5,0,0,457.7,1.181,108,9.78,2.149,3.852,0.201,0.046,4.979,1.83
"2020-12-28 23:00:00",154456,2.43,95.8,0,0,425,1.125,105.9,9.54,2.073,3.843,0.201,0.046,4.965,1.67
"2020-12-28 23:10:00",154457,2.591,95.1,0,0,399.8,1.475,108.4,13.89,2.235,3.839,0.201,0.046,4.949,2.52
"2020-12-28 23:20:00",154458,2.707,93.9,0.1,0,372.1,1.25,114.1,31.15,2.387,3.838,0.201,0.046,4.933,3.12
"2020-12-28 23:30:00",154459,2.64,93.6,0,0,354.6,0.875,95.4,21.72,2.208,3.838,0.201,0.046,4.921,2.07
"2020-12-28 23:40:00",154460,2.751,93,0,0,322.8,2.168,105.7,12.05,2.345,3.839,0.201,0.046,4.908,3.72
"2020-12-28 23:50:00",154461,3.011,91,0,0,285.6,1.809,100,17.1,2.616,3.839,0.201,0.046,4.895,3.15
"2020-12-29 00:00:00",154462,3.067,90.6,0,0,278.1,1.605,111.4,18.43,2.694,3.836,0.201,0.046,4.883,3.87
"2020-12-29 00:10:00",154463,3.148,90.2,0,0,340.2,2.215,117.5,17.03,2.852,3.836,0.201,0.046,4.868,3.39
"2020-12-29 00:20:00",154464,3.077,91.3,0.5,0,660.4,2.133,111.1,12.64,2.8,3.837,0.201,0.046,4.857,3.28
"2020-12-29 00:30:00",154465,3.187,92.8,0.3,0,640.6,1.429,120,34.29,2.917,3.838,0.201,0.046,4.848,2.91
"2020-12-29 00:40:00",154466,3.333,93.8,0.3,0,624.2,1.695,113.8,19.87,3.062,3.839,0.2,0.046,4.841,2.8
"2020-12-29 00:50:00",154467,3.239,95.3,0,0,506.8,1.122,116.6,23.8,2.958,3.84,0.2,0.046,4.828,2.41
"2020-12-29 01:00:00",154468,3.146,95.8,0.1,0,541,0.407,118.8,80.9,2.88,3.841,0.2,0.046,4.82,1.01
"2020-12-29 01:10:00",154469,3.032,96.4,0,0,448.3,0.953,124.4,46.88,2.781,3.843,0.201,0.046,4.811,2.23
"2020-12-29 01:20:00",154470,2.962,96.8,0,0,387.6,0.641,154.4,75.61,2.722,3.853,0.201,0.046,4.806,1.2
"2020-12-29 01:30:00",154471,2.935,96.6,0,0,347.8,1.183,106.9,26.02,2.638,3.858,0.201,0.046,4.797,2.12
"2020-12-29 01:40:00",154472,2.779,96.6,0,0,335.7,0.894,127.7,35.91,2.435,3.861,0.201,0.046,4.788,2.53
"2020-12-29 01:50:00",154473,2.413,96.8,0,0,339.7,0.54,169.2,66.34,1.835,3.866,0.201,0.046,4.78,1.13
"2020-12-29 02:00:00",154474,2.16,97.4,0,0,345.9,0.649,123.4,41.43,1.568,3.861,0.201,0.046,4.775,1.46
"2020-12-29 02:10:00",154475,1.931,98.1,0,0,347.1,0.532,171.9,37.66,1.375,3.854,0.201,0.046,4.774,1.16
"2020-12-29 02:20:00",154476,2.002,98.4,0,0,340.2,0.674,141.1,36.01,1.546,3.835,0.201,0.046,4.765,1.89
"2020-12-29 02:30:00",154477,2.546,98.7,0,0,323.6,0.832,188.5,40.25,2.137,3.815,0.201,0.046,4.759,2.97
"2020-12-29 02:40:00",154478,3.029,97.8,0,0,307.8,1.004,129.8,34.96,2.687,3.797,0.202,0.046,4.749,2.23
"2020-12-29 02:50:00",154479,2.966,96.8,0,0,302.9,0.656,0,0,2.639,3.782,0.202,0.046,4.749,1.56
"2020-12-29 03:00:00",154480,3.119,96.9,0,0,303.3,1.292,187.7,42.19,2.629,3.768,0.202,0.046,4.745,4.07
"2020-12-29 03:10:00",154481,4.31,92.9,0,0,287.7,2.078,216.9,35.66,3.662,3.761,0.202,0.046,4.738,4.37
"2020-12-29 03:20:00",154482,4.517,90.7,0,0,278.9,1.864,221,36.83,3.782,3.751,0.202,0.046,4.732,5.23
"2020-12-29 03:30:00",154483,4.655,89.6,0,0,274.8,1.891,213.4,34.22,3.964,3.744,0.202,0.046,4.722,4.55
"2020-12-29 03:40:00",154484,4.746,88.9,0,0,273,2.061,215.7,38.32,4.059,3.731,0.202,0.046,4.719,7.18
"2020-12-29 03:50:00",154485,4.895,88.4,0,0,271.9,1.886,217.9,45.44,4.347,3.723,0.202,0.046,4.708,5.63
"2020-12-29 04:00:00",154486,5.234,87.5,0,0,291.5,1.998,217.7,28.75,4.689,3.709,0.202,0.046,4.704,4.47
"2020-12-29 04:10:00",154487,5.223,88,0,0,296.1,1.482,217,31.98,4.665,3.707,0.202,0.046,4.696,3.67
"2020-12-29 04:20:00",154488,5.278,87.7,0,0,274.4,1.76,218.4,28.42,4.705,3.707,0.202,0.046,4.689,6.29
"2020-12-29 04:30:00",154489,5.461,87,0,0,300.7,2.352,213.5,41.31,4.977,3.709,0.202,0.046,4.686,6.01
"2020-12-29 04:40:00",154490,5.454,87.5,0,0,434.8,2.343,212.2,28.36,5.02,3.719,0.202,0.046,4.683,6.91
"2020-12-29 04:50:00",154491,5.448,87.5,0.1,0,492.2,2.417,215.5,40.92,5.038,3.727,0.202,0.046,4.671,5.59
"2020-12-29 05:00:00",154492,5.455,87.4,0,0,512.1,2.368,211.4,30.24,5.021,3.74,0.202,0.046,4.666,5.81
"2020-12-29 05:10:00",154493,5.486,87.2,0.1,0,554.7,2.465,218.6,30.26,5.041,3.756,0.202,0.046,4.66,5.94
"2020-12-29 05:20:00",154494,5.53,86.6,0.1,0,566.4,2.677,218.6,31.81,5.038,3.774,0.202,0.046,4.653,10.68
"2020-12-29 05:30:00",154495,5.395,87.5,0.1,0,502.5,2.419,212.4,31.71,4.971,3.792,0.201,0.046,4.65,5.39
"2020-12-29 05:40:00",154496,5.326,87.7,0.2,0,432.7,4.625,227.1,26.31,4.872,3.812,0.201,0.046,4.643,13.23
"2020-12-29 05:50:00",154497,2.116,95.7,1.7,0,530.5,7.889,236,8.99,1.652,3.829,0.201,0.046,4.641,14.54
"2020-12-29 06:00:00",154498,1.674,98.2,0.7,0,524.7,5.669,231.8,8.27,1.31,3.843,0.201,0.046,4.634,9.58
"2020-12-29 06:10:00",154499,1.607,98.7,0.5,0,554.4,3.55,224.2,17.28,1.304,3.828,0.201,0.046,4.631,7.62
"2020-12-29 06:20:00",154500,1.767,99,0.2,0,475.9,3.922,229.3,11.23,1.504,3.791,0.202,0.046,4.635,7.29
"2020-12-29 06:30:00",154501,1.969,98.7,0.3,0,481.5,4.174,227.6,10.87,1.742,3.745,0.202,0.046,4.634,9.7
"2020-12-29 06:40:00",154502,1.99,98.3,0.3,0,488,4.437,228.7,8.63,1.756,3.704,0.203,0.046,4.629,7.28
"2020-12-29 06:50:00",154503,1.974,98.5,0.1,0,478.7,3.294,226.4,14.65,1.777,3.665,0.203,0.046,4.628,7.6
"2020-12-29 07:00:00",154504,2.087,98.5,0,0,399.5,3.356,227.5,11.25,1.918,3.632,0.204,0.046,4.619,7.05
"2020-12-29 07:10:00",154505,2.208,98,0.2,0,323.3,3.385,225.1,14.79,2.039,3.604,0.205,0.046,4.615,6.73
"2020-12-29 07:20:00",154506,2.244,98.1,0,0,309,3.083,225.7,14.11,2.073,3.586,0.206,0.046,4.611,6.65
"2020-12-29 07:30:00",154507,2.307,97.9,0,0,403.2,3.582,227.2,11.34,2.132,3.575,0.207,0.047,4.602,7.81
"2020-12-29 07:40:00",154508,2.333,97.7,0,0,370.3,3.383,225.2,13.89,2.128,3.567,0.208,0.047,4.598,6.97
"2020-12-29 07:50:00",154509,2.403,97.5,0.1,0,342.8,3.584,225.7,11.9,2.177,3.562,0.209,0.047,4.584,6.47
"2020-12-29 08:00:00",154510,2.45,97.4,0,0.094,327.6,3.803,225.6,12.83,2.209,3.559,0.21,0.047,4.574,6.89
"2020-12-29 08:10:00",154511,2.551,97.1,0,0.36,296.6,4.434,229.2,9.54,2.277,3.56,0.211,0.047,4.565,7.48
"2020-12-29 08:20:00",154512,2.672,96.5,0,0.831,293.1,4.978,232,7.389,2.385,3.56,0.211,0.047,4.558,7.69
"2020-12-29 08:30:00",154513,2.739,96.2,0,2.577,282.8,5.129,231.6,8.43,2.435,3.562,0.212,0.047,4.551,8.62
"2020-12-29 08:40:00",154514,2.864,95.4,0,8.18,285,6.383,233.1,6.764,2.563,3.569,0.212,0.047,4.538,9.09
"2020-12-29 08:50:00",154515,2.874,95.6,0,10.46,299.4,5.903,235.1,7.161,2.582,3.573,0.213,0.047,4.534,8.26
"2020-12-29 09:00:00",154516,2.919,95.7,0,12.65,309.6,5.596,234.9,5.94,2.639,3.573,0.213,0.047,4.527,9.28
"2020-12-29 09:10:00",154517,3.026,95.5,0,16.21,296.6,4.696,233.7,8.05,2.745,3.576,0.213,0.047,4.521,7.23
"2020-12-29 09:20:00",154518,3.16,94.8,0,12.08,280.3,4.875,231.9,10.14,2.873,3.58,0.213,0.047,4.517,6.92
"2020-12-29 09:30:00",90923,2.891,92.6,0,17.76,300.5,"NAN",0,0,2.818,4.402,0.362,0.156,5.625,"NAN"
"2020-12-29 09:40:00",90924,2.847,93.4,0,24.08,328.4,3.157,267.3,19.21,2.869,4.4,0.362,0.156,5.617,6.66
"2020-12-29 09:50:00",90925,2.828,94.1,0,33.13,372,2.916,256.2,26.02,2.935,4.395,0.362,0.156,5.611,6.84
"2020-12-29 10:00:00",90926,2.972,93.5,0,43.57,332.4,3.065,263.2,22.8,3.099,4.386,0.362,0.155,5.599,6.28
"2020-12-29 10:10:00",90927,3.038,93.8,0,34.26,295.6,2.791,261.2,25.52,3.215,4.386,0.362,0.155,5.591,5.21
"2020-12-29 10:20:00",90928,3.121,93.5,0,42.83,285.7,3.365,251.8,18,3.317,4.385,0.362,0.155,5.579,5.73
"2020-12-29 10:30:00",90929,3.187,93.1,0,34.72,263.6,2.973,259.1,28.02,3.401,4.388,0.362,0.155,5.573,7.28
"2020-12-29 10:40:00",90930,3.234,92.4,0,33.1,258.7,2.781,255.9,23.26,3.435,4.394,0.362,0.155,5.556,6.48
"2020-12-29 10:50:00",90931,3.25,91.8,0,26.9,258.1,2.942,250.1,28.87,3.441,4.405,0.361,0.155,5.551,5.16
"2020-12-29 11:00:00",90932,3.306,91.4,0,49.75,258,3.011,258.3,24.72,3.517,4.415,0.361,0.155,5.544,6.51
"2020-12-29 11:10:00",90933,3.407,90.2,0,57.17,258,3.501,265.7,24.84,3.66,4.43,0.361,0.154,5.533,6.73
"2020-12-29 11:20:00",90934,3.369,90.4,0,31.79,258,3.032,267.8,24.95,3.612,4.442,0.361,0.154,5.524,5.43
"2020-12-29 11:30:00",90935,3.431,90.3,0,33.06,258,2.64,263.8,23.52,3.666,4.457,0.36,0.154,5.516,5.08
"2020-12-29 11:40:00",90936,3.491,90.6,0,45.01,258,2.376,262.9,24.06,3.739,4.472,0.36,0.154,5.51,4.13
"2020-12-29 11:50:00",90937,3.61,90.5,0,75.77,258,2.474,252.8,22.87,3.927,4.487,0.36,0.154,5.503,5.03
"2020-12-29 12:00:00",90938,3.879,88.9,0,94.2,257.3,2.358,245.6,32.36,4.294,4.499,0.359,0.154,5.496,4.89
"2020-12-29 12:10:00",90939,3.913,88.4,0,54.27,257.1,2.044,249.9,25.58,4.288,4.516,0.359,0.154,5.488,3.93
"2020-12-29 12:20:00",90940,3.934,89.1,0,56.38,256.7,1.698,221.8,37.38,4.318,4.535,0.359,0.153,5.483,3.14
"2020-12-29 12:30:00",90941,4.032,86.7,0,71.31,256.7,2.607,265.6,24.92,4.355,4.554,0.359,0.153,5.475,5.8
"2020-12-29 12:40:00",90942,4.145,83.9,0,101.2,256.7,2.717,262.6,26.3,4.489,4.577,0.358,0.153,5.472,5.72
"2020-12-29 12:50:00",90943,4.336,83.7,0,125.9,256.7,2.396,256.8,23.04,4.811,4.6,0.358,0.153,5.468,4.37
"2020-12-29 13:00:00",90944,4.25,84.4,0,88.6,256.6,1.956,255.9,27.22,4.739,4.62,0.358,0.153,5.464,4.19
"2020-12-29 13:10:00",90945,4.34,84.9,0,123,256.7,2.066,235.9,25.5,4.828,4.646,0.357,0.153,5.461,4.25
"2020-12-29 13:20:00",90946,4.44,85.3,0,156.5,256.7,1.68,228.6,26.86,5.006,4.666,0.357,0.153,5.456,3.43
"2020-12-29 13:30:00",90947,4.728,85.3,0,176.9,256.5,1.388,234.3,29.48,5.58,4.688,0.357,0.153,5.455,2.8
"2020-12-29 13:40:00",90948,4.831,84.5,0,116.8,256,1.727,218.6,28.76,5.746,4.712,0.357,0.152,5.454,4.14
"2020-12-29 13:50:00",90949,4.529,85.3,0,61.01,256.6,1.769,235.6,20.68,4.937,4.741,0.356,0.152,5.451,3.95
"2020-12-29 14:00:00",90950,4.617,85.4,0,93.5,256.6,1.442,213.5,29.15,4.976,4.767,0.356,0.152,5.453,2.41
"2020-12-29 14:10:00",90951,4.703,85,0,86.1,256.5,1.748,232,24.09,5.205,4.798,0.356,0.152,5.453,3.65
"2020-12-29 14:20:00",90952,4.701,85.6,0,73.74,256.5,1.518,223.9,30.69,5.209,4.82,0.356,0.152,5.45,3.44
"2020-12-29 14:30:00",36722,5.473,83.9,0.1,62.1,261.3,"NAN",0,0,5.89,5.54,0.421,0.257,4.514,"NAN"
"2020-12-29 14:40:00",36723,5.327,83.3,0,49.31,261.3,2.725,176,15.39,5.644,5.571,0.422,0.258,4.517,4.4
"2020-12-29 14:50:00",36724,5.256,83.4,0,56.77,261.3,2.12,200.1,14.26,5.329,5.612,0.421,0.258,4.524,3.38
"2020-12-29 15:00:00",36725,5.248,83.9,0,40.67,261.3,2.365,182.9,11.68,5.312,5.648,0.421,0.257,4.532,3.13
"2020-12-29 15:10:00",36726,5.212,83.7,0,36.01,261.3,2.018,181.6,8.43,5.246,5.679,0.421,0.257,4.538,3.12
"2020-12-29 15:20:00",36727,5.216,84,0,31.59,261.3,1.539,171.4,18.08,5.239,5.707,0.421,0.256,4.542,2.53
"2020-12-29 15:30:00",36728,5.264,83.9,0,40.45,261.3,1.36,179.1,11.79,5.256,5.729,0.421,0.256,4.554,2.5
"2020-12-29 15:40:00",36729,5.255,84.6,0,19.96,261.9,1.277,170.6,10.91,5.163,5.749,0.421,0.256,4.564,2.27
"2020-12-29 15:50:00",36730,5.136,86.1,0,15.72,278,1.448,150.2,16.34,5.079,5.768,0.421,0.256,4.57,3.27
"2020-12-29 16:00:00",36731,4.904,88.1,0,16.32,659.2,2.222,166.1,14.86,4.89,5.798,0.421,0.256,4.579,4.17
"2020-12-29 16:10:00",36732,4.613,90.2,0.1,9.56,842,1.003,170.2,20.58,4.616,5.82,0.42,0.256,4.591,1.71
"2020-12-29 16:20:00",36733,4.53,91.2,0.2,1.03,918,1.105,237.4,16.13,4.473,5.825,0.42,0.255,4.603,1.66
"2020-12-29 16:30:00",36734,4.252,92.4,0.8,1.353,1131,0.803,258.6,56.38,4.14,5.824,0.42,0.255,4.61,1.87
"2020-12-29 16:40:00",36735,3.687,91.9,0.5,1.035,1121,1.15,175.7,32.95,3.653,5.809,0.42,0.255,4.611,2.16
"2020-12-29 16:50:00",36736,3.481,92.5,0,0.679,1014,0.561,119.7,28.16,3.263,5.788,0.42,0.255,4.625,1.08
"2020-12-29 17:00:00",36737,3.453,93.4,0,0.139,975,0.899,119,29.93,3.077,5.76,0.421,0.256,4.64,1.56
"2020-12-29 17:10:00",36738,3.342,93.9,0,0,979,0.723,79.77,42.41,3.018,5.73,0.421,0.256,4.645,1.12
"2020-12-29 17:20:00",36739,3.077,95,0,0,1011,0.817,343,17.44,2.913,5.698,0.421,0.256,4.655,1.13
"2020-12-29 17:30:00",36740,2.976,95.9,0,0,1003,0.829,6.007,7.431,2.822,5.666,0.421,0.256,4.661,1.06
"2020-12-29 17:40:00",36741,2.933,96.4,0,0,998,0.332,46.63,33.33,2.743,5.642,0.421,0.256,4.672,0.67
"2020-12-29 17:50:00",36742,2.987,96.8,0,0,992,0.583,125.9,45.25,2.783,5.618,0.421,0.256,4.678,1.18
"2020-12-29 18:00:00",36743,3.316,97.2,0,0,983,1.102,133.9,17.97,3.04,5.596,0.421,0.256,4.682,2.09
"2020-12-29 18:10:00",36744,3.789,96.9,0,0,971,1.303,130.3,13.66,3.587,5.58,0.421,0.256,4.687,2.36
"2020-12-29 18:20:00",36745,3.872,96,0,0,959,1.236,133.7,15.37,3.719,5.561,0.421,0.256,4.696,2.05
"2020-12-29 18:30:00",36746,3.936,95.2,0,0,945,1.32,130.3,11.76,3.807,5.547,0.421,0.256,4.702,2.21
"2020-12-29 18:40:00",36747,3.944,94.6,0,0,929,1.593,126.3,11.53,3.864,5.535,0.421,0.255,4.708,2.6
"2020-12-29 18:50:00",36748,4.052,93.9,0,0,917,1.451,128.9,12.09,3.925,5.519,0.421,0.255,4.707,2.49
"2020-12-29 19:00:00",36749,4.062,93.3,0,0,908,1.174,127.5,13.24,3.796,5.506,0.421,0.255,4.718,1.99
"2020-12-29 19:10:00",36750,4.209,92.5,0,0,897,1.29,125.3,13.68,3.857,5.492,0.421,0.255,4.717,2.3
"2020-12-29 19:20:00",36751,4.239,91.7,0,0,891,1.205,130.4,12.68,3.578,5.472,0.421,0.255,4.714,1.64
"2020-12-29 19:30:00",36752,3.826,92.2,0,0,891,0.856,138.9,13.51,3.147,5.443,0.421,0.255,4.727,1.55
"2020-12-29 19:40:00",36753,3.588,93.4,0,0,891,1.256,128.7,13.62,2.766,5.411,0.421,0.255,4.72,1.89
"2020-12-29 19:50:00",36754,3.071,93.6,0,0,891,0.544,122.1,25.27,1.962,5.37,0.421,0.254,4.727,1.25
"2020-12-29 20:00:00",36755,2.95,94.8,0,0,886,0.778,137.5,14.88,1.704,5.32,0.421,0.255,4.725,1.29
"2020-12-29 20:10:00",36756,2.56,94.9,0,0,880,0.828,29.45,62.2,1.602,5.271,0.421,0.254,4.724,1.53
"2020-12-29 20:20:00",36757,2.13,95.9,0,0,875,0.572,17.4,52.02,1.397,5.218,0.421,0.254,4.728,1.09
"2020-12-29 20:30:00",36758,2.875,96.5,0,0,866,0.834,115.2,22.36,2.058,5.179,0.42,0.254,4.725,1.4
"2020-12-29 20:40:00",36759,3.191,95.9,0,0,856,0.989,132.8,17.63,2.415,5.153,0.42,0.253,4.728,2.45
"2020-12-29 20:50:00",36760,3.55,93.4,0,0,840,1.262,133.1,17.75,3.015,5.129,0.42,0.253,4.73,2.3
"2020-12-29 21:00:00",36761,3.741,91.1,0,0,818,1.726,123.9,15.36,3.349,5.107,0.42,0.253,4.73,3.36
"2020-12-29 21:10:00",36762,3.864,89.7,0,0,791.6,1.441,129.7,12.18,3.533,5.092,0.42,0.253,4.724,2.54
"2020-12-29 21:20:00",36763,3.813,89.6,0,0,772,1.492,126,13.9,3.499,5.074,0.42,0.253,4.721,2.23
"2020-12-29 21:30:00",36764,3.733,89,0,0,756.2,0.915,145,16.34,3.296,5.055,0.42,0.253,4.715,2.12
"2020-12-29 21:40:00",36765,3.269,90.3,0,0,756.9,0.657,148.6,18.63,2.675,5.037,0.42,0.253,4.713,1.24
"2020-12-29 21:50:00",36766,2.587,92,0,0,760.7,0.331,224.9,89.2,1.641,5.009,0.42,0.253,4.712,0.82
"2020-12-29 22:00:00",36767,2.494,93.8,0,0,756,0.867,135.3,11.05,1.652,4.977,0.42,0.252,4.708,1.48
"2020-12-29 22:10:00",36768,2.707,94.3,0,0,745.4,1.226,131.4,18.3,2.051,4.951,0.42,0.252,4.7,2.11
"2020-12-29 22:20:00",36769,3.102,93.1,0,0,732.3,1.129,136.8,17.02,2.663,4.923,0.42,0.252,4.697,1.86
"2020-12-29 22:30:00",36770,3.321,91.9,0,0,717.4,1.175,129.5,12.84,2.944,4.902,0.42,0.251,4.697,1.56
"2020-12-29 22:40:00",36771,3.381,91.4,0,0,704.8,1.162,132.4,14.88,2.903,4.883,0.419,0.251,4.687,2.17
"2020-12-29 22:50:00",36772,3.438,91.6,0,0,692.5,0.997,134.7,12.37,3.055,4.866,0.419,0.251,4.687,1.69
"2020-12-29 23:00:00",36773,3.552,91.3,0,0,677.3,1.049,129.8,13.21,3.275,4.855,0.419,0.251,4.681,1.64
"2020-12-29 23:10:00",36774,3.566,91.3,0,0,664.1,1.236,135,11.44,3.341,4.846,0.419,0.251,4.679,2
"2020-12-29 23:20:00",36775,3.794,90.6,0,0,647.7,1.415,127.6,11.57,3.548,4.842,0.419,0.25,4.675,2.9
"2020-12-29 23:30:00",36776,3.769,90.1,0,0,632.3,1.154,143.9,16.61,3.595,4.841,0.419,0.25,4.665,1.75
"2020-12-29 23:40:00",36777,3.572,91,0,0,621.3,1.1,141.4,14.02,3.392,4.847,0.419,0.25,4.658,1.71
"2020-12-29 23:50:00",36778,3.458,91.4,0,0,613.2,0.903,147,14.3,3.15,4.847,0.419,0.25,4.649,1.65
"2020-12-30 00:00:00",36779,3.238,91.7,0,0,607.6,0.922,144.2,13.33,2.787,4.841,0.419,0.249,4.646,1.75
"2020-12-30 00:10:00",36780,2.856,92.3,0,0,606.1,0.558,143.2,18.19,2.353,4.836,0.418,0.249,4.642,1
"2020-12-30 00:20:00",36781,2.695,93,0,0,603.7,0.512,152.3,52.64,2.099,4.82,0.418,0.249,4.635,1.28
"2020-12-30 00:30:00",36782,2.061,93.4,0,0,605.7,0.553,202.9,18.9,1.633,4.795,0.418,0.249,4.635,0.94
"2020-12-30 00:40:00",36783,1.852,94.7,0,0,623.1,0.428,169.1,42.02,1.386,4.77,0.418,0.249,4.628,0.93
"2020-12-30 00:50:00",36784,1.711,95.4,0,0,626.9,0.605,182.4,14.95,1.23,4.74,0.418,0.249,4.619,0.84
"2020-12-30 01:00:00",36785,1.602,96,0,0,634.7,0.621,149.4,14.88,0.906,4.71,0.418,0.248,4.615,0.95
"2020-12-30 01:10:00",36786,1.52,96.5,0,0,642.7,0.729,137.1,31.12,0.489,4.68,0.418,0.248,4.615,1.12
"2020-12-30 01:20:00",36787,1.399,96.7,0,0,648,0.776,164,16.17,0.643,4.645,0.418,0.248,4.606,1.7
"2020-12-30 01:30:00",36788,1.784,97,0,0,649.6,1.053,150,19.21,1.039,4.611,0.418,0.248,4.607,1.92
"2020-12-30 01:40:00",36789,2.07,96.4,0,0,648,1.044,154.3,14.29,1.34,4.579,0.418,0.247,4.598,1.93
"2020-12-30 01:50:00",36790,2.246,95.8,0,0,643.4,0.902,138.7,19.18,1.434,4.546,0.417,0.247,4.585,1.61
"2020-12-30 02:00:00",36791,2.221,95.1,0,0,640.2,0.654,106.1,63.34,1.324,4.515,0.417,0.247,4.581,1.36
"2020-12-30 02:10:00",36792,1.911,95.1,0,0,637.2,0.617,307.8,20.86,1.118,4.484,0.417,0.247,4.577,0.98
"2020-12-30 02:20:00",36793,1.527,95.1,0,0,634.7,0.301,346.1,28.5,1.091,4.459,0.417,0.247,4.577,0.68
"2020-12-30 02:30:00",36794,1.218,95.5,0,0,632.4,0.191,29.51,51.11,0.926,4.435,0.417,0.246,4.561,0.43
"2020-12-30 02:40:00",36795,1.314,96,0,0,629.6,0.37,253.4,35.2,1.017,4.421,0.417,0.246,4.555,0.86
"2020-12-30 02:50:00",36796,1.565,96.4,0,0,625.4,0.541,198.1,15.78,1.229,4.413,0.417,0.246,4.549,1.02
"2020-12-30 03:00:00",36797,1.558,96.5,0,0,621.9,0.259,283.4,66.86,1.353,4.407,0.417,0.246,4.541,0.47
"2020-12-30 03:10:00",36798,1.74,96.8,0,0,617.4,0.387,273.7,20.25,1.496,4.409,0.417,0.245,4.534,0.76
"2020-12-30 03:20:00",36799,1.758,96.9,0,0,613.1,0.35,339.4,26.18,1.539,4.408,0.417,0.245,4.526,0.59
"2020-12-30 03:30:00",36800,1.81,97,0,0,608.2,0.223,201.9,92.4,1.557,4.411,0.417,0.245,4.525,0.42
"2020-12-30 03:40:00",36801,1.902,97,0,0,603.1,0.316,143.5,57.77,1.665,4.418,0.417,0.245,4.513,0.47
"2020-12-30 03:50:00",36802,1.903,97.1,0,0,599.7,0.662,187.7,29.87,1.767,4.425,0.417,0.245,4.511,1.12
"2020-12-30 04:00:00",36803,1.966,97.2,0,0,597.2,0.496,113.4,35.06,1.834,4.435,0.416,0.245,4.496,1
"2020-12-30 04:10:00",36804,2.104,97.3,0,0,592.1,0.489,94.6,17.06,1.865,4.445,0.416,0.244,4.493,1
"2020-12-30 04:20:00",36805,2.28,97.3,0,0,585.1,0.517,158.2,63.23,1.926,4.454,0.416,0.244,4.484,1.19
"2020-12-30 04:30:00",36806,2.056,97,0,0,581.6,0.659,292.2,24.03,1.841,4.46,0.416,0.244,4.478,1.15
"2020-12-30 04:40:00",36807,1.78,97.1,0,0,594.4,0.326,121.1,92.4,1.516,4.468,0.416,0.244,4.465,0.58
"2020-12-30 04:50:00",36808,1.983,97.3,0,0,649.7,0.708,142,24.29,1.509,4.476,0.416,0.244,4.464,1.14
"2020-12-30 05:00:00",36809,2.109,97.3,0,0,720.8,0.843,133.3,16.31,1.619,4.483,0.416,0.243,4.457,1.4
"2020-12-30 05:10:00",36810,2.356,97.3,0,0,747.7,1.185,151.6,30.62,1.783,4.485,0.416,0.243,4.45,2.26
"2020-12-30 05:20:00",36811,2.773,96.9,0,0,740.2,1.176,163.2,19.25,2.115,4.479,0.416,0.243,4.446,1.88
"2020-12-30 05:30:00",36812,3.245,95.3,0.1,0,735.7,1.674,204.4,12.06,2.568,4.471,0.416,0.243,4.439,2.97
"2020-12-30 05:40:00",36813,3.843,91.3,0,0,725.1,2.262,214.8,12.21,3.136,4.465,0.416,0.243,4.434,3.7
"2020-12-30 05:50:00",36814,3.883,90.1,0,0,709.1,1.79,227.7,9,3.107,4.447,0.416,0.243,4.427,2.92
"2020-12-30 06:00:00",36815,3.73,90.5,0,0,699.3,1.518,210.3,11.28,3.028,4.427,0.416,0.243,4.423,2.54
"2020-12-30 06:10:00",36816,3.475,91.3,0,0,687,1.117,157.6,23.6,2.732,4.411,0.416,0.243,4.417,1.71
"2020-12-30 06:20:00",36817,3.403,92.3,0,0,672,0.937,128,15.84,2.507,4.395,0.416,0.242,4.408,1.36
"2020-12-30 06:30:00",36818,3.273,92.7,0,0,659.2,0.915,161.8,9.41,2.424,4.381,0.415,0.242,4.412,1.49
"2020-12-30 06:40:00",36819,3.216,93.2,0,0,648.7,0.858,131.9,9.51,2.406,4.375,0.415,0.242,4.404,1.36
"2020-12-30 06:50:00",36820,3.115,93.7,0,0,635.8,1.248,126.5,10.6,2.307,4.369,0.415,0.242,4.4,1.62
"2020-12-30 07:00:00",36821,2.893,93.7,0,0,629.1,0.665,137.4,11.97,2.281,4.364,0.415,0.242,4.398,1.22
"2020-12-30 07:10:00",36822,2.312,94,0,0,628.6,0.852,179.8,11.29,1.723,4.365,0.415,0.242,4.392,1.11
"2020-12-30 07:20:00",36823,1.846,95,0,0,629.9,0.769,151.9,16.3,1.326,4.358,0.415,0.241,4.385,1.16
"2020-12-30 07:30:00",36824,1.735,95.9,0,0,633.5,0.963,135.1,13.52,0.985,4.35,0.415,0.241,4.384,1.61
"2020-12-30 07:40:00",36825,1.688,96.2,0,0,637,0.665,154.2,23.24,0.928,4.337,0.415,0.241,4.372,1.01
"2020-12-30 07:50:00",36826,1.275,96.4,0,0,639.5,0.776,195,11.48,0.8,4.318,0.416,0.242,4.373,1.07
"2020-12-30 08:00:00",36827,1.211,96.8,0,0.089,637.1,0.763,186.5,9.66,0.837,4.298,0.415,0.241,4.365,1.09
"2020-12-30 08:10:00",36828,1.295,97.2,0,0.652,634,0.46,150.3,17.01,1.004,4.283,0.415,0.241,4.358,0.8
"2020-12-30 08:20:00",36829,1.469,97.4,0,1.426,631,0.52,153.7,22.34,1.185,4.27,0.415,0.241,4.356,0.94
"2020-12-30 08:30:00",36830,1.638,97.5,0,4.317,626.4,0.518,162.1,43.21,1.344,4.258,0.415,0.241,4.349,0.88
"2020-12-30 08:40:00",36831,1.574,97.5,0,11.25,625.3,0.961,189.6,4.335,1.283,4.255,0.415,0.241,4.341,1.16
"2020-12-30 08:50:00",36832,1.501,97.6,0,15.89,622.2,0.775,163.3,16.31,1.319,4.254,0.415,0.241,4.338,1.25
"2020-12-30 09:00:00",36833,1.643,97.7,0,15.35,617.6,0.615,137.3,11.15,1.547,4.252,0.415,0.241,4.333,1.12
"2020-12-30 09:10:00",36834,1.929,97.8,0,21.21,613.1,0.7,143,22.05,1.791,4.256,0.415,0.24,4.326,1.12
"2020-12-30 09:20:00",36835,2.058,97.7,0,24.41,608.5,0.905,162.4,9.59,1.949,4.259,0.415,0.24,4.319,1.35
"2020-12-30 09:30:00",36836,2.436,97.6,0,39.26,600.5,1.285,144.1,9.65,2.37,4.27,0.415,0.24,4.32,2.04
"2020-12-30 09:40:00",36837,2.85,96.5,0,39.16,579,1.361,135.9,11.37,2.854,4.286,0.415,0.24,4.307,2.08
"2020-12-30 09:50:00",36838,3.186,94.4,0,36.42,552.3,1.055,143.5,13.51,3.148,4.304,0.415,0.24,4.309,1.61
"2020-12-30 10:00:00",36839,3.312,93.1,0,45.35,534.9,0.719,173.1,22.23,3.222,4.324,0.414,0.239,4.305,1.23
"2020-12-30 10:10:00",36840,3.28,92.9,0,44.38,512.8,1.042,186.8,14.08,3.247,4.347,0.414,0.239,4.298,2.04
"2020-12-30 10:20:00",36841,3.398,93.1,0,34.56,488.6,0.697,146.5,22.76,3.408,4.376,0.414,0.239,4.287,1.21
"2020-12-30 10:30:00",36842,3.539,93.4,0,49.69,473.1,0.7,140.1,14.13,3.644,4.407,0.414,0.239,4.288,1.1
"2020-12-30 10:40:00",36843,3.765,93.6,0,79.45,456.5,0.92,126,13.52,3.983,4.443,0.414,0.239,4.279,1.27
"2020-12-30 10:50:00",36844,4.213,92.4,0,94.4,434,0.72,130,17.64,4.484,4.488,0.414,0.239,4.278,1.07
"2020-12-30 11:00:00",36845,4.534,90.5,0,95.6,399.7,0.834,101.9,26.39,4.829,4.537,0.414,0.238,4.276,1.2
"2020-12-30 11:10:00",36846,4.91,88.8,0,108.7,353.6,0.514,154.5,65.29,5.115,4.601,0.414,0.238,4.27,1.21
"2020-12-30 11:20:00",36847,5.046,88,0,95.2,323.1,1.017,169,31.28,5.171,4.666,0.414,0.238,4.266,1.68
"2020-12-30 11:30:00",36848,4.98,88.5,0,92,290.9,1.525,186.1,31.5,5.137,4.741,0.414,0.238,4.26,3.08
"2020-12-30 11:40:00",36849,5.218,86.7,0,72.14,265.5,3.034,229.2,13.33,5.282,4.816,0.414,0.238,4.255,4.65
"2020-12-30 11:50:00",36850,5.218,86.4,0,61.4,263.3,2.656,224.6,13.93,5.223,4.893,0.414,0.238,4.262,3.95
"2020-12-30 12:00:00",36851,5.244,86.6,0,61.17,262.7,2.835,213.4,10.31,5.25,4.968,0.414,0.238,4.26,4.73
"2020-12-30 12:10:00",36852,5.275,86.6,0,66.43,274.2,2.557,214.3,10.28,5.297,5.032,0.414,0.238,4.255,4.71
"2020-12-30 12:20:00",36853,5.281,86.8,0,65.7,290.3,2.927,216.9,10.15,5.312,5.089,0.414,0.238,4.262,4.33
"2020-12-30 12:30:00",36854,5.293,85.7,0,66.17,262,3.087,220.7,10.57,5.323,5.139,0.414,0.238,4.266,4.35
"2020-12-30 12:40:00",36855,5.291,85.7,0,68.84,262,2.975,216.6,14.42,5.334,5.191,0.414,0.238,4.264,4.54
"2020-12-30 12:50:00",36856,5.275,85.5,0,57.43,262,3.457,217.1,10.75,5.33,5.237,0.414,0.237,4.266,5.45
"2020-12-30 13:00:00",36857,5.253,85.9,0,51.03,262,2.683,223.4,15.11,5.296,5.283,0.414,0.237,4.278,3.88
"2020-12-30 13:10:00",36858,5.303,85.5,0,53.24,262,2.907,231,13.92,5.364,5.326,0.414,0.238,4.282,4.55
"2020-12-30 13:20:00",36859,5.27,85.7,0,39.97,262.8,3.106,228.4,15.29,5.305,5.362,0.413,0.237,4.289,4.62
"2020-12-30 13:30:00",36860,5.248,85.8,0,31.45,262.1,3.144,220.8,12.03,5.261,5.397,0.413,0.237,4.294,4.75
"2020-12-30 13:40:00",36861,5.252,85.8,0,57.18,262,3.075,226.3,11.81,5.284,5.432,0.414,0.237,4.303,4.78
"2020-12-30 13:50:00",36862,5.334,86.3,0,47.37,262,2.417,222.2,13.95,5.387,5.46,0.414,0.238,4.305,3.94
"2020-12-30 14:00:00",36863,5.339,86,0,26.75,262,2.667,228,14.3,5.342,5.485,0.414,0.237,4.322,3.86
"2020-12-30 14:10:00",36864,5.344,86,0,29.69,262,2.78,226.5,13.58,5.33,5.511,0.414,0.237,4.33,4.1
"2020-12-30 14:20:00",36865,5.302,85.8,0,15.58,262.3,2.773,228.2,10.82,5.264,5.532,0.414,0.238,4.334,4.65
"2020-12-30 14:30:00",36866,5.176,87.1,0,11.94,273.1,2.325,211.2,10.09,5.128,5.551,0.413,0.238,4.349,3.27
"2020-12-30 14:40:00",36867,5.088,87.7,0,10.09,264.9,2.492,220.8,10.16,5.03,5.567,0.413,0.238,4.352,3.83
"2020-12-30 14:50:00",36868,5.088,88,0,10.35,263.6,2.161,216.8,11.02,5.014,5.577,0.413,0.237,4.367,3.3
"2020-12-30 15:00:00",36869,5.05,88.5,0,7.215,267,1.706,210.5,11.63,4.964,5.584,0.413,0.237,4.378,2.67
"2020-12-30 15:10:00",36870,4.941,89.2,0,7.499,285.5,3.345,208.4,10.43,4.88,5.589,0.413,0.237,4.383,5.19
"2020-12-30 15:20:00",36871,4.811,89.6,0,12.61,267.2,3.557,220.4,11.14,4.783,5.589,0.413,0.237,4.395,5.28
"2020-12-30 15:30:00",36872,4.756,89.7,0,12.34,262.8,3.14,225.3,10.97,4.719,5.593,0.413,0.237,4.405,5.45
"2020-12-30 15:40:00",36873,4.725,90.3,0,21.25,263,2.857,199.8,13.15,4.69,5.598,0.413,0.237,4.416,3.96
"2020-12-30 15:50:00",36874,4.594,91.4,0,31.53,262.7,3.023,185.1,13.59,4.593,5.598,0.413,0.238,4.43,4.89
"2020-12-30 16:00:00",36875,4.276,90.7,0,26.54,262.7,3.487,187.9,10.43,4.263,5.597,0.413,0.237,4.44,5.21
"2020-12-30 16:10:00",36876,4.095,91,0,10.41,262.7,2.584,194.6,11.29,4.086,5.598,0.413,0.239,4.447,3.54
"2020-12-30 16:20:00",36877,4.091,90.5,0,6.415,262.7,2.285,200.2,8.47,4.096,5.593,0.413,0.238,4.455,3.65
"2020-12-30 16:30:00",36878,4.105,90.1,0,3.336,262.6,2.088,201.2,9.81,4.083,5.589,0.413,0.238,4.462,3.27
"2020-12-30 16:40:00",36879,4.174,89.8,0,1.838,262.5,2.059,192.5,10.1,4.135,5.58,0.413,0.237,4.477,2.94
"2020-12-30 16:50:00",36880,4.137,90.1,0,1.509,262.8,1.85,181.7,11.56,4.05,5.565,0.413,0.237,4.475,2.66
"2020-12-30 17:00:00",36881,4.074,90.5,0,0.624,263.3,1.899,181.3,12.09,3.869,5.554,0.413,0.237,4.483,3.32
"2020-12-30 17:10:00",36882,3.937,90.8,0,0.05,264.5,1.923,179.9,11.05,3.594,5.531,0.413,0.237,4.497,2.77
"2020-12-30 17:20:00",36883,3.914,91.3,0,0,263.3,1.706,167.2,13.58,3.627,5.51,0.413,0.237,4.505,2.64
"2020-12-30 17:30:00",36884,4.069,91.4,0,0,289.8,1.583,172.8,22.96,3.8,5.483,0.413,0.237,4.508,3.36
"2020-12-30 17:40:00",36885,4.055,91.8,0,0,393.5,3.38,200.1,10.18,3.907,5.458,0.413,0.237,4.515,5.22
"2020-12-30 17:50:00",36886,3.885,91.5,0,0,362.9,2.333,192,10.94,3.691,5.427,0.413,0.237,4.531,3.91
"2020-12-30 18:00:00",36887,3.459,92.6,0,0,356,0.943,159.8,12.2,3.056,5.394,0.413,0.237,4.531,1.9
"2020-12-30 18:10:00",36888,3.395,94.1,0,0,356.5,1.259,179.7,9.08,2.905,5.367,0.413,0.237,4.534,2.08
"2020-12-30 18:20:00",36889,3.422,94.8,0,0,351.8,0.807,168.2,11.1,2.891,5.332,0.413,0.237,4.545,1
"2020-12-30 18:30:00",36890,3.385,95.1,0,0,347.5,0.808,157.6,17.01,2.917,5.301,0.413,0.237,4.544,1.39
"2020-12-30 18:40:00",36891,3.52,95.7,0,0,341.8,1.664,169.1,12.27,3.208,5.274,0.413,0.237,4.552,2.61
"2020-12-30 18:50:00",36892,3.797,95.7,0,0,329.7,1.853,188.2,11.99,3.615,5.25,0.413,0.237,4.551,2.67
"2020-12-30 19:00:00",36893,3.905,95.2,0,0,317.6,1.753,206.1,13.23,3.708,5.235,0.413,0.237,4.556,2.87
"2020-12-30 19:10:00",36894,4.058,94.1,0,0,298.9,1.959,218.1,10.27,3.873,5.216,0.413,0.237,4.567,2.74
"2020-12-30 19:20:00",36895,4.188,93,0,0,277.7,2.411,214.6,9.49,4.044,5.205,0.413,0.237,4.559,3.71
"2020-12-30 19:30:00",36896,4.187,92.7,0,0,266.4,1.768,210.4,6.699,4.028,5.197,0.412,0.237,4.558,2.58
"2020-12-30 19:40:00",36897,4.199,92.9,0,0,286.2,1.66,214.8,7.621,4.033,5.192,0.412,0.237,4.556,2.6
"2020-12-30 19:50:00",36898,4.238,93.1,0,0,393.4,1.856,213.9,10.29,4.102,5.204,0.412,0.237,4.566,2.87
"2020-12-30 20:00:00",36899,4.32,92.7,0,0,578,2.147,237.6,14.46,4.2,5.215,0.412,0.237,4.562,3.56
"2020-12-30 20:10:00",36900,4.358,91.1,0.1,0,865,3.018,241.2,13.4,4.256,5.229,0.412,0.237,4.563,5.39
"2020-12-30 20:20:00",36901,4.303,90.6,0,0,867,2.091,237,13.55,4.191,5.235,0.412,0.237,4.558,3.08
"2020-12-30 20:30:00",36902,4.312,90.5,0,0,827,2.378,235.1,12.95,4.138,5.243,0.412,0.237,4.557,3.77
"2020-12-30 20:40:00",36903,4.271,90.9,0,0,804,2.02,220.9,9.71,4.085,5.247,0.412,0.237,4.563,3.32
"2020-12-30 20:50:00",36904,4.212,91.3,0,0,803,2.11,219,11.64,4.058,5.25,0.412,0.237,4.563,3.64
"2020-12-30 21:00:00",36905,4.184,91.3,0,0,764.1,2.363,217,9.74,4.05,5.252,0.412,0.237,4.567,4.66
"2020-12-30 21:10:00",36906,4.094,91.8,0,0,722.6,2.352,214.4,7.862,3.981,5.253,0.412,0.237,4.56,3.65
"2020-12-30 21:20:00",36907,4.144,90.9,0,0,728.2,2.839,210.8,7.718,4.027,5.257,0.412,0.237,4.557,3.82
"2020-12-30 21:30:00",36908,4.089,90.7,0,0,706.9,2.355,211.2,8.57,3.961,5.258,0.412,0.237,4.562,3.21
"2020-12-30 21:40:00",36909,4.044,91,0,0,675,2.219,215.9,8.14,3.894,5.256,0.412,0.237,4.563,3.09
"2020-12-30 21:50:00",36910,4.03,90.8,0,0,653.6,2.393,214,11.67,3.913,5.256,0.412,0.237,4.56,3.44
"2020-12-30 22:00:00",36911,4.044,90.8,0,0,627.3,3.047,195.8,12.43,3.92,5.25,0.412,0.237,4.562,5.09
"2020-12-30 22:10:00",36912,3.978,90.6,0,0,585.4,3.176,204.9,11.41,3.85,5.246,0.412,0.236,4.568,5.32
"2020-12-30 22:20:00",36913,3.78,90.9,0,0,566,2.576,203.8,11.89,3.54,5.237,0.412,0.236,4.557,4
"2020-12-30 22:30:00",36914,3.553,91.5,0,0,550.7,2.006,193.5,9.11,3.294,5.222,0.412,0.236,4.557,3.15
"2020-12-30 22:40:00",36915,3.331,91.8,0,0,545.8,1.632,182.8,10.37,2.914,5.204,0.412,0.236,4.564,2.35
"2020-12-30 22:50:00",36916,3.163,92.5,0,0,541.4,1.557,172.6,8.42,2.719,5.178,0.412,0.236,4.558,2.49
"2020-12-30 23:00:00",36917,3.023,92.8,0,0,538.5,1.447,168.8,11,2.488,5.142,0.412,0.236,4.557,2.08
"2020-12-30 23:10:00",36918,2.833,93.5,0,0,547.3,1.318,165.7,14.61,2.192,5.109,0.412,0.236,4.564,2.05
"2020-12-30 23:20:00",36919,2.708,93.8,0,0,556.4,1.209,181.1,9.56,1.867,5.063,0.412,0.236,4.569,1.67
"2020-12-30 23:30:00",36920,2.498,94,0,0,563.5,1.061,164.1,14.86,1.54,5.016,0.412,0.236,4.559,1.48
"2020-12-30 23:40:00",36921,2.311,94.3,0,0,572.8,0.863,152.7,11.77,1.162,4.963,0.412,0.236,4.563,1.58
"2020-12-30 23:50:00",36922,2.162,94.7,0,0,583.2,1.02,155.9,9.41,1.025,4.902,0.412,0.236,4.569,1.78
"2020-12-31 00:00:00",36923,2.139,94.5,0,0,591.9,1.157,161.4,9.23,1.209,4.843,0.412,0.236,4.564,2.14
"2020-12-31 00:10:00",36924,2.011,94,0,0,600.3,1.148,184.5,16.14,0.989,4.785,0.412,0.236,4.551,2.21
"2020-12-31 00:20:00",36925,1.628,94.2,0,0,613.6,0.671,197.5,17.69,0.392,4.722,0.412,0.236,4.563,1.02
"2020-12-31 00:30:00",36926,1.291,94.8,0,0,622.8,0.521,160.5,17.58,0.031,4.661,0.412,0.235,4.548,0.85
"2020-12-31 00:40:00",36927,0.802,95.2,0,0,630.9,0.301,157.3,24.33,-0.2,4.598,0.412,0.235,4.551,0.51
"2020-12-31 00:50:00",36928,0.699,95.9,0,0,640.1,0.201,180.6,39.66,-0.135,4.54,0.412,0.235,4.548,0.37
"2020-12-31 01:00:00",36929,0.73,96.3,0,0,650.5,0.393,187.5,17.4,-0.161,4.483,0.412,0.235,4.547,0.53
"2020-12-31 01:10:00",36930,0.432,96.5,0,0,661.9,0.295,140.2,57.25,-0.362,4.435,0.411,0.235,4.537,0.47
"2020-12-31 01:20:00",36931,0.406,96.8,0,0,670.7,0.365,82.6,7.275,-0.354,4.392,0.411,0.235,4.53,0.55
"2020-12-31 01:30:00",36932,0.323,97,0,0,682.1,0.504,120.1,22.16,-0.404,4.35,0.411,0.235,4.528,0.86
"2020-12-31 01:40:00",36933,0.287,97.2,0,0,690.5,0.729,198.3,26.13,-0.285,4.316,0.411,0.235,4.522,0.87
"2020-12-31 01:50:00",36934,0.379,97.5,0,0,694.4,0.444,135.8,21.48,-0.119,4.286,0.411,0.235,4.514,0.75
"2020-12-31 02:00:00",36935,0.291,97.5,0,0,696.9,0.408,298.3,27.07,-0.169,4.249,0.411,0.235,4.498,0.63
"2020-12-31 02:10:00",36936,-0.044,97.5,0,0,701.7,0.261,322.3,72.75,-0.363,4.215,0.411,0.234,4.499,0.51
"2020-12-31 02:20:00",36937,0.054,97.7,0,0,709.6,0.491,127.9,33.8,-0.525,4.186,0.411,0.234,4.489,0.9
"2020-12-31 02:30:00",36938,0.177,97.9,0,0,718.5,0.542,123.4,28.72,-0.638,4.156,0.411,0.234,4.478,1.03
"2020-12-31 02:40:00",36939,0.391,98,0,0,725,0.605,130,27.28,-0.551,4.124,0.411,0.234,4.461,1.39
"2020-12-31 02:50:00",36940,0.826,97.6,0,0,726.1,0.947,134.2,16.72,-0.164,4.094,0.411,0.235,4.464,1.53
"2020-12-31 03:00:00",36941,1.256,95.4,0,0,725.5,1.029,141,11.2,0.382,4.062,0.412,0.235,4.447,1.56
"2020-12-31 03:10:00",36942,1.369,92,0,0,725.3,0.957,142.3,11.17,0.545,4.035,0.411,0.234,4.446,1.57
"2020-12-31 03:20:00",36943,1.216,91,0,0,726.2,0.994,147.4,14.48,0.447,4.004,0.411,0.234,4.419,2.38
"2020-12-31 03:30:00",36944,1.346,89.9,0,0,721.9,1.168,144,12.95,0.672,3.97,0.411,0.234,4.42,2.08
"2020-12-31 03:40:00",36945,1.369,88.9,0,0,715.6,1.258,144.7,13.73,0.769,3.941,0.411,0.234,4.407,2.14
"2020-12-31 03:50:00",36946,1.611,87.1,0,0,703.9,1.454,144.7,11.9,1.012,3.911,0.411,0.234,4.395,2.99
"2020-12-31 04:00:00",36947,1.368,87.1,0,0,695,0.937,147.8,15.42,0.768,3.879,0.411,0.234,4.38,1.69
"2020-12-31 04:10:00",36948,0.995,88.5,0,0,692.8,0.732,163.5,22.62,0.286,3.85,0.411,0.233,4.375,1.66
"2020-12-31 04:20:00",36949,0.961,88.9,0,0,688.9,0.678,163.1,27.85,0.288,3.819,0.411,0.233,4.372,1.41
"2020-12-31 04:30:00",36950,0.964,88.1,0,0,679.9,0.541,193.9,58.36,0.395,3.787,0.411,0.233,4.352,1.36
"2020-12-31 04:40:00",36951,1.28,88.3,0,0,663,1.323,118.5,18.52,0.676,3.762,0.411,0.233,4.336,2.25
"2020-12-31 04:50:00",36952,1.332,87.8,0,0,647.8,0.94,181.7,38.17,0.755,3.74,0.411,0.233,4.328,1.61
"2020-12-31 05:00:00",36953,1.008,89.5,0,0,644.1,0.789,166,24.75,0.474,3.718,0.411,0.233,4.317,1.71
"2020-12-31 05:10:00",36954,1.039,90.2,0,0,640.7,0.842,159,24.77,0.549,3.698,0.411,0.233,4.304,1.69
"2020-12-31 05:20:00",36955,1.04,90.1,0,0,637.3,0.953,195.8,24.16,0.657,3.679,0.411,0.233,4.289,1.77
"2020-12-31 05:30:00",36956,0.755,91.3,0,0,638.1,0.986,199.9,40.81,0.352,3.656,0.411,0.232,4.278,2.08
"2020-12-31 05:40:00",36957,0.707,92,0,0,638.4,1.135,158.3,29.75,0.234,3.638,0.411,0.232,4.271,3.67
"2020-12-31 05:50:00",36958,1.419,89.1,0,0,619.7,1.975,122.6,16.38,0.96,3.618,0.411,0.232,4.264,3.34
"2020-12-31 06:00:00",36959,1.464,88.3,0,0,588.7,2.077,111.7,9.89,1.038,3.604,0.41,0.232,4.242,3
"2020-12-31 06:10:00",36960,1.607,87.6,0,0,551.6,1.873,124.6,13.29,1.214,3.589,0.41,0.232,4.233,3.55
"2020-12-31 06:20:00",36961,1.76,86.1,0,0,518.6,1.607,126.8,14.48,1.321,3.577,0.41,0.231,4.217,2.79
"2020-12-31 06:30:00",36962,1.729,85.9,0,0,487.8,1.878,127,19.47,1.313,3.561,0.41,0.231,4.208,4.32
"2020-12-31 06:40:00",36963,1.705,85.9,0,0,456.1,2.376,120.2,10.67,1.33,3.548,0.41,0.231,4.195,3.66
"2020-12-31 06:50:00",36964,1.598,86.3,0,0,430.9,1.661,132.7,27.08,1.291,3.535,0.41,0.231,4.187,3.46
"2020-12-31 07:00:00",36965,1.62,86.3,0,0,395.7,1.485,135.4,22.26,1.316,3.515,0.41,0.231,4.175,3.67
"2020-12-31 07:10:00",36966,1.696,86,0,0,341.3,1.663,133,18.85,1.424,3.508,0.41,0.231,4.169,2.98
"2020-12-31 07:20:00",36967,1.532,86.4,0,0,312.9,0.783,205.8,59.84,1.33,3.493,0.41,0.23,4.156,2.75
"2020-12-31 07:30:00",36968,1.191,88.4,0,0,294.9,0.801,235.2,67.81,0.975,3.482,0.41,0.23,4.14,1.76
"2020-12-31 07:40:00",36969,1.203,89.3,0,0,280.3,0.899,200.3,32.97,0.857,3.469,0.41,0.23,4.13,2.18
"2020-12-31 07:50:00",36970,1.483,87.8,0,0,266.1,0.944,138.9,33.31,1.103,3.462,0.41,0.23,4.122,2.25
"2020-12-31 08:00:00",36971,1.891,85.3,0,0.162,262.3,1.978,123.6,12.89,1.521,3.453,0.41,0.23,4.102,3.22
"2020-12-31 08:10:00",36972,2.077,83.7,0,0.797,262.2,2.452,115.3,11.27,1.633,3.452,0.41,0.23,4.094,3.75
"2020-12-31 08:20:00",36973,2.235,82.6,0,2.056,262.2,2.51,121,9.45,1.889,3.449,0.41,0.23,4.084,4.23
"2020-12-31 08:30:00",36974,2.201,82.6,0,4.913,262.2,2.411,120.2,13.23,1.862,3.446,0.41,0.23,4.076,3.67
"2020-12-31 08:40:00",36975,2.169,82.7,0,8.77,262.2,2.535,116.7,11.32,1.858,3.446,0.41,0.23,4.069,3.91
"2020-12-31 08:50:00",36976,2.183,82.6,0,14.76,262.2,2.662,119.9,10.77,1.865,3.445,0.41,0.23,4.054,3.96
"2020-12-31 09:00:00",36977,2.237,82.2,0,22.59,262,2.5,117,10.2,1.943,3.444,0.409,0.229,4.045,3.77
"2020-12-31 09:10:00",36978,2.305,81.6,0,25.59,261.6,2.58,116.2,10.98,2.007,3.448,0.41,0.229,4.039,3.64
"2020-12-31 09:20:00",36979,2.283,81.9,0,18.36,261.5,2.153,143.3,42.04,2.053,3.449,0.41,0.229,4.026,3.6
"2020-12-31 09:30:00",36980,2.104,83.5,0,17.91,265.6,2.235,209.2,16.42,1.819,3.452,0.41,0.23,4.009,4.68
"2020-12-31 09:40:00",36981,2.687,79.69,0,20.16,277.7,2.063,223.1,19.36,2.233,3.465,0.41,0.229,4.013,4.91
"2020-12-31 09:50:00",36982,2.275,84.1,0,17.05,332.1,2.879,216.5,13.39,2.023,3.474,0.41,0.229,3.996,4.43
"2020-12-31 10:00:00",36983,1.828,88.3,0,19.82,466.2,2.408,214.2,9.69,1.68,3.486,0.41,0.229,3.991,4.09
"2020-12-31 10:10:00",36984,1.574,90.6,0.1,30.71,721.8,1.064,171.4,36.11,1.465,3.51,0.41,0.229,3.973,1.93
"2020-12-31 10:20:00",36985,1.506,91.7,0,35.94,949,0.649,138.7,24.65,1.503,3.525,0.41,0.229,3.967,1.23
"2020-12-31 10:30:00",36986,1.475,92.7,0,37.32,1030,0.576,131.5,16.93,1.55,3.53,0.41,0.229,3.957,1.09
"2020-12-31 10:40:00",36987,1.521,93.3,0.1,49.12,1048,0.637,76.83,30.35,1.657,3.548,0.41,0.229,3.947,1.35
"2020-12-31 10:50:00",36988,1.519,93.6,0,52.46,1035,0.781,104.3,40.32,1.704,3.564,0.41,0.228,3.947,1.68
"2020-12-31 11:00:00",36989,1.541,93.8,0,41.43,1017,0.718,93.9,35.68,1.746,3.582,0.41,0.228,3.934,1.88
"2020-12-31 11:10:00",36990,1.525,93.4,0,49.44,1049,1.251,98.8,15,1.752,3.608,0.41,0.228,3.925,2.37
"2020-12-31 11:20:00",36991,1.613,93.2,0.1,63.63,1004,0.812,105.4,28.13,1.845,3.637,0.41,0.228,3.918,1.5
"2020-12-31 11:30:00",36992,1.712,93.1,0,68.72,1002,1.026,87.5,19.97,1.954,3.668,0.41,0.228,3.91,2.06
"2020-12-31 11:40:00",36993,1.817,93.3,0,73.29,997,0.711,128.1,43.36,2.065,3.71,0.41,0.228,3.901,1.55
"2020-12-31 11:50:00",36994,1.94,93.4,0.1,71.98,989,0.639,121.6,29.02,2.267,3.756,0.41,0.228,3.896,1.26
"2020-12-31 12:00:00",36995,1.907,93.6,0,64.84,973,1.052,97.4,20.04,2.253,3.804,0.41,0.228,3.887,1.8
"2020-12-31 12:10:00",36996,1.92,93.8,0,65.05,998,1.241,96.8,20.48,2.229,3.859,0.41,0.228,3.885,2.07
"2020-12-31 12:20:00",36997,2.026,93.7,0.1,67.44,1069,0.688,107,31.24,2.311,3.917,0.41,0.228,3.878,1.37
"2020-12-31 12:30:00",36998,2.125,93.8,0.1,79.36,1025,1.083,121.1,23.14,2.435,3.973,0.41,0.228,3.866,2.51
"2020-12-31 12:40:00",36999,2.268,93.9,0.2,95.8,1031,0.984,122.9,19.28,2.661,4.034,0.41,0.228,3.872,1.86
"2020-12-31 12:50:00",37000,2.296,94,0,82,1043,1.087,125.2,15.88,2.711,4.094,0.41,0.228,3.864,1.82
"2020-12-31 13:00:00",37001,2.268,94.1,0.1,56.66,1016,1.721,118,16.25,2.625,4.152,0.41,0.228,3.86,2.9
"2020-12-31 13:10:00",37002,2.315,94.3,0.1,71.59,1018,1.638,126.3,14.24,2.625,4.214,0.41,0.228,3.856,2.59
"2020-12-31 13:20:00",37003,2.476,94.4,0.1,135.6,962,1.626,120,13.61,2.855,4.272,0.41,0.228,3.855,2.39
"2020-12-31 13:30:00",37004,2.724,94.2,0,145.1,974,1.442,129.4,20.7,3.137,4.334,0.41,0.228,3.858,2.41
"2020-12-31 13:40:00",37005,2.9,93.8,0,92.4,976,1.361,123.1,20.68,3.304,4.4,0.41,0.228,3.856,2.94
"2020-12-31 13:50:00",37006,3.122,94,0,75.84,967,0.861,114.1,18.9,3.439,4.47,0.41,0.228,3.856,1.48
"2020-12-31 14:00:00",37007,3.145,93.9,0,93.8,930,1.452,94.5,19,3.499,4.54,0.41,0.228,3.858,2.32
"2020-12-31 14:10:00",37008,3.265,93.5,0,133,895,1.681,95.9,15.89,3.678,4.611,0.41,0.228,3.858,2.39
"2020-12-31 14:20:00",37009,3.551,92.9,0,145.1,869,1.663,109.5,18.33,3.99,4.68,0.41,0.228,3.86,3.35
"2020-12-31 14:30:00",37010,4.007,92.1,0,138.6,850,1.37,95.7,28.14,4.406,4.744,0.411,0.229,3.866,2.01
"2020-12-31 14:40:00",37011,4.039,92.1,0,78.54,819,1.537,77.71,12.95,4.383,4.816,0.411,0.229,3.872,2.13
"2020-12-31 14:50:00",37012,4.028,92.2,0,54.91,802,1.374,65.76,27.2,4.319,4.893,0.411,0.229,3.88,2.12
"2020-12-31 15:00:00",37013,4.063,91.9,0,43.4,781.3,1.101,88.3,21.69,4.28,4.961,0.411,0.229,3.885,1.87
"2020-12-31 15:10:00",37014,4.12,92.3,0,24.06,754.8,1.314,90.6,14.17,4.286,5.018,0.411,0.229,3.894,1.89
"2020-12-31 15:20:00",37015,4.123,92.9,0,23.56,737.2,0.682,80,26.88,4.226,5.064,0.411,0.229,3.899,1.24
"2020-12-31 15:30:00",37016,4.182,93,0,34.18,717.1,0.399,107.8,36.27,4.29,5.102,0.411,0.229,3.905,0.77
"2020-12-31 15:40:00",37017,4.23,93.1,0,24.66,702.7,0.351,103.3,57.7,4.363,5.135,0.411,0.229,3.916,1.18
"2020-12-31 15:50:00",37018,4.153,92.9,0,20.9,708.4,0.329,46.59,76.39,4.23,5.158,0.411,0.229,3.924,0.7
"2020-12-31 16:00:00",37019,3.972,93,0,19.84,709.5,0.437,322.4,27.68,3.858,5.177,0.411,0.229,3.937,0.77
"2020-12-31 16:10:00",37020,3.736,93.6,0,18.72,707.2,0.645,28.35,39.4,3.361,5.185,0.411,0.229,3.944,1.2
"2020-12-31 16:20:00",37021,3.517,94.2,0,11.42,711.8,0.573,20.81,15.43,3.068,5.183,0.411,0.229,3.956,0.89
"2020-12-31 16:30:00",37022,3.327,94.9,0,7.863,738.6,0.685,63.16,24.83,2.729,5.173,0.411,0.229,3.972,1.32
"2020-12-31 16:40:00",37023,3.084,95.4,0,4.522,740.5,0.421,147,21.86,2.471,5.156,0.411,0.229,3.984,0.78
"2020-12-31 16:50:00",37024,2.794,96,0,1.437,742.2,0.376,207.7,24.92,2.038,5.129,0.411,0.229,3.989,0.7
"2020-12-31 17:00:00",37025,2.52,96.5,0,0.54,744.6,0.369,350.4,24.2,1.474,5.094,0.411,0.229,4.011,0.72
"2020-12-31 17:10:00",37026,2.364,96.8,0,0.045,745.1,0.481,47.71,32.4,1.509,5.056,0.411,0.229,4.015,0.77
"2020-12-31 17:20:00",37027,2.417,97.2,0,0,741.5,0.299,151.1,31.66,1.73,5.018,0.411,0.229,4.035,0.6
"2020-12-31 17:30:00",37028,2.2,97.2,0,0,765.3,0.361,88.9,61.04,1.955,4.98,0.411,0.229,4.038,0.73
"2020-12-31 17:40:00",37029,2.212,97.5,0,0,813,0.304,226.9,73.32,2.123,4.953,0.411,0.229,4.052,0.61
"2020-12-31 17:50:00",37030,2.211,97.6,0.1,0,853,0.505,311.9,30.1,2.189,4.929,0.411,0.229,4.065,0.83
"2020-12-31 18:00:00",37031,2.309,97.8,0,0,1020,0.428,331.5,40.55,2.299,4.909,0.411,0.229,4.066,0.74
"2020-12-31 18:10:00",37032,2.373,98,0.1,0,1032,0.449,322.3,32.12,2.4,4.897,0.411,0.229,4.071,0.68
"2020-12-31 18:20:00",37033,2.506,98.1,0,0,1081,0.39,42.29,64.46,2.499,4.886,0.411,0.229,4.081,0.58
"2020-12-31 18:30:00",37034,2.59,98.2,0.1,0,1089,0.299,346.7,75.04,2.591,4.879,0.411,0.23,4.088,0.65
"2020-12-31 18:40:00",37035,2.709,98.3,0.1,0,1140,0.449,118.4,17.85,2.665,4.875,0.411,0.23,4.099,0.77
"2020-12-31 18:50:00",37036,2.798,98.4,0.2,0,1141,0.224,219.8,65.16,2.732,4.869,0.411,0.23,4.103,0.43
"2020-12-31 19:00:00",37037,2.999,98.5,0.2,0,1101,0.471,129.3,37.48,2.881,4.866,0.411,0.229,4.105,0.97
"2020-12-31 19:10:00",37038,3.127,98.5,0.3,0,1103,1.011,124.6,31.69,3.052,4.867,0.411,0.229,4.109,1.51
"2020-12-31 19:20:00",37039,3.205,98.5,0.1,0,1065,0.901,148.4,20.9,3.152,4.866,0.411,0.229,4.113,1.57
"2020-12-31 19:30:00",37040,3.328,98.5,0.1,0,1078,0.886,160,12.68,3.246,4.871,0.411,0.23,4.112,1.49
"2020-12-31 19:40:00",37041,3.353,98.5,0.3,0,1107,1.181,174.8,6.833,3.279,4.879,0.411,0.23,4.125,1.59
"2020-12-31 19:50:00",37042,3.35,98.4,0.3,0,1078,1.286,124.6,24.42,3.315,4.88,0.412,0.23,4.121,1.79
"2020-12-31 20:00:00",37043,3.354,98.3,0,0,982,0.999,99.5,28.97,3.343,4.884,0.412,0.23,4.119,1.79
"2020-12-31 20:10:00",37044,3.257,98.1,0,0,977,0.507,135.4,37.63,3.245,4.888,0.412,0.23,4.129,0.94
"2020-12-31 20:20:00",37045,3.214,98.1,0,0,915,0.598,129.6,53.31,3.157,4.891,0.412,0.23,4.131,0.91
"2020-12-31 20:30:00",37046,3.07,98,0,0,913,0.768,89.8,38.35,3.029,4.895,0.412,0.23,4.134,1.35
"2020-12-31 20:40:00",37047,3.062,98,0,0,990,0.936,120.6,27.28,3.065,4.9,0.413,0.231,4.134,1.69
"2020-12-31 20:50:00",37048,3.052,98,0.1,0,1008,0.822,154.1,14.68,3.063,4.901,0.413,0.231,4.135,1.59
"2020-12-31 21:00:00",37049,3.032,97.9,0,0,1093,0.952,143,14.29,3.05,4.904,0.413,0.231,4.143,1.62
"2020-12-31 21:10:00",37050,3.037,97.9,0,0,1084,0.889,144.1,18.14,3.069,4.908,0.413,0.231,4.136,1.33
"2020-12-31 21:20:00",37051,3.072,97.8,0.1,0,1092,0.877,145.7,20.88,3.118,4.911,0.413,0.231,4.143,1.44
"2020-12-31 21:30:00",37052,3.103,97.8,0,0,1139,0.917,144.4,22.88,3.138,4.914,0.413,0.231,4.149,1.74
"2020-12-31 21:40:00",37053,3.097,97.7,0,0,1081,0.924,166.2,12.98,3.13,4.917,0.413,0.232,4.146,1.48
"2020-12-31 21:50:00",37054,3.118,97.7,0,0,954,0.659,116.2,29.74,3.15,4.919,0.414,0.232,4.154,1
"2020-12-31 22:00:00",37055,3.046,97.7,0,0,983,0.294,100.9,57.07,3.08,4.921,0.414,0.231,4.157,0.65
"2020-12-31 22:10:00",37056,3.012,97.8,0,0,969,0.33,86.1,17.21,3.03,4.922,0.413,0.231,4.157,0.5
"2020-12-31 22:20:00",37057,3.004,97.9,0,0,1010,0.343,73.49,40.67,3.002,4.925,0.414,0.231,4.16,0.73
"2020-12-31 22:30:00",37058,3.011,98,0,0,1122,0.303,34.9,17.36,3.026,4.924,0.414,0.232,4.165,0.6
"2020-12-31 22:40:00",37059,2.998,98,0.1,0,1131,0.197,274.9,93.1,3.005,4.932,0.415,0.233,4.166,0.65
"2020-12-31 22:50:00",37060,2.978,98.2,0,0,1131,0.334,214.2,48.39,2.964,4.938,0.415,0.232,4.167,0.79
"2020-12-31 23:00:00",37061,3.088,98.3,0,0,1131,0.712,136.9,24,3.098,4.938,0.415,0.232,4.174,1.32
"2020-12-31 23:10:00",37062,3.169,98.4,0,0,1133,0.9,150.9,10.89,3.195,4.943,0.414,0.232,4.177,1.44
"2020-12-31 23:20:00",37063,3.219,98.5,0.2,0,990,1.112,144.3,14.5,3.247,4.947,0.414,0.232,4.178,1.66
"2020-12-31 23:30:00",37064,3.318,98.5,0,0,1008,1.202,153.1,12.98,3.34,4.951,0.414,0.232,4.178,1.86
"2020-12-31 23:40:00",37065,3.37,98.6,0,0,946,1.086,150.3,11.63,3.393,4.958,0.414,0.232,4.175,1.8
"2020-12-31 23:50:00",37066,3.388,98.6,0,0,961,0.926,157.3,7.732,3.385,4.961,0.414,0.232,4.179,1.38
