"2021-12-08 16:20:00",0,-0.339,100,0,0.672,668.8,"NAN",0,0,0.116,2.158,0.183,0.043,2.799,"NAN"
"2021-12-08 16:30:00",1,-0.346,100,0.1,0.397,649.6,2.372,229.8,10.27,0.109,2.159,0.183,0.043,2.797,3.07
"2021-12-08 16:40:00",2,-0.363,100,0,0.123,639.6,1.952,231.5,6.963,0.104,2.161,0.183,0.043,2.802,2.98
"2021-12-08 16:50:00",3,-0.374,100,0.1,0,636.9,1.516,246.8,14.58,0.091,2.162,0.183,0.043,2.805,2.36
"2021-12-08 17:00:00",4,-0.357,100,0,0,639.1,1.458,237.8,9.84,0.101,2.164,0.183,0.043,2.809,2.11
"2021-12-08 17:10:00",5,-0.354,100,0.1,0,638.1,1.047,248.2,28.31,0.103,2.167,0.183,0.043,2.805,1.89
"2021-12-08 17:20:00",6,-0.352,100,0,0,641.9,1.017,229.8,27.84,0.101,2.169,0.183,0.043,2.808,1.79
"2021-12-08 17:30:00",7,-0.346,100,0.1,0,646.8,1.195,204.1,21.11,0.113,2.172,0.183,0.043,2.812,1.99
"2021-12-08 17:40:00",8,-0.329,100,0,0,655.3,0.877,245.8,17.59,0.108,2.175,0.183,0.043,2.813,1.49
"2021-12-08 17:50:00",9,-0.366,100,0,0,658.6,0.987,200.9,22.1,0.099,2.177,0.183,0.043,2.811,1.94
"2021-12-08 18:00:00",10,-0.374,100,0.1,0,660.2,0.664,214.2,16.55,0.099,2.182,0.183,0.043,2.816,1.1
"2021-12-08 18:10:00",11,-0.362,100,0,0,667.4,0.955,225.6,16.34,0.114,2.183,0.183,0.043,2.816,1.95
"2021-12-08 18:20:00",12,-0.375,100,0.2,0,667.5,0.672,212.7,10.93,0.121,2.185,0.183,0.043,2.816,1.52
"2021-12-08 18:30:00",13,-0.349,100,0,0,674.2,1.016,228.8,13.51,0.144,2.188,0.183,0.043,2.818,2.16
"2021-12-08 18:40:00",14,-0.351,100,0.1,0,680.3,0.985,217.8,15.97,0.143,2.19,0.183,0.043,2.824,1.53
"2021-12-08 18:50:00",15,-0.344,100,0,0,680.5,0.582,212.9,14.66,0.128,2.192,0.183,0.043,2.822,1.56
"2021-12-08 19:00:00",16,-0.366,100,0,0,679.8,0.572,226.2,23.71,0.125,2.199,0.183,0.043,2.826,1.34
"2021-12-08 19:10:00",17,-0.375,100,0.1,0,682.6,0.642,229.5,24.65,0.125,2.198,0.183,0.043,2.83,1.67
"2021-12-08 19:20:00",18,-0.35,100,0,0,686.4,0.506,230.4,14.86,0.123,2.2,0.183,0.043,2.826,1.31
"2021-12-08 19:30:00",19,-0.35,100,0.1,0,687.6,0.805,224.2,21.67,0.132,2.202,0.183,0.043,2.835,2.36
"2021-12-08 19:40:00",20,-0.356,100,0,0,692.8,0.736,0,0,0.159,2.204,0.183,0.043,2.834,1.87
"2021-12-08 19:50:00",21,-0.328,100,0,0,705.1,0.785,225.1,33.91,0.18,2.206,0.183,0.043,2.833,2.65
"2021-12-08 20:00:00",22,-0.325,100,0.1,0,716.2,0.639,0,0,0.166,2.209,0.183,0.043,2.837,1.6
"2021-12-08 20:10:00",23,-0.326,100,0,0,721.9,0.624,206.9,47.99,0.161,2.21,0.183,0.043,2.831,1.97
"2021-12-08 20:20:00",24,-0.329,100,0.1,0,728.1,0.655,0,0,0.158,2.211,0.183,0.043,2.838,1.85
"2021-12-08 20:30:00",25,-0.337,100,0,0,726.5,0.578,0,0,0.153,2.212,0.183,0.043,2.841,1.76
"2021-12-08 20:40:00",26,-0.329,100,0,0,732.2,0.228,0,0,0.16,2.214,0.183,0.043,2.842,0.93
"2021-12-08 20:50:00",27,-0.323,100,0.1,0,738.7,0.305,257.7,78.56,0.164,2.215,0.183,0.043,2.845,1.09
"2021-12-08 21:00:00",28,-0.287,100,0,0,742.6,0.199,0,0,0.152,2.218,0.183,0.043,2.844,0.73
"2021-12-08 21:10:00",29,-0.277,100,0,0,746.8,0.277,0,0,0.166,2.219,0.183,0.043,2.842,0.8
"2021-12-08 21:20:00",30,-0.305,100,0,0,749.3,0.302,0,0,0.162,2.222,0.183,0.043,2.846,0.97
"2021-12-08 21:30:00",31,-0.319,100,0.1,0,749.7,0.378,288.4,87.6,0.181,2.225,0.183,0.043,2.85,1.7
"2021-12-08 21:40:00",32,-0.305,100,0,0,758.3,0.519,201.5,87.7,0.191,2.226,0.183,0.043,2.848,3.18
"2021-12-08 21:50:00",33,-0.3,100,0,0,768.8,0.705,200.2,68.43,0.218,2.227,0.183,0.043,2.843,2.51
"2021-12-08 22:00:00",34,-0.286,100,0.1,0,788.5,1.513,243.1,19.99,0.249,2.23,0.183,0.043,2.852,3.89
"2021-12-08 22:10:00",35,-0.279,100,0,0,818,1.623,252.9,23.85,0.258,2.23,0.183,0.043,2.855,3.33
"2021-12-08 22:20:00",36,-0.284,100,0,0,840,1.421,240.8,16.29,0.237,2.232,0.183,0.043,2.856,2.62
"2021-12-08 22:30:00",37,-0.302,100,0,0,865,2.004,238.5,9.8,0.211,2.234,0.183,0.043,2.856,2.98
"2021-12-08 22:40:00",38,-0.309,100,0.1,0,885,2.211,231.2,8.83,0.198,2.234,0.183,0.043,2.856,3
"2021-12-08 22:50:00",39,-0.356,100,0,0,896,2.648,222.7,10.01,0.166,2.237,0.183,0.043,2.86,3.5
"2021-12-08 23:00:00",40,-0.369,100,0,0,902,2.337,231.1,11.26,0.159,2.24,0.183,0.043,2.86,3.27
"2021-12-08 23:10:00",41,-0.349,100,0,0,903,2.422,225.2,10.03,0.149,2.24,0.183,0.043,2.862,3.27
"2021-12-08 23:20:00",42,-0.313,100,0.1,0,906,2.802,235.7,11.57,0.175,2.244,0.183,0.043,2.866,4.12
"2021-12-08 23:30:00",43,-0.295,100,0,0,908,2.068,241.1,14.9,0.178,2.245,0.183,0.043,2.866,3.46
"2021-12-08 23:40:00",44,-0.294,100,0,0,907,1.804,231.1,11.66,0.167,2.243,0.183,0.043,2.863,2.92
"2021-12-08 23:50:00",45,-0.308,100,0,0,906,1.842,217.3,10.05,0.153,2.244,0.183,0.043,2.862,2.61
"2021-12-09 00:00:00",46,-0.292,100,0.1,0,907,2.328,226,9.34,0.159,2.246,0.183,0.043,2.871,3.44
"2021-12-09 00:10:00",47,-0.275,100,0,0,909,2.521,238.9,12.49,0.157,2.246,0.183,0.043,2.871,3.79
"2021-12-09 00:20:00",48,-0.266,100,0,0,911,3.056,236.9,10.44,0.166,2.248,0.183,0.043,2.874,4.92
"2021-12-09 00:30:00",49,-0.265,100,0,0,913,2.669,239.4,12.4,0.162,2.248,0.183,0.043,2.87,4.06
"2021-12-09 00:40:00",50,-0.254,100,0.2,0,914,2.179,239.3,13.12,0.161,2.248,0.183,0.043,2.875,3.79
"2021-12-09 00:50:00",51,-0.266,100,0,0,912,2.296,230.4,13.16,0.159,2.248,0.183,0.043,2.88,4.05
"2021-12-09 01:00:00",52,-0.289,100,0,0,910,2.041,216.2,12.39,0.157,2.251,0.183,0.043,2.875,3.5
"2021-12-09 01:10:00",53,-0.314,100,0,0,907,1.631,210.2,15.36,0.148,2.252,0.183,0.043,2.876,2.32
"2021-12-09 01:20:00",54,-0.325,100,0.1,0,902,1.809,217.9,9.31,0.136,2.253,0.183,0.043,2.88,2.89
"2021-12-09 01:30:00",55,-0.331,100,0,0,898,1.699,213.4,12.11,0.157,2.257,0.183,0.043,2.879,2.66
"2021-12-09 01:40:00",56,-0.328,100,0,0,892,1.445,212.1,17.13,0.164,2.257,0.183,0.043,2.879,2.36
"2021-12-09 01:50:00",57,-0.314,100,0,0,888,1.676,217.1,14.23,0.161,2.258,0.183,0.043,2.885,2.39
"2021-12-09 02:00:00",58,-0.345,100,0,0,884,0.967,197.6,14.55,0.164,2.261,0.183,0.043,2.877,1.82
"2021-12-09 02:10:00",59,-0.331,100,0,0,882,1.076,198.8,16.52,0.162,2.261,0.183,0.043,2.885,2.38
"2021-12-09 02:20:00",60,-0.339,100,0.1,0,880,1.24,210.4,14.46,0.169,2.263,0.183,0.043,2.891,2.26
"2021-12-09 02:30:00",61,-0.31,100,0,0,755.7,1.722,226.7,8.88,0.161,2.264,0.183,0.043,2.881,2.41
"2021-12-09 02:40:00",62,-0.318,100,0,0,356.4,1.498,188.6,11.45,0.181,2.265,0.183,0.043,2.884,2.65
"2021-12-09 02:50:00",63,-0.309,100,0,0,348.4,1.746,192.9,11.64,0.195,2.266,0.183,0.043,2.886,2.49
"2021-12-09 03:00:00",64,-0.313,100,0,0,356.7,2.183,203.8,11.02,0.222,2.268,0.183,0.043,2.884,3.39
"2021-12-09 03:10:00",65,-0.307,100,0.1,0,369.5,2.748,204.6,15.66,0.225,2.267,0.183,0.043,2.885,4.42
"2021-12-09 03:20:00",66,-0.32,100,0,0,381.2,2.718,197.9,10.85,0.229,2.267,0.183,0.043,2.885,3.7
"2021-12-09 03:30:00",67,-0.327,100,0,0,383.4,2.471,203.8,15.84,0.206,2.268,0.183,0.043,2.887,3.75
"2021-12-09 03:40:00",68,-0.315,100,0,0,388.4,1.85,207.6,12.02,0.201,2.267,0.183,0.043,2.885,2.84
"2021-12-09 03:50:00",69,-0.257,100,0,0,415.8,2.46,207.6,11.51,0.258,2.266,0.183,0.043,2.892,3.74
"2021-12-09 04:00:00",70,-0.268,100,0,0,446.7,2.368,211.7,11.81,0.248,2.268,0.183,0.043,2.885,3.3
"2021-12-09 04:10:00",71,-0.279,100,0.1,0,458,2.224,213.5,14.42,0.234,2.267,0.183,0.043,2.885,3.24
"2021-12-09 04:20:00",72,-0.289,100,0,0,424.5,2.513,217.1,15.72,0.205,2.269,0.183,0.043,2.886,3.32
"2021-12-09 04:30:00",73,-0.327,100,0,0,409,2.152,210.7,15.06,0.223,2.27,0.183,0.043,2.891,3.47
"2021-12-09 04:40:00",74,-0.324,100,0,0,428.6,1.976,199.9,17.15,0.229,2.268,0.183,0.043,2.888,4.48
"2021-12-09 04:50:00",75,-0.244,100,0.1,0,477.4,2.587,206.7,13.49,0.251,2.269,0.183,0.043,2.89,3.57
"2021-12-09 05:00:00",76,-0.22,100,0,0,520,2.811,214.8,15.89,0.24,2.271,0.183,0.043,2.89,3.61
"2021-12-09 05:10:00",77,-0.209,100,0,0,567.3,2.73,211.6,15.04,0.238,2.269,0.183,0.043,2.89,3.94
"2021-12-09 05:20:00",78,-0.21,100,0,0,633.4,2.716,197.5,10.13,0.247,2.271,0.183,0.043,2.889,3.63
"2021-12-09 05:30:00",79,-0.206,100,0,0,775.6,2.443,204.4,14.54,0.257,2.272,0.183,0.043,2.886,3.46
"2021-12-09 05:40:00",80,-0.155,100,0.1,0,891,2.771,207.6,16.05,0.262,2.271,0.183,0.043,2.889,3.84
"2021-12-09 05:50:00",81,-0.115,100,0,0,955,2.53,224.3,17.59,0.258,2.272,0.183,0.043,2.89,3.61
"2021-12-09 06:00:00",82,-0.119,100,0,0,1067,2.391,221.2,20.41,0.25,2.273,0.183,0.043,2.889,3.56
"2021-12-09 06:10:00",83,-0.145,100,0,0,1094,2.473,222.3,16.68,0.238,2.273,0.183,0.043,2.889,3.52
"2021-12-09 06:20:00",84,-0.147,100,0,0,1100,2.911,227,11.42,0.223,2.274,0.183,0.043,2.893,3.95
"2021-12-09 06:30:00",85,-0.126,100,0.1,0,1101,2.869,220.1,13.12,0.227,2.273,0.183,0.047,2.884,3.84
"2021-12-09 06:40:00",86,-0.171,100,0,0,1096,2.599,237.7,12.67,0.191,2.273,0.183,0.043,2.893,3.57
"2021-12-09 06:50:00",87,-0.204,100,0,0,1085,2.741,232.8,15.03,0.166,2.276,0.183,0.043,2.888,4.15
"2021-12-09 07:00:00",88,-0.247,100,0,0,1078,2.622,232.5,8.13,0.107,2.276,0.184,0.043,2.895,3.64
"2021-12-09 07:10:00",89,-0.222,100,0,0,1086,2.806,231.9,12.2,0.18,2.277,0.184,0.043,2.893,4.12
"2021-12-09 07:20:00",90,-0.258,100,0.1,0,1086,2.865,228.7,12.35,0.135,2.279,0.184,0.043,2.892,4.37
"2021-12-09 07:30:00",91,-0.289,100,0,0,1076,2.857,231.5,10.45,0.1,2.278,0.184,0.043,2.896,3.77
"2021-12-09 07:40:00",92,-0.308,100,0,0,1070,2.736,225.3,13.37,0.072,2.279,0.184,0.043,2.894,3.81
"2021-12-09 07:50:00",93,-0.297,100,0,0.179,1055,3,229.5,11.79,0.01,2.28,0.184,0.043,2.896,3.98
"2021-12-09 08:00:00",94,-0.28,100,0,0.593,1042,3.05,216.5,11.4,-0.019,2.283,0.184,0.043,2.895,4.18
"2021-12-09 08:10:00",95,-0.262,100,0.1,1.237,1040,3.084,209.7,12.64,-0.017,2.282,0.184,0.043,2.897,3.97
"2021-12-09 08:20:00",96,-0.245,100,0,2.166,1045,3.171,208.1,12.62,-0.004,2.283,0.184,0.043,2.893,4.48
"2021-12-09 08:30:00",97,-0.249,99.9,0,3.678,1048,3.07,203.8,11.72,0.011,2.282,0.184,0.043,2.897,4.55
"2021-12-09 08:40:00",98,-0.221,99.8,0,5.061,1054,3.057,205.6,12.73,0.044,2.282,0.184,0.043,2.895,3.91
"2021-12-09 08:50:00",99,-0.186,99.4,0,6.65,1065,2.827,204.2,13.15,0.099,2.282,0.184,0.043,2.897,4.36
"2021-12-09 09:00:00",100,-0.17,99.4,0.1,8.7,1082,3.023,200.4,10.14,0.11,2.283,0.184,0.043,2.901,4.53
"2021-12-09 09:10:00",101,-0.168,99.3,0,10.87,1097,3.028,201,11.01,0.106,2.283,0.184,0.043,2.9,4.55
"2021-12-09 09:20:00",102,-0.169,99.2,0,12.72,1106,3.053,200.1,9.25,0.142,2.28,0.184,0.043,2.905,5.14
"2021-12-09 09:30:00",103,-0.222,99.4,0,14.69,1111,2.866,193.4,13.63,0.163,2.278,0.184,0.043,2.903,4.5
"2021-12-09 09:40:00",104,-0.272,99.8,0.1,18.09,1112,2.738,197.3,14.42,0.135,2.277,0.184,0.043,2.897,3.8
"2021-12-09 09:50:00",105,-0.273,99.9,0,22.36,1111,2.491,200.1,14.77,0.11,2.279,0.184,0.043,2.899,3.76
"2021-12-09 10:00:00",106,-0.256,100,0,26.61,1107,2.893,201.6,12.85,0.099,2.276,0.184,0.043,2.903,4.36
"2021-12-09 10:10:00",107,-0.224,99.9,0,31.22,1105,2.986,199,12.18,0.171,2.276,0.184,0.043,2.897,5.14
"2021-12-09 10:20:00",108,-0.18,99.8,0.4,35.27,1107,3.18,203.6,12.71,0.206,2.275,0.184,0.043,2.898,4.77
"2021-12-09 10:30:00",109,-0.104,99.6,0.2,39.79,1101,3.105,198.9,12.51,0.273,2.273,0.184,0.043,2.899,5.14
"2021-12-09 10:40:00",110,-0.041,99.3,0.2,41.17,1054,2.907,201.9,13.49,0.363,2.271,0.184,0.043,2.896,4.3
"2021-12-09 10:50:00",111,0.003,99.2,0.2,40.68,1006,2.767,196.5,14.31,0.531,2.272,0.184,0.043,2.898,4.34
"2021-12-09 11:00:00",112,0.022,99.3,0.3,46.09,904,2.996,202.1,11.99,0.54,2.268,0.184,0.043,2.894,4.28
"2021-12-09 11:10:00",113,0.103,99.1,0.3,54.75,859,3.273,198.6,13.55,0.605,2.264,0.184,0.043,2.893,5.48
"2021-12-09 11:20:00",114,0.146,98.8,0.3,48.57,838,3.018,206.2,9.91,0.586,2.264,0.184,0.043,2.896,4.46
"2021-12-09 11:30:00",115,0.061,99.2,0.3,41.94,780.4,3.439,204.9,13.51,0.476,2.262,0.184,0.043,2.895,5.21
"2021-12-09 11:40:00",116,0.119,99.2,0.4,44.49,807,3.171,207.4,13.22,0.507,2.26,0.184,0.043,2.89,5.11
"2021-12-09 11:50:00",117,0.086,99.2,0.5,41.14,773.3,3.271,206,10.68,0.494,2.26,0.184,0.043,2.893,5.4
"2021-12-09 12:00:00",118,0.042,99.2,0.3,40.47,808,3.161,204.2,14.92,0.453,2.261,0.184,0.043,2.889,4.79
"2021-12-09 12:10:00",119,0.074,98.8,0.3,46.22,792.9,2.994,207.3,13.08,0.525,2.259,0.184,0.043,2.889,3.94
"2021-12-09 12:20:00",120,0.139,98.6,0.5,47.16,693.4,3.307,203.1,13.69,0.551,2.259,0.184,0.043,2.885,5.89
"2021-12-09 12:30:00",121,0.135,98.4,0.3,47.92,550.3,3.409,204,16.8,0.562,2.256,0.184,0.043,2.887,6.02
"2021-12-09 12:40:00",122,0.176,98.4,0.3,58.77,448.2,3.529,204.7,11.62,0.599,2.255,0.184,0.043,2.888,5.85
"2021-12-09 12:50:00",123,0.288,98,0.6,62.13,395.1,3.081,200,14.12,0.714,2.253,0.184,0.043,2.894,5.66
"2021-12-09 13:00:00",124,0.3,97.9,0.8,64.89,364.9,3.128,197,14.79,0.729,2.253,0.184,0.043,2.886,5.5
"2021-12-09 13:10:00",125,0.272,97.7,0.9,71.99,484.9,3.507,209.9,12.99,0.643,2.253,0.184,0.043,2.886,6.22
"2021-12-09 13:20:00",126,0.32,97.7,0.7,66,677.3,3.03,199.8,13.25,0.683,2.252,0.184,0.043,2.888,5.03
"2021-12-09 13:30:00",127,0.349,97.6,0.7,66.58,754.2,3.006,200.2,17.96,0.727,2.25,0.184,0.043,2.887,5.17
"2021-12-09 13:40:00",128,0.327,97.7,1,69.59,726.2,3.388,206.8,12.34,0.631,2.25,0.184,0.043,2.888,6.19
"2021-12-09 13:50:00",129,0.31,97.8,0.6,64.65,718.3,3.509,197.2,14.63,0.627,2.249,0.184,0.043,2.884,6.51
"2021-12-09 14:00:00",130,0.32,98,0.8,71.76,732.7,3.331,199.6,13.29,0.648,2.247,0.184,0.043,2.885,5.72
"2021-12-09 14:10:00",131,0.278,98.3,0.5,63.74,658.3,3.233,202.3,14,0.552,2.246,0.184,0.043,2.888,5.6
"2021-12-09 14:20:00",132,0.291,98.2,0.6,68.41,613.6,3.277,196.4,13.87,0.578,2.244,0.184,0.043,2.886,5.34
"2021-12-09 14:30:00",133,0.269,98.3,0.6,63.15,557.6,3.35,197.9,15.34,0.551,2.243,0.184,0.043,2.883,6.16
"2021-12-09 14:40:00",134,0.233,98.5,0.5,63.62,483.2,3.68,208.8,13.49,0.49,2.243,0.184,0.043,2.884,5.72
"2021-12-09 14:50:00",135,0.237,98.5,0.6,57.72,428.1,3.243,202.1,14.39,0.491,2.243,0.184,0.043,2.888,5.44
"2021-12-09 15:00:00",136,0.244,98.6,0.3,49.94,386.3,3.389,202.7,13.35,0.468,2.242,0.184,0.043,2.886,5.35
"2021-12-09 15:10:00",137,0.264,98.4,0.4,46.49,356.3,3.16,209.3,15.41,0.439,2.242,0.184,0.043,2.884,4.64
"2021-12-09 15:20:00",138,0.258,98.2,0.2,40.35,340.1,3.389,203.5,15.43,0.431,2.242,0.184,0.043,2.886,5.29
"2021-12-09 15:30:00",139,0.243,98.5,0.3,39.5,331.9,2.965,203.9,17.06,0.417,2.242,0.184,0.043,2.885,5.78
"2021-12-09 15:40:00",140,0.212,98.8,0.2,40.52,327.2,3.12,200.9,17.23,0.408,2.241,0.184,0.043,2.878,4.8
"2021-12-09 15:50:00",141,0.208,98.9,0.2,52.93,324.6,3.313,212.6,14.15,0.33,2.241,0.184,0.043,2.882,4.82
"2021-12-09 16:00:00",142,0.182,98.8,0.1,46.68,324.2,2.813,204.4,14.36,0.256,2.242,0.184,0.043,2.882,4.37
"2021-12-09 16:10:00",143,0.083,99.1,0.1,23.6,325.6,3.348,209.8,12.6,0.067,2.241,0.184,0.043,2.883,5.33
"2021-12-09 16:20:00",144,-0.039,99.4,0.1,8.32,328.8,3.044,205.6,15.37,-0.124,2.242,0.184,0.043,2.881,4.36
"2021-12-09 16:30:00",145,-0.05,99.6,0,4.562,329.8,2.822,202.2,14.89,-0.127,2.242,0.184,0.043,2.882,4.69
"2021-12-09 16:40:00",146,-0.031,99.4,0,2.239,329.8,3.174,208.8,11.33,-0.162,2.241,0.184,0.043,2.883,5.28
"2021-12-09 16:50:00",147,-0.092,99.4,0,0.638,330.6,3.407,209.7,12.16,-0.229,2.243,0.184,0.043,2.883,4.9
"2021-12-09 17:00:00",148,-0.141,99.7,0,0.017,331,2.729,204.8,12.11,-0.155,2.245,0.184,0.043,2.881,4.26
"2021-12-09 17:10:00",149,-0.148,100,0,0,330.7,2.821,203.9,14.8,-0.087,2.245,0.184,0.043,2.878,5.28
"2021-12-09 17:20:00",150,-0.205,100,0,0,332.5,2.935,208.4,11,-0.303,2.246,0.184,0.043,2.881,4.64
"2021-12-09 17:30:00",151,-0.227,100,0,0,333.7,2.941,197.4,17.63,-0.298,2.245,0.184,0.043,2.879,5.12
"2021-12-09 17:40:00",152,-0.292,100,0.1,0,334.5,2.396,193.3,17.53,-0.337,2.245,0.184,0.043,2.879,4.12
"2021-12-09 17:50:00",153,-0.332,100,0,0,337.6,2.935,196.7,14.69,-0.559,2.246,0.184,0.043,2.88,4.89
"2021-12-09 18:00:00",154,-0.414,100,0,0,341.2,2.616,193.7,10.73,-0.7,2.248,0.184,0.043,2.879,4.75
"2021-12-09 18:10:00",155,-0.343,100,0,0,340.4,2.598,192.2,15.04,-0.347,2.246,0.184,0.043,2.878,4.64
"2021-12-09 18:20:00",156,-0.272,100,0,0,338.4,2.369,193.1,15.61,-0.178,2.247,0.184,0.043,2.877,3.87
"2021-12-09 18:30:00",157,-0.199,99.9,0,0,335.6,2.719,202.3,13.64,-0.058,2.246,0.184,0.043,2.879,4.7
"2021-12-09 18:40:00",158,-0.158,99.5,0,0,330.5,3.271,200.1,15.6,-0.025,2.246,0.184,0.043,2.882,6.6
"2021-12-09 18:50:00",159,-0.185,99.1,0,0,325.6,2.812,200.7,17.84,-0.029,2.246,0.184,0.043,2.882,4.27
"2021-12-09 19:00:00",160,-0.191,99.1,0,0,322,3.305,198,15.62,-0.037,2.247,0.184,0.043,2.879,5.9
"2021-12-09 19:10:00",161,-0.213,99.1,0,0,319.3,3.209,202.6,16.4,-0.03,2.246,0.184,0.043,2.871,5.44
"2021-12-09 19:20:00",162,-0.232,99.1,0,0,318.1,2.926,198.4,16.6,-0.041,2.246,0.185,0.043,2.876,5.16
"2021-12-09 19:30:00",163,-0.194,98.9,0,0,314.1,2.896,184.4,16.46,0.021,2.246,0.185,0.043,2.877,4.86
"2021-12-09 19:40:00",164,-0.227,99,0,0,291.3,2.714,187.3,17.86,0.001,2.244,0.185,0.043,2.876,6.12
"2021-12-09 19:50:00",165,-0.201,98.8,0,0,282.1,2.997,184.8,18.18,-0.007,2.242,0.185,0.043,2.871,6.63
"2021-12-09 20:00:00",166,-0.237,98.8,0,0,281.6,3.242,176.9,22.18,-0.037,2.243,0.185,0.043,2.876,6.29
"2021-12-09 20:10:00",167,-0.283,98.9,0,0,281.6,2.612,178.5,19.04,-0.189,2.24,0.185,0.043,2.878,4.9
"2021-12-09 20:20:00",168,-0.427,98.8,0,0,282.1,2.724,191.6,21.21,-0.617,2.24,0.185,0.043,2.873,4.86
"2021-12-09 20:30:00",169,-0.519,98.7,0,0,282.2,2.768,195.7,19.72,-0.868,2.24,0.185,0.043,2.87,5.04
"2021-12-09 20:40:00",170,-0.507,98.6,0,0,282.5,3.377,200,17.73,-0.766,2.238,0.185,0.043,2.871,7.82
"2021-12-09 20:50:00",171,-0.483,98.6,0,0,282.4,3.079,199.3,19.42,-0.502,2.237,0.185,0.043,2.877,5.76
"2021-12-09 21:00:00",172,-0.531,98.9,0,0,282.4,3.15,190.9,19.35,-0.63,2.239,0.185,0.043,2.868,5.46
"2021-12-09 21:10:00",173,-0.565,98.9,0,0,282.7,3.272,199.9,20.61,-0.648,2.236,0.185,0.043,2.871,5.45
"2021-12-09 21:20:00",174,-0.48,99,0,0,282.3,2.952,196.5,16.46,-0.373,2.234,0.185,0.043,2.869,5.37
"2021-12-09 21:30:00",175,-0.382,98.9,0,0,281.9,3.714,197.5,19.1,-0.22,2.232,0.185,0.043,2.868,8.77
"2021-12-09 21:40:00",176,-0.364,98.7,0,0,281.3,3.515,195.1,16.03,-0.257,2.23,0.185,0.043,2.866,6.2
"2021-12-09 21:50:00",177,-0.501,98.8,0,0,281.5,3.678,198.9,18.63,-0.601,2.229,0.185,0.043,2.868,6.14
"2021-12-09 22:00:00",178,-0.597,98.8,0,0,281.7,3.296,196.4,20.17,-0.694,2.23,0.185,0.044,2.864,5.47
"2021-12-09 22:10:00",179,-0.615,98.9,0,0,281.4,2.776,189.3,20.12,-0.614,2.227,0.185,0.043,2.862,6.23
"2021-12-09 22:20:00",180,-0.683,98.9,0,0,282,2.916,188.1,20.16,-0.844,2.227,0.185,0.043,2.86,5.25
"2021-12-09 22:30:00",181,-0.677,98.8,0,0,282,2.893,198.6,19.69,-0.841,2.226,0.185,0.043,2.862,4.92
"2021-12-09 22:40:00",182,-0.742,99,0,0,282.1,2.716,194.4,23.84,-0.923,2.224,0.185,0.043,2.856,5.34
"2021-12-09 22:50:00",183,-0.788,99.1,0,0,282.7,2.612,197,17.93,-1.028,2.222,0.185,0.043,2.854,4.95
"2021-12-09 23:00:00",184,-0.856,99.1,0,0,282.7,2.446,194.1,26.08,-1.192,2.222,0.185,0.043,2.858,4
"2021-12-09 23:10:00",185,-0.911,99.2,0,0,282.9,1.952,189.3,18.84,-1.326,2.222,0.185,0.043,2.859,3.4
"2021-12-09 23:20:00",186,-0.957,99.2,0,0,283.4,2.428,202.6,17.61,-1.431,2.222,0.185,0.043,2.855,4.02
"2021-12-09 23:30:00",187,-1.065,99.3,0,0,283.7,2.429,202.1,19.74,-1.629,2.222,0.185,0.043,2.853,3.94
"2021-12-09 23:40:00",188,-1.074,99.4,0,0,284.3,2.58,200.3,19.25,-1.547,2.22,0.185,0.043,2.85,4.11
"2021-12-09 23:50:00",189,-1.008,99.5,0,0,284.8,2.333,197.1,20.56,-1.163,2.221,0.185,0.043,2.85,5.86
"2021-12-10 00:00:00",190,-0.962,99.7,0,0,284.8,1.933,194.5,19.28,-0.806,2.221,0.185,0.043,2.848,4.82
"2021-12-10 00:10:00",191,-1.011,99.8,0,0,284.8,1.836,170.9,27.1,-0.824,2.222,0.185,0.043,2.846,3.76
"2021-12-10 00:20:00",192,-1.37,100,0,0,284.6,1.621,137.6,19.13,-1.342,2.222,0.185,0.043,2.845,2.85
"2021-12-10 00:30:00",193,-1.699,100,0,0,284.8,1.479,158.7,18.94,-2.068,2.217,0.185,0.043,2.843,2.5
"2021-12-10 00:40:00",194,-1.872,100,0,0,285.5,1.528,147.8,15.11,-2.562,2.213,0.185,0.043,2.838,2.88
"2021-12-10 00:50:00",195,-2.054,100,0,0,286,1.564,149.1,16.17,-2.936,2.207,0.185,0.043,2.839,2.53
"2021-12-10 01:00:00",196,-2.289,100,0,0,286.2,1.012,150.7,19.82,-3.418,2.201,0.185,0.044,2.832,1.73
"2021-12-10 01:10:00",197,-2.441,100,0,0,286.8,1.208,154.7,19.41,-3.989,2.191,0.185,0.044,2.838,2.32
"2021-12-10 01:20:00",198,-2.515,100,0,0,287.4,1.298,138.4,16.97,-3.81,2.181,0.185,0.043,2.829,2.15
"2021-12-10 01:30:00",199,-2.512,100,0,0,287.8,1.269,124.8,18.58,-3.684,2.171,0.185,0.043,2.827,2.19
"2021-12-10 01:40:00",200,-2.728,100,0,0,288.2,0.812,116.8,36.3,-3.807,2.156,0.185,0.043,2.826,2.48
"2021-12-10 01:50:00",201,-3.292,100,0,0,288.6,0.561,49.26,29.82,-4.303,2.142,0.185,0.043,2.82,1.05
"2021-12-10 02:00:00",202,-3.348,100,0,0,289.2,0.682,98.7,37.54,-4.613,2.133,0.185,0.043,2.82,1.64
"2021-12-10 02:10:00",203,-2.9,100,0,0,289.7,1.147,127.7,24.13,-4.44,2.119,0.185,0.044,2.814,1.73
"2021-12-10 02:20:00",204,-2.98,100,0,0,290.1,0.976,147.3,18.34,-4.751,2.109,0.185,0.044,2.812,2.33
"2021-12-10 02:30:00",205,-2.875,100,0,0,290.7,1.685,142.1,16.86,-4.148,2.101,0.185,0.043,2.805,3.54
"2021-12-10 02:40:00",206,-2.915,100,0,0,291,1.347,138.6,18.03,-3.946,2.092,0.185,0.044,2.797,2.37
"2021-12-10 02:50:00",207,-3.102,100,0,0,291.2,1.129,144.7,19.09,-4.139,2.082,0.185,0.044,2.792,2.56
"2021-12-10 03:00:00",208,-3.239,100,0,0,291.6,1.44,142.3,27.44,-4.268,2.075,0.185,0.043,2.79,2.84
"2021-12-10 03:10:00",209,-3.378,100,0,0,291.7,1.394,132.9,19.82,-4.347,2.065,0.185,0.043,2.784,2.94
"2021-12-10 03:20:00",210,-3.369,100,0,0,292.3,1.386,145.3,13.48,-4.485,2.056,0.185,0.044,2.778,2.51
"2021-12-10 03:30:00",211,-3.449,99.5,0,0,292.3,1.483,135.5,16.91,-4.557,2.046,0.185,0.043,2.776,2.36
"2021-12-10 03:40:00",212,-3.556,99.3,0,0,292.6,1.402,120.3,21.57,-4.485,2.036,0.185,0.043,2.769,3.25
"2021-12-10 03:50:00",213,-3.526,98.7,0,0,293,1.849,148.4,17.28,-4.454,2.025,0.185,0.044,2.763,3.14
"2021-12-10 04:00:00",214,-3.443,97.9,0,0,293,1.759,159.5,15.04,-4.149,2.018,0.185,0.044,2.757,2.7
"2021-12-10 04:10:00",215,-3.4,97.3,0,0,293,1.776,144.1,17.69,-4.023,2.01,0.185,0.044,2.752,3.06
"2021-12-10 04:20:00",216,-3.724,97.6,0,0,293,1.11,134,21.28,-4.488,2.008,0.185,0.044,2.747,1.92
"2021-12-10 04:30:00",217,-3.791,98.3,0,0,293.5,1.259,137.9,17.65,-4.894,2.002,0.185,0.044,2.736,1.97
"2021-12-10 04:40:00",218,-3.723,98.2,0,0,293.7,1.246,130.2,21.3,-5.042,1.99,0.185,0.044,2.734,2.3
"2021-12-10 04:50:00",219,-3.933,98.3,0,0,293.7,0.841,190,36.79,-6.141,1.982,0.185,0.044,2.732,1.83
"2021-12-10 05:00:00",220,-4.26,99.5,0,0,293.7,0.408,0,0,-6.623,1.973,0.185,0.044,2.723,0.77
"2021-12-10 05:10:00",221,-4.301,100,0,0,293.8,0.575,209.6,41.32,-7.768,1.958,0.185,0.043,2.72,0.99
"2021-12-10 05:20:00",222,-4.882,99.9,0,0,293.8,0.425,20.5,31.65,-6.676,1.952,0.185,0.043,2.713,0.82
"2021-12-10 05:30:00",223,-5.548,100,0,0,294.3,0.803,49.04,7.991,-6.513,1.948,0.185,0.043,2.706,1.13
"2021-12-10 05:40:00",224,-6.453,100,0,0,294.2,1.204,42.98,7.865,-7.648,1.942,0.185,0.043,2.704,1.86
"2021-12-10 05:50:00",225,-6.505,100,0,0,294.4,0.917,49.1,12.55,-8.53,1.941,0.185,0.043,2.689,1.66
"2021-12-10 06:00:00",226,-5.977,100,0,0,294.4,0.692,27.34,18.8,-7.76,1.94,0.185,0.043,2.692,1.09
"2021-12-10 06:10:00",227,-5.41,100,0,0,294.7,0.729,40.77,46.87,-6.913,1.939,0.185,0.044,2.686,1.08
"2021-12-10 06:20:00",228,-5.433,99.5,0,0,294.5,0.807,48.41,24.2,-6.868,1.94,0.185,0.043,2.68,1.3
"2021-12-10 06:30:00",229,-6.023,98.7,0,0,294.9,0.82,40.59,7.404,-7.973,1.94,0.185,0.043,2.677,1.07
"2021-12-10 06:40:00",230,-6.292,99.5,0,0,295,0.569,16.46,11.29,-8.16,1.941,0.185,0.044,2.673,0.84
"2021-12-10 06:50:00",231,-6.388,99.8,0,0,295,0.737,40.41,12.44,-7.675,1.938,0.185,0.044,2.665,0.96
"2021-12-10 07:00:00",232,-6.872,99.7,0,0,295.1,0.813,48.56,11.54,-8.58,1.937,0.185,0.044,2.665,1.02
"2021-12-10 07:10:00",233,-7.454,99.9,0,0,295.1,0.504,116.4,61.86,-8.53,1.933,0.186,0.044,2.66,0.95
"2021-12-10 07:20:00",234,-6.624,100,0,0,295.1,0.404,279,75.6,-8.8,1.93,0.186,0.043,2.654,0.87
"2021-12-10 07:30:00",235,-6.726,100,0,0,295.1,0.217,0,0,-8.92,1.927,0.186,0.044,2.648,0.42
"2021-12-10 07:40:00",236,-6.9,100,0,0.314,295.1,0.207,0,0,-8.79,1.926,0.186,0.044,2.648,0.44
"2021-12-10 07:50:00",237,-7.245,100,0,1.691,295.2,0.38,340.3,44.11,-9.64,1.921,0.186,0.044,2.643,0.59
"2021-12-10 08:00:00",238,-6.957,100,0,4.744,295.8,0.403,325.4,44.87,-9.3,1.915,0.186,0.044,2.637,0.61
"2021-12-10 08:10:00",239,-7.056,100,0,8.03,295.7,0.28,0,0,-10.5,1.909,0.186,0.044,2.634,0.57
"2021-12-10 08:20:00",240,-6.962,100,0,15.55,295.8,0.704,339.9,62.68,-8.65,1.907,0.186,0.043,2.629,1.2
"2021-12-10 08:30:00",241,-6.789,100,0,31.68,295.8,0.32,0,0,-10.2,1.901,0.186,0.044,2.629,0.7
"2021-12-10 08:40:00",242,-6.555,100,0,36.16,295.8,0.345,182.4,70.31,-9.09,1.899,0.186,0.044,2.619,0.63
"2021-12-10 08:50:00",243,-7.027,99.6,0,41.3,295.8,0.551,46.66,10.48,-8.13,1.89,0.186,0.044,2.619,0.78
"2021-12-10 09:00:00",244,-7.977,98.9,0,49.57,295.8,0.802,37.95,9.87,-8.1,1.885,0.186,0.044,2.616,1.5
"2021-12-10 09:10:00",245,-7.787,99.1,0,54.92,295.8,1.065,35.63,20.97,-8.19,1.884,0.186,0.044,2.609,2.02
"2021-12-10 09:20:00",246,-6.328,99.5,0,56.19,295.8,0.881,69.75,26.29,-6.767,1.882,0.186,0.044,2.607,1.87
"2021-12-10 09:30:00",247,-6.295,98,0,67.26,295.8,1.395,52.2,8.77,-6.527,1.882,0.186,0.044,2.602,1.8
"2021-12-10 09:40:00",248,-6.315,97.9,0,73.59,295.7,0.751,73.95,56.24,-6.373,1.883,0.186,0.044,2.598,1.37
"2021-12-10 09:50:00",249,-5.099,97.5,0,81.9,295.7,0.713,153.3,31.76,-5.38,1.886,0.186,0.044,2.598,1.83
"2021-12-10 10:00:00",250,-4.691,95.3,0,86.1,295.7,0.781,102.8,53.58,-4.811,1.885,0.186,0.044,2.59,1.49
"2021-12-10 10:10:00",251,-4.529,94.3,0,88.3,295.7,0.586,0,0,-4.768,1.885,0.186,0.044,2.587,1.87
"2021-12-10 10:20:00",252,-5.021,93.9,0,90.6,295.7,1.15,341.6,8,-5.099,1.885,0.186,0.044,2.587,1.61
"2021-12-10 10:30:00",253,-4.682,93.9,0,88.2,295.7,0.55,352.7,24.41,-4.799,1.889,0.186,0.044,2.579,0.94
"2021-12-10 10:40:00",254,-4.463,92.8,0,97,295.5,0.555,33.31,18.77,-4.523,1.893,0.186,0.044,2.575,1.18
"2021-12-10 10:50:00",255,-4.539,93.4,0,98.9,295.3,0.862,31.96,32.31,-4.487,1.896,0.186,0.044,2.576,1.38
"2021-12-10 11:00:00",256,-3.847,94.4,0,132.2,295.7,0.305,310.2,39.65,-3.729,1.898,0.186,0.044,2.57,0.7
"2021-12-10 11:10:00",257,-3.466,91.5,0,157.3,295.2,0.584,11.52,22.34,-3.28,1.905,0.186,0.044,2.569,0.86
"2021-12-10 11:20:00",258,-3.621,91.8,0,146.1,295,0.892,38.06,12.22,-3.443,1.908,0.186,0.044,2.567,1.41
"2021-12-10 11:30:00",259,-3.172,92.7,0,134.8,294.9,0.443,28.22,15.41,-2.93,1.911,0.186,0.044,2.562,0.94
"2021-12-10 11:40:00",260,-2.648,91.6,0,124.2,294.8,0.381,62.91,48.97,-2.331,1.918,0.186,0.044,2.568,0.78
"2021-12-10 11:50:00",261,-1.994,90.2,0,120.2,296.5,0.213,136.7,68.12,-1.815,1.921,0.186,0.044,2.559,0.33
"2021-12-10 12:00:00",262,-1.372,89.3,0,113.7,298.5,0.332,0,0,-1.56,1.928,0.186,0.043,2.557,1.45
"2021-12-10 12:10:00",263,-1.916,88.3,0,106.3,295.3,1.435,209.5,15.21,-1.794,1.932,0.186,0.044,2.554,2.96
"2021-12-10 12:20:00",264,-2.099,87.2,0,126.8,294.6,2.051,196.6,23.4,-1.733,1.942,0.186,0.044,2.557,4.56
"2021-12-10 12:30:00",265,-2.234,87.5,0,127.2,293.9,2.349,206.2,20.92,-1.781,1.948,0.186,0.044,2.555,4.05
"2021-12-10 12:40:00",266,-2.272,90.1,0,119.9,293,2.739,203.4,16.34,-1.806,1.955,0.186,0.044,2.557,5.1
"2021-12-10 12:50:00",267,-2.113,92,0,108.8,292.5,2.434,184.8,23.46,-1.51,1.966,0.186,0.044,2.556,5.24
"2021-12-10 13:00:00",268,-2.04,93.3,0,78.41,292.2,1.513,180.3,23.37,-1.31,1.975,0.186,0.044,2.553,4.13
"2021-12-10 13:10:00",269,-1.979,94.7,0,74.87,292,1.74,178.9,26.29,-1.248,1.982,0.186,0.044,2.554,3.28
"2021-12-10 13:20:00",270,-1.638,94.5,0,62.23,291.6,1.733,164.9,21.01,-1.066,1.988,0.186,0.044,2.553,3.05
"2021-12-10 13:30:00",271,-1.393,93.8,0,56.49,291.6,1.78,165.9,23.64,-0.837,1.994,0.186,0.044,2.551,3.86
"2021-12-10 13:40:00",272,-1.552,95.1,0,58.28,291,1.902,165.6,22.72,-0.884,1.996,0.186,0.044,2.552,3.42
"2021-12-10 13:50:00",273,-1.607,96,0,66.36,290.9,1.599,179.8,23.16,-0.953,2.001,0.186,0.044,2.551,3.34
"2021-12-10 14:00:00",274,-1.574,95.8,0,73.75,290.7,1.551,189.8,28.58,-0.947,2.006,0.186,0.044,2.553,3.11
"2021-12-10 14:10:00",275,-1.68,95.6,0,74.41,290.2,1.788,178.3,30.48,-1.068,2.008,0.186,0.044,2.557,3.47
"2021-12-10 14:20:00",276,-1.735,96.4,0,65.64,290.2,1.708,164.2,26.2,-0.86,2.014,0.186,0.044,2.559,3.95
"2021-12-10 14:30:00",277,-1.746,96.6,0,58.14,289.7,2.281,207.6,15.61,-1.181,2.017,0.186,0.044,2.555,4.06
"2021-12-10 14:40:00",278,-1.83,96.7,0,42.58,289.4,2.013,195.9,22.72,-1.246,2.019,0.186,0.044,2.56,3.71
"2021-12-10 14:50:00",279,-1.906,97.7,0,28.13,289.4,1.975,170.3,18.94,-1.239,2.022,0.186,0.044,2.56,3.95
"2021-12-10 15:00:00",280,-1.978,98.6,0,20.65,289.5,1.955,159.2,22.39,-1.259,2.03,0.186,0.044,2.561,3.78
"2021-12-10 15:10:00",281,-2.005,99.1,0,19.81,289.5,2.114,141.2,16.46,-1.211,2.032,0.186,0.044,2.56,3.51
"2021-12-10 15:20:00",282,-1.906,99.2,0,20.38,289.5,1.591,161.6,26.53,-1.174,2.033,0.186,0.044,2.556,2.65
"2021-12-10 15:30:00",283,-1.734,98.8,0,15.25,289.5,2.165,166.8,26.37,-1.108,2.037,0.186,0.044,2.568,4.1
"2021-12-10 15:40:00",284,-1.366,98.6,0,12.75,289.5,3.218,197,26.4,-0.898,2.039,0.186,0.044,2.564,8.11
"2021-12-10 15:50:00",285,-1.069,98.3,0,12.51,289.5,3.912,194.3,19.79,-0.654,2.044,0.186,0.044,2.562,7.27
"2021-12-10 16:00:00",286,-0.811,98.1,0,12.49,289.5,4.949,200.7,18.5,-0.447,2.051,0.186,0.044,2.565,8.51
"2021-12-10 16:10:00",287,-0.609,98,0,9.92,289.5,5.478,202.4,14.23,-0.334,2.051,0.186,0.044,2.57,10.77
"2021-12-10 16:20:00",288,-0.501,98,0,4.283,289.1,4.818,198.5,18.88,-0.218,2.054,0.186,0.044,2.573,7.05
"2021-12-10 16:30:00",289,-0.48,98.4,0,1.59,288.8,4.708,201.3,19.11,-0.169,2.054,0.186,0.044,2.573,8.53
"2021-12-10 16:40:00",290,-0.46,98.8,0,0.823,288.8,4.652,204.2,16.05,-0.143,2.055,0.186,0.044,2.575,8.71
"2021-12-10 16:50:00",291,-0.408,99.2,0,0.123,288.6,4.292,207.3,16.27,-0.072,2.056,0.186,0.044,2.578,7.16
"2021-12-10 17:00:00",292,-0.306,99.2,0,0,292.4,4.325,207.7,17.94,0.003,2.06,0.186,0.044,2.577,8.16
"2021-12-10 17:10:00",293,-0.211,99.3,0,0,306.9,4.611,208,15.66,0.056,2.059,0.186,0.044,2.583,8.95
"2021-12-10 17:20:00",294,-0.127,99.2,0,0,338.5,4.319,202.8,18.08,0.113,2.064,0.186,0.044,2.587,8.13
"2021-12-10 17:30:00",295,-0.047,99.2,0,0,372.7,4.597,209,16.93,0.171,2.065,0.186,0.044,2.588,8.49
"2021-12-10 17:40:00",296,0.045,99.1,0,0,482.8,4.782,204.1,18.4,0.228,2.065,0.186,0.044,2.593,8.81
"2021-12-10 17:50:00",297,0.067,99.1,0,0,571.1,5.035,203.7,15.35,0.273,2.065,0.186,0.044,2.599,8.68
"2021-12-10 18:00:00",298,0.109,99.3,0,0,582.2,5.165,199.8,19.34,0.301,2.069,0.186,0.044,2.599,10
"2021-12-10 18:10:00",299,0.133,99.4,0,0,574.4,5.195,203.2,16.04,0.337,2.068,0.186,0.044,2.597,8.81
"2021-12-10 18:20:00",300,0.202,99.3,0,0,567.9,4.669,208.4,17.06,0.402,2.068,0.186,0.044,2.603,9.51
"2021-12-10 18:30:00",301,0.247,99.2,0,0,562.8,5.109,204.6,16.66,0.433,2.066,0.186,0.044,2.604,8.72
"2021-12-10 18:40:00",302,0.31,99,0,0,559.7,5.253,203.6,18.16,0.485,2.067,0.186,0.044,2.61,8.81
"2021-12-10 18:50:00",303,0.323,99,0,0,572.6,5.527,202,17.95,0.512,2.068,0.186,0.044,2.614,9.08
"2021-12-10 19:00:00",304,0.291,99.3,0,0,572.3,4.843,203.8,17.53,0.51,2.071,0.186,0.044,2.618,8.16
"2021-12-10 19:10:00",305,0.327,99.3,0,0,564.1,5.38,201.1,18.07,0.528,2.071,0.186,0.044,2.623,10.86
"2021-12-10 19:20:00",306,0.35,99.2,0,0,628.9,5.112,200.2,14.84,0.537,2.073,0.186,0.044,2.626,9.74
"2021-12-10 19:30:00",307,0.37,99.1,0,0,612.2,4.833,206.7,13.58,0.558,2.076,0.186,0.044,2.631,7.54
"2021-12-10 19:40:00",308,0.378,98.9,0.1,0,579.2,5.492,201.6,17.54,0.558,2.076,0.186,0.044,2.63,9.28
"2021-12-10 19:50:00",309,0.389,98.9,0.1,0,554.8,5.485,197.8,18.28,0.579,2.077,0.186,0.044,2.639,9.65
"2021-12-10 20:00:00",310,0.371,99,0.4,0,587.5,5.687,196.5,17.27,0.559,2.08,0.186,0.044,2.645,10.25
"2021-12-10 20:10:00",311,0.377,99.1,0.6,0,574.7,5.222,197.3,18.55,0.552,2.079,0.186,0.044,2.645,10.26
"2021-12-10 20:20:00",312,0.414,99.2,0.6,0,577.7,5.273,202.1,15.41,0.583,2.08,0.186,0.044,2.648,8.89
"2021-12-10 20:30:00",313,0.426,99.2,0.3,0,644.8,5.4,206.7,14.78,0.619,2.08,0.186,0.044,2.653,9.94
"2021-12-10 20:40:00",314,0.452,99.2,0.2,0,643.2,5.107,199.4,16.53,0.613,2.08,0.186,0.044,2.652,8.76
"2021-12-10 20:50:00",315,0.425,99.3,0.1,0,651.3,4.469,197.8,17.46,0.588,2.081,0.186,0.044,2.657,8.3
"2021-12-10 21:00:00",316,0.413,99.4,0.1,0,672.9,4.311,196.8,16.28,0.623,2.083,0.186,0.044,2.662,10.15
"2021-12-10 21:10:00",317,0.424,99.4,0.2,0,655.9,4.524,198.5,16.57,0.64,2.083,0.186,0.044,2.666,8.03
"2021-12-10 21:20:00",318,0.432,99.4,0.1,0,649.8,4.665,197.2,22.05,0.67,2.085,0.186,0.044,2.671,8.25
"2021-12-10 21:30:00",319,0.444,99.3,0.3,0,651.8,4.479,203,20.6,0.692,2.087,0.186,0.044,2.67,8.89
"2021-12-10 21:40:00",320,0.449,99.2,0.1,0,658.4,4.514,199.1,20.32,0.709,2.086,0.186,0.044,2.671,8.44
"2021-12-10 21:50:00",321,0.483,98.9,0.1,0,639,4.711,202.1,18.33,0.734,2.087,0.186,0.044,2.673,8.83
"2021-12-10 22:00:00",322,0.494,98.8,0.2,0,615.2,4.641,199.1,21.94,0.739,2.089,0.186,0.044,2.671,8.99
"2021-12-10 22:10:00",323,0.536,98.3,0.1,0,611.3,4.776,199.5,15.58,0.759,2.089,0.186,0.044,2.674,8
"2021-12-10 22:20:00",324,0.487,98.3,0.1,0,598.3,4.386,201,18.39,0.728,2.089,0.186,0.044,2.674,8.28
"2021-12-10 22:30:00",325,0.48,98.3,0.2,0,587.4,4.904,197.7,17.53,0.712,2.088,0.186,0.044,2.673,9.62
"2021-12-10 22:40:00",326,0.518,97.9,0.1,0,575.2,4.589,202.5,17.43,0.737,2.089,0.186,0.044,2.683,9.17
"2021-12-10 22:50:00",327,0.469,98.1,0.1,0,558.7,4.559,198.1,18.95,0.71,2.09,0.186,0.044,2.678,7.45
"2021-12-10 23:00:00",328,0.456,98.1,0.1,0,550.3,4.96,199.2,16.58,0.7,2.09,0.186,0.044,2.682,8.81
"2021-12-10 23:10:00",329,0.448,98,0.2,0,541.9,4.607,204.4,18.4,0.697,2.089,0.186,0.044,2.68,8.05
"2021-12-10 23:20:00",330,0.423,98.1,0.1,0,534.6,4.35,204.3,18.41,0.694,2.089,0.186,0.044,2.681,9.55
"2021-12-10 23:30:00",331,0.441,98,0.2,0,532.1,5.012,202.7,20.08,0.694,2.09,0.186,0.044,2.685,9.45
"2021-12-10 23:40:00",332,0.409,98,0.1,0,525.5,4.964,198.3,13.91,0.671,2.089,0.186,0.044,2.685,9.22
"2021-12-10 23:50:00",333,0.391,97.9,0.1,0,516.3,4.411,202,14.8,0.651,2.088,0.186,0.044,2.686,9.01
"2021-12-11 00:00:00",334,0.349,98.1,0.1,0,506.7,4.142,200,15.87,0.633,2.091,0.186,0.044,2.684,7.55
"2021-12-11 00:10:00",335,0.316,98.2,0,0,497.3,4.342,197.9,19.69,0.614,2.09,0.186,0.044,2.684,7.38
"2021-12-11 00:20:00",336,0.291,98.2,0.1,0,487,4.059,202.7,16.53,0.598,2.091,0.186,0.044,2.688,7.33
"2021-12-11 00:30:00",337,0.324,97.9,0.1,0,471.7,4.288,200.7,17.09,0.621,2.09,0.186,0.044,2.686,7.34
"2021-12-11 00:40:00",338,0.3,97.9,0,0,458.5,4.17,200.6,20.02,0.604,2.091,0.186,0.044,2.682,7.02
"2021-12-11 00:50:00",339,0.304,97.8,0.1,0,443.1,4.577,200.9,17.35,0.606,2.092,0.186,0.044,2.689,7.6
"2021-12-11 01:00:00",340,0.314,97.6,0.1,0,429.6,4.644,201.7,17.58,0.62,2.093,0.186,0.044,2.683,9.21
"2021-12-11 01:10:00",341,0.301,97.7,0.1,0,421.4,4.986,201,18.05,0.598,2.092,0.186,0.044,2.686,7.78
"2021-12-11 01:20:00",342,0.298,97.5,0,0,425.9,4.692,203.9,16.02,0.598,2.094,0.187,0.044,2.687,8.25
"2021-12-11 01:30:00",343,0.285,97.3,0.2,0,416.3,4.279,201.7,16.61,0.6,2.094,0.187,0.044,2.685,7.19
"2021-12-11 01:40:00",344,0.264,97.6,0.1,0,407.6,4.629,199.4,15.55,0.58,2.092,0.187,0.044,2.686,8.76
"2021-12-11 01:50:00",345,0.309,97.3,0.1,0,396.3,4.537,206.2,15.78,0.622,2.094,0.187,0.044,2.688,7.34
"2021-12-11 02:00:00",346,0.33,97.2,0,0,385.4,4.643,206.3,17.55,0.623,2.095,0.187,0.044,2.687,8.2
"2021-12-11 02:10:00",347,0.357,97,0.1,0,374.2,4.29,209.5,15.28,0.652,2.094,0.187,0.044,2.688,7.5
"2021-12-11 02:20:00",348,0.345,97.1,0.1,0,362.7,4.023,208.6,15.04,0.637,2.096,0.187,0.044,2.685,6.68
"2021-12-11 02:30:00",349,0.318,97.4,0,0,351.9,4.142,203.9,18.05,0.618,2.096,0.187,0.044,2.688,7.7
"2021-12-11 02:40:00",350,0.329,97.3,0.1,0,341.7,4.263,199.5,19.96,0.617,2.095,0.187,0.044,2.687,6.69
"2021-12-11 02:50:00",351,0.322,97.3,0.1,0,331.2,4.042,202,17.08,0.625,2.096,0.187,0.044,2.687,7.92
"2021-12-11 03:00:00",352,0.338,97.1,0,0,320.1,4.397,204.5,19.14,0.632,2.099,0.187,0.044,2.692,6.84
"2021-12-11 03:10:00",353,0.338,97.1,0.1,0,308,4.428,205.6,16.27,0.642,2.097,0.187,0.044,2.688,7.08
"2021-12-11 03:20:00",354,0.355,96.8,0.1,0,293.7,4.631,207.4,14.49,0.65,2.097,0.187,0.044,2.691,8.45
"2021-12-11 03:30:00",355,0.354,96.7,0.1,0,285.7,4.975,201.7,15.54,0.643,2.098,0.187,0.044,2.691,9.56
"2021-12-11 03:40:00",356,0.344,96.7,0,0,283.6,4.526,207.8,17.48,0.644,2.096,0.187,0.044,2.69,6.99
"2021-12-11 03:50:00",357,0.358,96.5,0.1,0,279.3,5.065,203.4,16.58,0.655,2.097,0.187,0.044,2.687,9.03
"2021-12-11 04:00:00",358,0.343,96.5,0.1,0,277.9,4.892,209.7,14.63,0.641,2.099,0.187,0.044,2.688,9.73
"2021-12-11 04:10:00",359,0.341,96.5,0,0,277.8,5.063,204.9,14.36,0.637,2.098,0.187,0.044,2.69,7.73
"2021-12-11 04:20:00",360,0.317,96.6,0.1,0,277.7,4.743,209.8,15.01,0.628,2.099,0.187,0.044,2.695,9.04
"2021-12-11 04:30:00",361,0.273,96.9,0,0,277.9,4.712,208.9,14.41,0.597,2.099,0.187,0.044,2.686,7.49
"2021-12-11 04:40:00",362,0.243,97.2,0.2,0,277.9,4.512,205.9,15.05,0.562,2.096,0.187,0.044,2.689,7.96
"2021-12-11 04:50:00",363,0.195,97.6,0,0,277.9,4.358,205.3,12.11,0.53,2.096,0.187,0.044,2.686,7.67
"2021-12-11 05:00:00",364,0.195,97.5,0,0,277.9,4.617,206.5,13.67,0.538,2.098,0.187,0.044,2.692,7.41
"2021-12-11 05:10:00",365,0.21,97.3,0,0,277.9,4.703,203.2,15.97,0.555,2.097,0.187,0.044,2.686,9.23
"2021-12-11 05:20:00",366,0.22,97.2,0.1,0,277.9,4.526,203.2,14.79,0.561,2.098,0.187,0.044,2.684,7.1
"2021-12-11 05:30:00",367,0.243,97.1,0,0,277.9,4.396,205.6,13.99,0.562,2.098,0.187,0.044,2.686,6.99
"2021-12-11 05:40:00",368,0.229,97.2,0,0,277.9,4.018,205.9,14.53,0.551,2.096,0.187,0.044,2.688,8.07
"2021-12-11 05:50:00",369,0.216,97.3,0,0,277.9,4.232,210.1,16.22,0.554,2.098,0.187,0.044,2.683,7.2
"2021-12-11 06:00:00",370,0.229,97.3,0,0,277.9,4.258,207.7,16.24,0.553,2.1,0.187,0.044,2.686,6.97
"2021-12-11 06:10:00",371,0.262,96.9,0.1,0,277.8,4.721,212.7,12.16,0.584,2.098,0.187,0.044,2.691,8.25
"2021-12-11 06:20:00",372,0.258,96.8,0,0,277.7,4.393,205,13.75,0.59,2.098,0.187,0.044,2.688,7.21
"2021-12-11 06:30:00",373,0.258,96.7,0,0,277.4,4.964,206.6,16.47,0.573,2.099,0.187,0.044,2.679,7.3
"2021-12-11 06:40:00",374,0.26,96.5,0,0,277.5,4.302,211.9,14.96,0.58,2.097,0.187,0.044,2.68,8.09
"2021-12-11 06:50:00",375,0.246,96.6,0,0,277.5,4.415,209.7,14.1,0.577,2.098,0.187,0.044,2.685,7.31
"2021-12-11 07:00:00",376,0.219,96.8,0,0,277.9,4.355,205.4,16.36,0.553,2.101,0.187,0.044,2.688,7.17
"2021-12-11 07:10:00",377,0.199,96.9,0,0,277.9,4.19,211.4,12.51,0.542,2.099,0.187,0.044,2.683,8.12
"2021-12-11 07:20:00",378,0.231,96.5,0,0,277.4,5.185,210.5,12.69,0.568,2.1,0.187,0.044,2.684,8.07
"2021-12-11 07:30:00",379,0.225,96.4,0,0,277.4,4.952,209.6,13.19,0.562,2.1,0.187,0.044,2.685,9.9
"2021-12-11 07:40:00",380,0.18,96.9,0,0,277.7,4.428,212.7,15.56,0.516,2.1,0.187,0.044,2.687,6.97
"2021-12-11 07:50:00",381,0.202,96.7,0.1,0.47,277.4,4.915,209.1,11.15,0.528,2.1,0.187,0.044,2.686,7.62
"2021-12-11 08:00:00",382,0.171,96.9,0,1.327,277.6,4.276,212.7,11.58,0.504,2.102,0.187,0.044,2.685,6.31
"2021-12-11 08:10:00",383,0.159,97.1,0,2.821,277.8,4.287,211.2,14.79,0.502,2.101,0.187,0.044,2.678,6.54
"2021-12-11 08:20:00",384,0.141,97.3,0,6.745,277.9,4.327,213.9,9.48,0.477,2.102,0.187,0.044,2.68,6.56
"2021-12-11 08:30:00",385,0.047,98,0,10.81,277.9,3.831,217.9,11.07,0.408,2.102,0.187,0.044,2.681,5.18
"2021-12-11 08:40:00",386,-0.072,99.2,0,14.17,278,3.986,212.2,14.25,0.326,2.102,0.187,0.044,2.681,6.57
"2021-12-11 08:50:00",387,-0.07,99.4,0,13.93,277.9,4.214,213.2,12.38,0.336,2.102,0.187,0.044,2.687,6.03
"2021-12-11 09:00:00",388,-0.033,99.1,0.1,11.71,278,4.095,215.7,10.6,0.355,2.106,0.187,0.044,2.681,6.1
"2021-12-11 09:10:00",389,0.003,98.8,0,11.74,277.9,3.832,217.3,10.07,0.386,2.104,0.187,0.044,2.684,5.55
"2021-12-11 09:20:00",390,0.018,98.7,0,21.15,277.9,3.844,223,8.71,0.383,2.106,0.187,0.044,2.683,5.48
"2021-12-11 09:30:00",391,0.029,98.6,0,28.37,277.9,3.529,225,12.45,0.386,2.107,0.187,0.044,2.678,4.78
"2021-12-11 09:40:00",392,0.043,98.6,0,26.28,278.1,2.902,222.8,13.33,0.401,2.108,0.187,0.044,2.684,4.71
"2021-12-11 09:50:00",393,0.087,98.5,0,38.59,277.9,3.26,224.9,9.62,0.442,2.115,0.187,0.044,2.679,4.66
"2021-12-11 10:00:00",394,0.141,98,0,49.07,277.7,3.225,221.4,11.93,0.469,2.114,0.187,0.044,2.682,4.92
"2021-12-11 10:10:00",395,0.199,97.3,0,62.31,277.3,3.243,221.6,11.99,0.507,2.117,0.187,0.044,2.68,5.34
"2021-12-11 10:20:00",396,0.263,97.2,0.1,72.43,277.3,3.197,216,15.81,0.577,2.118,0.187,0.044,2.684,5.02
"2021-12-11 10:30:00",397,0.298,96.9,0,85.6,277.3,3.212,225.6,8.23,0.58,2.117,0.187,0.044,2.684,4.25
"2021-12-11 10:40:00",398,0.365,96.2,0,99.2,277,3.205,221.9,10.54,0.638,2.12,0.187,0.044,2.683,4.99
"2021-12-11 10:50:00",399,0.396,95.5,0,115.5,276.6,3.527,227,8.1,0.664,2.121,0.187,0.044,2.687,4.64
"2021-12-11 11:00:00",400,0.428,94.9,0,131.7,276.6,3.887,224.9,9.46,0.698,2.124,0.187,0.044,2.686,5.93
"2021-12-11 11:10:00",401,0.526,94.3,0.1,138.2,276.6,3.478,233.2,10.28,0.781,2.125,0.187,0.044,2.684,4.9
"2021-12-11 11:20:00",402,0.554,94.1,0,103.4,276.6,3.529,237.8,10.99,0.793,2.127,0.187,0.044,2.685,5.23
"2021-12-11 11:30:00",403,0.518,94.2,0,92.9,276.6,3.404,237.7,12.18,0.761,2.128,0.187,0.044,2.685,5.56
"2021-12-11 11:40:00",404,0.503,94.1,0,95.3,276.6,3.271,243.5,13.17,0.777,2.128,0.187,0.044,2.686,5.47
"2021-12-11 11:50:00",405,0.539,93.6,0,133.9,276.6,3.448,242.1,11,0.822,2.131,0.187,0.044,2.686,5.96
"2021-12-11 12:00:00",406,0.647,92.8,0,135.3,276.1,2.097,250.1,18.59,0.963,2.135,0.187,0.044,2.69,3.96
"2021-12-11 12:10:00",407,0.638,92.7,0.1,117.9,275.9,2.292,246.3,13.69,0.919,2.136,0.187,0.044,2.684,4.77
"2021-12-11 12:20:00",408,0.631,93.1,0,119.7,275.9,2.401,240.2,11.93,0.862,2.139,0.187,0.044,2.689,3.53
"2021-12-11 12:30:00",409,0.536,93.4,0,117.5,275.9,3.059,237.5,11.75,0.769,2.141,0.187,0.044,2.69,4.81
"2021-12-11 12:40:00",410,0.533,93.1,0,109.8,275.9,2.492,240,13.28,0.751,2.144,0.187,0.044,2.69,4.34
"2021-12-11 12:50:00",411,0.536,92.7,0,106,275.9,2.719,237.7,11.72,0.746,2.146,0.187,0.044,2.693,4.15
"2021-12-11 13:00:00",412,0.534,92.6,0,103.4,275.9,2.641,241.6,12.55,0.718,2.151,0.187,0.044,2.693,4.21
"2021-12-11 13:10:00",413,0.723,91.9,0,117.8,275.9,1.301,260.2,20.12,1.008,2.152,0.187,0.044,2.695,2.38
"2021-12-11 13:20:00",414,0.783,91.3,0,156,275.5,1.431,0,0,1.108,2.156,0.187,0.044,2.694,3.45
"2021-12-11 13:30:00",415,0.958,90,0,192.4,274.9,1.592,257.9,20.07,1.286,2.16,0.187,0.044,2.697,2.8
"2021-12-11 13:40:00",416,1.05,89.4,0.1,189.8,274.6,1.509,248.3,18.07,1.345,2.162,0.187,0.044,2.699,2.88
"2021-12-11 13:50:00",417,0.878,90.4,0,177,275.2,2.641,233.8,10.15,1.048,2.165,0.187,0.044,2.698,3.68
"2021-12-11 14:00:00",418,0.778,91.2,0,149.7,275.2,2.708,227.4,7.646,0.912,2.168,0.187,0.044,2.702,4.07
"2021-12-11 14:10:00",419,0.782,92.3,0,153.2,275.3,2.424,222.1,9.93,0.948,2.17,0.187,0.044,2.702,3.34
"2021-12-11 14:20:00",420,0.824,91.9,0,139.7,275.2,2.331,229.3,12.8,1.012,2.174,0.187,0.044,2.702,3.99
"2021-12-11 14:30:00",421,0.805,92.2,0,129.4,275.2,2.46,236.9,9.95,0.919,2.175,0.187,0.044,2.704,3.42
"2021-12-11 14:40:00",422,0.835,92,0.1,130.1,275.2,2.446,238.4,12.12,0.915,2.176,0.187,0.044,2.707,3.62
"2021-12-11 14:50:00",423,0.833,91.1,0,113.4,275.2,2.402,234.4,9.34,0.915,2.178,0.187,0.044,2.704,3.42
"2021-12-11 15:00:00",424,0.766,91.6,0,93.4,275.2,2.17,239.6,11.75,0.834,2.182,0.187,0.044,2.712,2.95
"2021-12-11 15:10:00",425,0.771,91.5,0,81.4,275.5,1.849,232.8,11.77,0.794,2.183,0.187,0.044,2.711,3
"2021-12-11 15:20:00",426,0.691,91.6,0,65.87,275.9,2.253,235.5,12.05,0.657,2.186,0.187,0.044,2.715,3.75
"2021-12-11 15:30:00",427,0.484,93.2,0,47.76,276,1.743,221.8,12.52,0.294,2.186,0.187,0.044,2.716,2.87
"2021-12-11 15:40:00",428,0.278,93.5,0,35.12,276.6,1.347,239.7,10.61,-0.552,2.189,0.187,0.044,2.717,2.18
"2021-12-11 15:50:00",429,0.23,94.5,0,27.46,276.7,1.331,212.6,20.59,-0.208,2.192,0.187,0.044,2.718,2.18
"2021-12-11 16:00:00",430,0.042,96.6,0,22.53,277.3,0.863,208.1,15.03,-0.216,2.195,0.187,0.044,2.72,1.29
"2021-12-11 16:10:00",431,-0.117,97.5,0,14.62,278.2,1.087,215.7,14.49,-0.403,2.196,0.187,0.044,2.72,1.57
"2021-12-11 16:20:00",432,-0.283,98,0,8.06,279.4,0.97,202.9,11.27,-0.868,2.197,0.187,0.044,2.724,1.43
"2021-12-11 16:30:00",433,-0.518,99.1,0,3.996,285.5,0.979,204.4,13.04,-1.335,2.198,0.187,0.044,2.724,1.55
"2021-12-11 16:40:00",434,-0.745,99.7,0,1.629,290.7,1.241,204.4,15.57,-1.505,2.199,0.188,0.044,2.728,1.96
"2021-12-11 16:50:00",435,-0.674,99.7,0,0.521,292.6,1.669,207.6,15.64,-1.182,2.202,0.188,0.044,2.726,2.96
"2021-12-11 17:00:00",436,-0.347,96.7,0,0.056,284.9,2.172,226.2,12.49,-0.678,2.207,0.188,0.044,2.73,3.26
"2021-12-11 17:10:00",437,-0.533,96.7,0,0,281.6,1.476,206.8,16.56,-1.207,2.207,0.188,0.044,2.728,2.3
"2021-12-11 17:20:00",438,-0.875,98,0,0,289.3,1.562,195.8,18.68,-1.943,2.209,0.188,0.044,2.729,2.66
"2021-12-11 17:30:00",439,-0.952,98.4,0,0,295,1.802,207.2,9.26,-2.225,2.21,0.188,0.044,2.729,2.44
"2021-12-11 17:40:00",440,-1.118,98.4,0,0,301.4,1.138,198.7,13.9,-3.039,2.209,0.188,0.044,2.731,2.34
"2021-12-11 17:50:00",441,-1.383,99.8,0,0,312.1,1.167,201.7,11.57,-3.857,2.208,0.188,0.044,2.735,1.87
"2021-12-11 18:00:00",442,-1.522,100,0,0,322.1,0.726,181.2,18.1,-4.112,2.207,0.188,0.044,2.733,1.37
"2021-12-11 18:10:00",443,-1.707,100,0,0,333.2,0.899,192.8,16.31,-4.243,2.2,0.188,0.044,2.734,1.65
"2021-12-11 18:20:00",444,-1.65,100,0,0,312.5,1.2,201.9,14.57,-4.293,2.191,0.188,0.044,2.729,2.23
"2021-12-11 18:30:00",445,-1.414,100,0,0,283.4,1.916,198.7,11.58,-3.543,2.184,0.188,0.044,2.723,2.64
"2021-12-11 18:40:00",446,-1.523,100,0,0,284,1.651,198.3,11.09,-3.782,2.179,0.188,0.044,2.729,2.49
"2021-12-11 18:50:00",447,-1.535,99.9,0,0,284.6,1.503,186.9,13.51,-3.247,2.174,0.188,0.044,2.725,2.39
"2021-12-11 19:00:00",448,-1.56,99.9,0,0,285,1.24,191.1,17.03,-2.906,2.172,0.188,0.044,2.726,2.14
"2021-12-11 19:10:00",449,-1.425,99.8,0,0,285.5,1.62,201.5,13.12,-2.544,2.161,0.188,0.044,2.724,2.59
"2021-12-11 19:20:00",450,-1.534,99.3,0,0,285.5,1.616,195.9,15.34,-2.816,2.157,0.188,0.044,2.719,2.24
"2021-12-11 19:30:00",451,-1.625,99.5,0,0,286.1,1.699,191.2,11.13,-3.411,2.157,0.188,0.044,2.712,2.41
"2021-12-11 19:40:00",452,-1.826,99.6,0,0,286.3,1.383,191,15.96,-3.391,2.149,0.188,0.044,2.711,2.1
"2021-12-11 19:50:00",453,-1.794,99.3,0,0,286.8,1.825,198.6,14.39,-3.254,2.142,0.188,0.044,2.705,2.88
"2021-12-11 20:00:00",454,-1.536,98.7,0,0,287.3,2.037,193.2,13.29,-2.297,2.139,0.188,0.044,2.708,3.08
"2021-12-11 20:10:00",455,-1.147,97.4,0,0,287.5,2.205,195.8,13.01,-1.584,2.136,0.188,0.044,2.703,3.76
"2021-12-11 20:20:00",456,-0.92,96.5,0,0,287.1,1.737,187.7,12.62,-1.12,2.134,0.188,0.044,2.695,2.94
"2021-12-11 20:30:00",457,-1.007,97.3,0,0,286.8,1.896,190.7,13.11,-1.167,2.132,0.188,0.044,2.689,3.15
"2021-12-11 20:40:00",458,-0.826,96.2,0,0,286.4,2.533,201.2,11.34,-0.94,2.132,0.188,0.044,2.69,3.78
"2021-12-11 20:50:00",459,-0.803,95.8,0,0,286,2.594,207.2,11.07,-0.973,2.132,0.188,0.044,2.688,3.85
"2021-12-11 21:00:00",460,-0.676,95.7,0,0,285.5,2.691,210.4,13.06,-0.724,2.133,0.188,0.044,2.679,4.49
"2021-12-11 21:10:00",461,-0.462,95.7,0,0,284.9,2.699,209.6,15.41,-0.351,2.134,0.188,0.044,2.676,3.86
"2021-12-11 21:20:00",462,-0.367,96.5,0,0,284.4,2.185,214.2,10.34,-0.202,2.134,0.188,0.044,2.673,3.5
"2021-12-11 21:30:00",463,-0.434,97.6,0,0,284.1,1.622,197,16.86,-0.269,2.135,0.188,0.044,2.673,2.9
"2021-12-11 21:40:00",464,-0.378,98.4,0,0,283.9,1.962,205.1,11.86,-0.201,2.133,0.188,0.044,2.672,3.78
"2021-12-11 21:50:00",465,-0.325,98.5,0,0,283.4,1.773,201.6,11.66,-0.155,2.134,0.188,0.044,2.669,2.64
"2021-12-11 22:00:00",466,-0.318,99,0,0,283.4,1.92,196.8,14.27,-0.122,2.135,0.188,0.044,2.668,3.84
"2021-12-11 22:10:00",467,-0.352,99.3,0,0,283.4,1.241,190.2,21.27,-0.104,2.136,0.188,0.045,2.664,2.58
"2021-12-11 22:20:00",468,-0.375,99.6,0,0,283.4,0.977,198.1,18.57,-0.115,2.14,0.188,0.044,2.663,1.89
"2021-12-11 22:30:00",469,-0.301,99.9,0,0,283.4,1.629,195.8,15.09,-0.079,2.139,0.188,0.044,2.657,2.72
"2021-12-11 22:40:00",470,-0.216,99.7,0,0,283.2,1.827,182.9,16.04,0.026,2.14,0.188,0.044,2.66,3.11
"2021-12-11 22:50:00",471,-0.234,99.9,0,0,282.8,1.885,204.7,17.17,-0.046,2.141,0.188,0.044,2.665,3.05
"2021-12-11 23:00:00",472,-0.236,99.8,0,0,282.7,2.044,199.7,9.73,-0.17,2.143,0.188,0.044,2.659,3.13
"2021-12-11 23:10:00",473,-0.089,99.7,0,0,282.9,2.464,203.7,12.69,0.041,2.144,0.188,0.044,2.662,3.56
"2021-12-11 23:20:00",474,-0.076,99.5,0,0,282.5,2.473,216.8,8.11,0.035,2.145,0.188,0.044,2.655,3.75
"2021-12-11 23:30:00",475,-0.071,99.6,0,0,284.2,2.296,210.4,10.72,0.114,2.145,0.188,0.044,2.657,3.41
"2021-12-11 23:40:00",476,-0.047,99.7,0,0,294.6,2.124,201.2,10.13,0.214,2.149,0.188,0.044,2.655,3.09
"2021-12-11 23:50:00",477,-0.082,99.9,0,0,296.1,1.786,192.7,11.98,0.235,2.152,0.188,0.044,2.658,2.91
"2021-12-12 00:00:00",478,-0.06,99.9,0,0,292.9,2.079,203,10.13,0.233,2.155,0.188,0.044,2.66,3.02
"2021-12-12 00:10:00",479,-0.033,99.8,0,0,289.4,2.084,208,7.384,0.263,2.156,0.188,0.044,2.657,3.01
"2021-12-12 00:20:00",480,-0.039,99.8,0,0,286.3,2.157,204.7,7.59,0.236,2.159,0.188,0.044,2.657,2.95
"2021-12-12 00:30:00",481,-0.041,99.8,0,0,283.8,2.034,207.3,8.85,0.193,2.159,0.188,0.044,2.664,3.24
"2021-12-12 00:40:00",482,-0.024,99.5,0,0,281.8,1.667,204.9,7.823,0.206,2.161,0.188,0.044,2.657,2.56
"2021-12-12 00:50:00",483,-0.085,99.6,0,0,280.5,1.64,202.2,9.12,0.133,2.162,0.188,0.044,2.664,2.29
"2021-12-12 01:00:00",484,-0.175,99.8,0,0,279.9,1.665,193.8,14.27,0.055,2.165,0.188,0.044,2.663,3.05
"2021-12-12 01:10:00",485,-0.205,99.9,0,0,279.8,1.558,190.4,10.97,-0.055,2.166,0.188,0.044,2.663,2.68
"2021-12-12 01:20:00",486,-0.044,99.5,0,0,278.7,2.148,208.7,8.9,0.156,2.169,0.188,0.044,2.658,3.15
"2021-12-12 01:30:00",487,-0.046,99.1,0,0,278.6,2.248,210.9,10.9,0.169,2.169,0.188,0.044,2.66,3.04
"2021-12-12 01:40:00",488,-0.068,99,0,0,278.6,2.507,210,10.06,0.017,2.171,0.188,0.044,2.661,3.45
"2021-12-12 01:50:00",489,-0.098,99,0,0,278.6,2.127,206.5,9.53,-0.012,2.173,0.188,0.044,2.665,3.18
"2021-12-12 02:00:00",490,-0.14,99,0,0,278.6,2.598,222.3,6.8,-0.008,2.177,0.188,0.044,2.665,3.72
"2021-12-12 02:10:00",491,-0.15,99.1,0,0,278.6,1.986,208.4,12.24,-0.043,2.177,0.188,0.045,2.668,3.06
"2021-12-12 02:20:00",492,-0.228,99.4,0,0,278.7,1.455,199.9,11.51,-0.098,2.178,0.188,0.045,2.669,2.62
"2021-12-12 02:30:00",493,-0.402,99.9,0,0,280.8,1.317,197.8,13.62,-0.532,2.179,0.188,0.044,2.672,2.04
"2021-12-12 02:40:00",494,-0.547,100,0,0,285.2,1.261,187.5,12.51,-1.03,2.179,0.188,0.044,2.668,2
"2021-12-12 02:50:00",495,-0.561,100,0,0,291.3,1.776,198.9,7.967,-1.229,2.179,0.188,0.044,2.67,2.77
"2021-12-12 03:00:00",496,-0.619,100,0,0,295,1.586,196.5,9.58,-1.476,2.182,0.188,0.044,2.673,2.4
"2021-12-12 03:10:00",497,-0.649,100,0,0,298.7,1.611,215.2,12.78,-1.479,2.181,0.188,0.044,2.67,1.99
"2021-12-12 03:20:00",498,-0.685,100,0,0,301.3,2.069,214.8,6.437,-1.581,2.18,0.188,0.045,2.671,2.82
"2021-12-12 03:30:00",499,-0.76,99.9,0,0,302.9,1.916,219.4,6.325,-1.482,2.181,0.188,0.044,2.676,2.67
"2021-12-12 03:40:00",500,-0.698,99.4,0,0,300.5,1.837,218.5,7.266,-1.158,2.179,0.188,0.044,2.676,2.43
"2021-12-12 03:50:00",501,-0.768,98.8,0,0,296.7,1.243,204.9,14.59,-1.006,2.178,0.187,0.044,2.676,2.16
"2021-12-12 04:00:00",502,-0.569,97.6,0,0,289.9,1.251,188.8,20.79,-0.684,2.182,0.187,0.044,2.688,2.15
"2021-12-12 04:10:00",503,-0.704,97.7,0,0,286.6,0.795,145.6,18.23,-0.854,2.18,0.187,0.044,2.684,1.22
"2021-12-12 04:20:00",504,-0.772,98.4,0,0,285,0.744,185,28.92,-0.926,2.179,0.187,0.044,2.683,1.6
"2021-12-12 04:30:00",505,-0.67,97.1,0,0,280.7,0.842,172.4,24.12,-0.819,2.179,0.187,0.044,2.678,1.47
"2021-12-12 04:40:00",506,-0.703,97.3,0,0,278.4,1.04,166.9,26.64,-0.8,2.176,0.188,0.044,2.682,3.16
"2021-12-12 04:50:00",507,-0.586,96.1,0,0,277.5,1.175,203.4,19.13,-0.611,2.173,0.188,0.044,2.682,2.12
"2021-12-12 05:00:00",508,-0.425,94.4,0,0,277.1,1.846,199.2,18.9,-0.343,2.175,0.188,0.044,2.675,3.01
"2021-12-12 05:10:00",509,-0.458,94.8,0,0,277.3,1.609,203,18.78,-0.317,2.173,0.188,0.045,2.679,2.81
"2021-12-12 05:20:00",510,-0.466,95.1,0,0,277.3,1.892,205.3,12.09,-0.369,2.174,0.188,0.044,2.679,3.22
"2021-12-12 05:30:00",511,-0.448,94.7,0,0,277.2,1.52,192.7,22.57,-0.314,2.175,0.188,0.044,2.676,3.64
"2021-12-12 05:40:00",512,-0.507,95.3,0,0,277.3,1.277,191.2,16.5,-0.339,2.174,0.188,0.044,2.677,2.55
"2021-12-12 05:50:00",513,-0.49,95.3,0,0,277.3,1.849,196.9,19.18,-0.316,2.175,0.188,0.044,2.676,4.19
"2021-12-12 06:00:00",514,-0.546,95.1,0,0,277.4,1.227,195.9,18.22,-0.478,2.177,0.188,0.044,2.674,2.26
"2021-12-12 06:10:00",515,-0.711,95.9,0,0,278.6,0.75,160,28.08,-1.031,2.176,0.188,0.045,2.673,1.35
"2021-12-12 06:20:00",516,-0.949,97.2,0,0,282.5,0.8,168.3,20.38,-1.488,2.174,0.188,0.044,2.671,1.54
"2021-12-12 06:30:00",517,-1.222,98.3,0,0,291.4,0.856,167.5,28,-2.344,2.172,0.188,0.044,2.673,1.63
"2021-12-12 06:40:00",518,-1.422,99,0,0,299.7,0.881,203.5,20.22,-2.556,2.168,0.188,0.044,2.673,1.71
"2021-12-12 06:50:00",519,-1.302,99.2,0,0,304.1,1.392,216.5,18.3,-2.447,2.163,0.188,0.045,2.672,2.26
"2021-12-12 07:00:00",520,-1.413,99,0,0,306.2,1.068,188.9,28.25,-2.396,2.163,0.188,0.044,2.676,1.64
"2021-12-12 07:10:00",521,-1.605,99.5,0,0,310.6,0.66,183.5,27.67,-2.667,2.158,0.188,0.045,2.673,1.16
"2021-12-12 07:20:00",522,-1.871,100,0,0,319.1,0.651,185,30.25,-3.566,2.151,0.188,0.044,2.673,1.11
"2021-12-12 07:30:00",523,-2.086,100,0,0,329,0.647,180,38.73,-4.129,2.146,0.188,0.044,2.668,1.67
"2021-12-12 07:40:00",524,-2.188,100,0,0.252,314.8,0.888,160,23.57,-4.234,2.135,0.188,0.045,2.671,1.85
"2021-12-12 07:50:00",525,-2.093,100,0,1.73,283.2,1.311,206.8,17.39,-3.964,2.124,0.188,0.044,2.662,2.61
"2021-12-12 08:00:00",526,-2.081,100,0,4.266,283.6,1.094,190.3,24.41,-3.641,2.115,0.188,0.044,2.668,2.02
"2021-12-12 08:10:00",527,-2.296,100,0,7.29,284.2,1.098,188.1,26.79,-3.706,2.106,0.188,0.045,2.661,2.05
"2021-12-12 08:20:00",528,-2.159,100,0,12.41,284.8,1.605,197.8,18.22,-3.081,2.099,0.188,0.045,2.657,3.1
"2021-12-12 08:30:00",529,-2.17,100,0,28.3,285.3,0.943,199.2,21.35,-3.254,2.095,0.188,0.045,2.656,1.72
"2021-12-12 08:40:00",530,-2.012,99.9,0,48.26,285.8,1.031,212.4,18.51,-3.556,2.088,0.188,0.044,2.657,2.14
"2021-12-12 08:50:00",531,-1.891,99.2,0,60.75,286.2,0.873,166.7,37.81,-3.838,2.08,0.188,0.045,2.65,2.6
"2021-12-12 09:00:00",532,-1.335,97.8,0,107.4,286.4,0.694,177.9,25.88,-3.206,2.074,0.188,0.045,2.649,1.36
"2021-12-12 09:10:00",533,-0.926,95,0,133.3,286.9,1.27,176.5,19.72,-1.927,2.063,0.188,0.045,2.644,2.46
"2021-12-12 09:20:00",534,-0.369,92.7,0,146.3,286.6,0.815,158.8,26.89,-1.013,2.061,0.189,0.045,2.641,1.57
"2021-12-12 09:30:00",535,0.043,90.2,0,157.3,286.5,0.868,182.8,24.67,-0.711,2.059,0.191,0.045,2.641,2.07
"2021-12-12 09:40:00",536,0.264,89.5,0,173.4,286,1.067,189,23.31,-0.714,2.052,0.191,0.045,2.638,2.36
"2021-12-12 09:50:00",537,0.43,89.1,0,191.1,286.4,0.97,184.7,28.64,-0.34,2.051,0.192,0.045,2.641,2.18
"2021-12-12 10:00:00",538,1.34,84.8,0,208.6,298.3,0.782,0,0,-0.055,2.051,0.192,0.045,2.636,1.54
"2021-12-12 10:10:00",539,0.628,87.3,0,225.4,283.2,1.634,202.8,20.72,-0.366,2.048,0.192,0.045,2.639,2.75
"2021-12-12 10:20:00",540,0.958,86.9,0,240.3,297.2,1.296,198.7,28.51,0.082,2.048,0.192,0.045,2.628,2.57
"2021-12-12 10:30:00",541,1.007,87.1,0,253.5,286.1,1.729,186.3,25.52,0.615,2.05,0.192,0.045,2.629,3
"2021-12-12 10:40:00",542,1.176,87,0,266,275.2,1.631,182.4,31.5,1.081,2.052,0.192,0.045,2.625,3.91
"2021-12-12 10:50:00",543,1.367,86.8,0,279.2,274.5,1.563,183,35.07,1.294,2.055,0.192,0.045,2.625,3.35
"2021-12-12 11:00:00",544,1.098,88.9,0,311.2,274.7,2.287,174.8,24.12,1.098,2.057,0.192,0.045,2.614,3.76
"2021-12-12 11:10:00",545,1.284,89,0,364,274.5,2.615,167.4,20.14,1.694,2.063,0.192,0.045,2.615,5.2
"2021-12-12 11:20:00",546,0.65,92.1,0,225.6,275.1,2.712,184.2,22.17,1.131,2.067,0.192,0.045,2.615,6.39
"2021-12-12 11:30:00",547,0.749,92.6,0,225.9,275.2,2.083,184.3,27.78,1.099,2.065,0.192,0.045,2.614,4.04
"2021-12-12 11:40:00",548,0.972,91.4,0,254.6,275.1,2.488,187.2,18.24,1.264,2.067,0.192,0.045,2.615,4.08
"2021-12-12 11:50:00",549,1.177,90.7,0,255.5,275.2,2.112,182.6,27.75,1.553,2.069,0.192,0.045,2.612,3.97
"2021-12-12 12:00:00",550,1.299,89.9,0,197,275,2.189,186.6,22.86,1.624,2.073,0.192,0.045,2.609,3.97
"2021-12-12 12:10:00",551,1.129,90.8,0,182.4,275.2,2.908,203.9,16.83,1.375,2.079,0.192,0.045,2.609,4.81
"2021-12-12 12:20:00",552,1.178,91.1,0,179.4,275.2,2.65,190.9,20.62,1.39,2.083,0.192,0.045,2.608,4.51
"2021-12-12 12:30:00",553,1.137,91.5,0,176.2,275.2,2.864,206,19.46,1.353,2.084,0.192,0.045,2.608,4.56
"2021-12-12 12:40:00",554,1.217,91.3,0,162.8,275.2,2.172,192.2,23.36,1.466,2.09,0.192,0.045,2.61,4.68
"2021-12-12 12:50:00",555,1.305,90.9,0,172.8,275.2,2.157,192.6,20.29,1.574,2.093,0.192,0.045,2.61,3.63
"2021-12-12 13:00:00",556,1.515,90.3,0,205.9,275.1,1.975,200.9,22,1.703,2.093,0.192,0.045,2.61,5
"2021-12-12 13:10:00",557,1.58,89.7,0,183.8,275.1,2.627,192.4,23.74,1.749,2.105,0.192,0.045,2.61,4.98
"2021-12-12 13:20:00",558,1.508,89.8,0,166,275.2,2.36,195,25.1,1.67,2.106,0.192,0.045,2.608,4.18
"2021-12-12 13:30:00",559,1.601,89.6,0,177.1,275.1,2.008,186.5,18.69,1.747,2.109,0.192,0.045,2.612,4.21
"2021-12-12 13:40:00",560,1.555,90.3,0,179.1,274.9,2.335,179.9,22.19,1.676,2.113,0.192,0.045,2.615,5.4
"2021-12-12 13:50:00",561,1.864,88.7,0,287.5,274,2.679,185.3,18.82,1.855,2.116,0.192,0.045,2.613,5.67
"2021-12-12 14:00:00",562,1.881,88.3,0,251.7,274.2,2.955,204.7,19.12,1.876,2.118,0.192,0.045,2.613,6.45
"2021-12-12 14:10:00",563,1.585,90,0,180.1,275,3.012,206.3,17.65,1.675,2.123,0.192,0.045,2.614,5.35
"2021-12-12 14:20:00",564,1.568,90.6,0,140.8,275.2,2.881,204.3,15.9,1.647,2.127,0.192,0.045,2.62,5.26
"2021-12-12 14:30:00",565,1.447,91.5,0,119.8,275.2,2.636,198.9,21.36,1.564,2.126,0.192,0.045,2.62,5.42
"2021-12-12 14:40:00",566,1.372,91.8,0,116.8,275.2,2.121,190.5,24.67,1.504,2.128,0.192,0.045,2.617,5.27
"2021-12-12 14:50:00",567,1.382,92.1,0,106.2,275.2,2.267,191.7,19.67,1.496,2.13,0.192,0.045,2.622,5.3
"2021-12-12 15:00:00",568,1.408,92,0,98.6,275.3,2.224,199.7,19.08,1.54,2.132,0.192,0.045,2.62,4.58
"2021-12-12 15:10:00",569,1.389,92.1,0,84.2,275.5,2.778,205.4,21.35,1.529,2.135,0.192,0.045,2.629,5.02
"2021-12-12 15:20:00",570,1.358,91.7,0,56.5,275.8,3.3,205.9,19.47,1.453,2.14,0.192,0.045,2.629,5.81
"2021-12-12 15:30:00",571,1.324,91.5,0,51.51,275.9,3.29,199.6,15.68,1.433,2.142,0.192,0.045,2.633,6.2
"2021-12-12 15:40:00",572,1.253,92.1,0,38.77,275.9,2.992,197.1,18.26,1.353,2.142,0.192,0.045,2.633,6.46
"2021-12-12 15:50:00",573,1.199,92.5,0,28.02,275.9,3.282,201,18.22,1.3,2.146,0.192,0.045,2.633,6.18
"2021-12-12 16:00:00",574,1.162,92.3,0,17.29,275.9,3.491,199.9,14.87,1.26,2.146,0.192,0.045,2.641,6.16
"2021-12-12 16:10:00",575,1.119,92.6,0,11.18,275.9,2.839,197.9,16.67,1.241,2.147,0.192,0.045,2.638,5.5
"2021-12-12 16:20:00",576,1.114,92.6,0,6.968,275.9,3.327,209.4,15.64,1.243,2.148,0.192,0.045,2.642,5.56
"2021-12-12 16:30:00",577,1.076,92.5,0,4.119,275.9,3.759,204.8,13.04,1.199,2.149,0.192,0.045,2.643,6.58
"2021-12-12 16:40:00",578,1.041,92.2,0,1.959,275.9,3.263,199.4,19.1,1.209,2.151,0.192,0.045,2.642,6.09
"2021-12-12 16:50:00",579,1.09,91.2,0,0.576,275.9,3.294,203.3,15.04,1.235,2.153,0.193,0.045,2.645,4.99
"2021-12-12 17:00:00",580,1.12,90.7,0,0.022,275.9,3.113,205.4,14.17,1.252,2.154,0.193,0.045,2.651,4.45
"2021-12-12 17:10:00",581,1.038,91.4,0,0,279,3.359,201.5,15.2,1.166,2.154,0.193,0.045,2.648,5.56
"2021-12-12 17:20:00",582,0.998,91.7,0,0,278.4,2.917,193.3,15.5,1.153,2.155,0.193,0.045,2.652,4.86
"2021-12-12 17:30:00",583,1.045,91.1,0,0,276.8,3.363,203.5,14.73,1.198,2.155,0.193,0.045,2.651,5.42
"2021-12-12 17:40:00",584,1.065,90.8,0,0,276.2,3.394,205.8,13.61,1.209,2.154,0.193,0.045,2.657,5.15
"2021-12-12 17:50:00",585,1.009,91.6,0,0,276.2,3.43,197.2,17.21,1.147,2.155,0.193,0.045,2.663,5.22
"2021-12-12 18:00:00",586,0.965,92.1,0,0,277.3,3.608,194.6,17.35,1.115,2.156,0.193,0.045,2.664,6.33
"2021-12-12 18:10:00",587,0.963,92,0,0,396.6,4.108,207,11.25,1.119,2.155,0.193,0.045,2.657,6.73
"2021-12-12 18:20:00",588,0.976,91.8,0,0,445.4,4.089,204.1,14.15,1.124,2.156,0.193,0.045,2.663,6.58
"2021-12-12 18:30:00",589,0.89,92.5,0,0,433.9,3.938,203.8,13.05,1.057,2.156,0.193,0.045,2.667,6.15
"2021-12-12 18:40:00",590,0.878,92.4,0,0,406.8,3.763,204.1,14.09,1.053,2.153,0.193,0.045,2.665,5.8
"2021-12-12 18:50:00",591,0.875,92.1,0,0,354.1,3.53,204.8,16.92,1.063,2.153,0.193,0.045,2.662,5.11
"2021-12-12 19:00:00",592,0.974,90.9,0,0,315.1,3.16,201.5,14.71,1.161,2.154,0.193,0.045,2.67,5.31
"2021-12-12 19:10:00",593,1.008,90.5,0,0,283.2,2.89,204.6,20.25,1.177,2.153,0.193,0.045,2.669,4.99
"2021-12-12 19:20:00",594,1.034,90.3,0,0,276,3.308,210.2,16.93,1.193,2.153,0.193,0.045,2.669,5.45
"2021-12-12 19:30:00",595,1.052,90.2,0,0,275.9,3.17,198.9,18.9,1.206,2.151,0.193,0.045,2.67,5.16
"2021-12-12 19:40:00",596,1.136,89.5,0,0,275.9,2.426,202,16.68,1.306,2.15,0.193,0.045,2.67,4.68
"2021-12-12 19:50:00",597,1.14,89.6,0,0,275.9,2.677,208.7,17.72,1.298,2.152,0.193,0.045,2.677,4.25
"2021-12-12 20:00:00",598,1.136,89.7,0,0,275.9,3.372,217,11.39,1.236,2.153,0.193,0.045,2.676,5.12
"2021-12-12 20:10:00",599,1.075,90.4,0,0,275.9,3.606,214.2,11.01,1.185,2.152,0.193,0.045,2.673,5.12
"2021-12-12 20:20:00",600,1.037,90.9,0,0,275.9,2.887,214.9,13.9,1.193,2.154,0.193,0.045,2.678,5.92
"2021-12-12 20:30:00",601,0.996,91.5,0,0,275.9,2.928,212,12.03,1.134,2.152,0.193,0.045,2.677,4.3
"2021-12-12 20:40:00",602,0.99,91.6,0,0,275.9,2.91,201.5,14.73,1.157,2.153,0.193,0.045,2.679,4.56
"2021-12-12 20:50:00",603,1.009,91.6,0,0,275.9,3.068,205.5,12.23,1.188,2.154,0.193,0.045,2.678,5.19
"2021-12-12 21:00:00",604,1.028,91.6,0,0,275.9,2.808,201,16.65,1.219,2.154,0.193,0.045,2.681,4.46
"2021-12-12 21:10:00",605,1.069,91.4,0,0,276,3.595,197,16.5,1.241,2.153,0.193,0.045,2.676,6.51
"2021-12-12 21:20:00",606,1.142,91,0,0,275.9,2.916,197.1,20.11,1.294,2.155,0.193,0.045,2.683,5.63
"2021-12-12 21:30:00",607,1.228,90.7,0,0,275.9,3.232,210.7,16.55,1.346,2.154,0.193,0.045,2.683,6.11
"2021-12-12 21:40:00",608,1.206,91,0,0,275.9,2.809,210.9,14.72,1.337,2.153,0.193,0.045,2.682,4.49
"2021-12-12 21:50:00",609,1.226,91.3,0,0,275.9,3.424,200.8,14.86,1.356,2.153,0.193,0.045,2.686,5.93
"2021-12-12 22:00:00",610,1.195,91.8,0,0,276.3,3.163,205.9,14.48,1.326,2.156,0.193,0.045,2.685,4.96
"2021-12-12 22:10:00",611,1.194,91.7,0,0,276.2,3.041,209.5,15.23,1.344,2.152,0.193,0.045,2.69,5.5
"2021-12-12 22:20:00",612,1.323,90.1,0,0,276.3,2.96,207.8,16.11,1.421,2.154,0.193,0.045,2.681,4.95
"2021-12-12 22:30:00",613,1.429,89.3,0,0,276.8,3.403,200.1,17.35,1.511,2.154,0.193,0.045,2.691,5.5
"2021-12-12 22:40:00",614,1.464,89.3,0,0,276.6,3.066,199.6,16.89,1.554,2.152,0.193,0.045,2.695,5.1
"2021-12-12 22:50:00",615,1.554,88,0,0,275.9,3.993,199.6,15.87,1.612,2.152,0.193,0.046,2.687,6.99
"2021-12-12 23:00:00",616,1.622,86.8,0,0,275.5,4.328,202.8,12.15,1.643,2.155,0.193,0.045,2.692,6.7
"2021-12-12 23:10:00",617,1.685,85.7,0,0,275.2,4.285,202.6,11.68,1.682,2.15,0.193,0.045,2.69,6.1
"2021-12-12 23:20:00",618,1.684,85.1,0,0,275.3,3.849,204.9,10.12,1.691,2.149,0.193,0.045,2.691,6.3
"2021-12-12 23:30:00",619,1.787,83.4,0,0,276.1,4.04,203.1,12.53,1.76,2.145,0.193,0.045,2.69,6.59
"2021-12-12 23:40:00",620,1.768,83.5,0,0,275.8,3.918,206.6,12.34,1.747,2.141,0.193,0.045,2.695,6.43
"2021-12-12 23:50:00",621,1.724,84,0,0,275.2,3.671,207.3,11.87,1.692,2.139,0.193,0.045,2.693,5.18
"2021-12-13 00:00:00",622,1.618,84.8,0,0,275.6,3.196,195.7,12.84,1.64,2.14,0.193,0.045,2.695,5.5
"2021-12-13 00:10:00",623,1.542,85.6,0,0,278.5,3.423,207.6,11.82,1.573,2.138,0.193,0.045,2.69,4.96
"2021-12-13 00:20:00",624,1.311,88,0,0,285.3,2.96,202.2,13.54,1.437,2.137,0.193,0.045,2.695,4.59
"2021-12-13 00:30:00",625,1.117,90.4,0,0,308.1,2.677,207.5,14.47,1.269,2.137,0.193,0.045,2.689,4.13
"2021-12-13 00:40:00",626,0.955,92.3,0,0,366.8,2.394,200.1,19.09,1.176,2.135,0.193,0.045,2.691,5.24
"2021-12-13 00:50:00",627,0.89,92.5,0,0,359,1.639,183,27.4,1.141,2.136,0.193,0.045,2.695,3.74
"2021-12-13 01:00:00",628,0.973,91.4,0,0,332,1.471,167.6,29.35,1.189,2.136,0.193,0.046,2.693,3.2
"2021-12-13 01:10:00",629,0.995,91.2,0,0,336.3,1.749,186.9,22.89,1.2,2.133,0.193,0.045,2.697,3.18
"2021-12-13 01:20:00",630,0.906,92.4,0,0,548.1,2.144,186.4,20.5,1.161,2.134,0.193,0.046,2.691,4.28
"2021-12-13 01:30:00",631,0.868,93.1,0.1,0,701.9,1.799,180.9,24.24,1.12,2.132,0.193,0.045,2.693,3.73
"2021-12-13 01:40:00",632,0.757,94,0,0,739.2,1.83,175.7,20.8,1.009,2.131,0.193,0.046,2.692,3.71
"2021-12-13 01:50:00",633,0.972,91.3,0,0,757.3,2.395,194.4,16.19,1.199,2.13,0.193,0.045,2.694,3.73
"2021-12-13 02:00:00",634,1.131,89.5,0,0,727.3,2.296,196.6,22.18,1.306,2.132,0.193,0.045,2.693,4.36
"2021-12-13 02:10:00",635,1.215,88.7,0,0,693.4,2.735,199.1,15.93,1.353,2.132,0.193,0.045,2.695,4.48
"2021-12-13 02:20:00",636,1.281,88.4,0,0,677.1,2.642,189.3,18.92,1.412,2.13,0.193,0.045,2.69,4.26
"2021-12-13 02:30:00",637,1.223,89.1,0,0,665.8,2.469,190.4,17.88,1.377,2.13,0.193,0.045,2.694,4.15
"2021-12-13 02:40:00",638,1.303,88.5,0,0,654.9,2.599,190,15.48,1.43,2.128,0.193,0.045,2.694,5
"2021-12-13 02:50:00",639,1.41,87.5,0,0,641.8,2.382,196.4,16.17,1.535,2.128,0.193,0.045,2.694,4.31
"2021-12-13 03:00:00",640,1.387,88.1,0,0,630,1.865,194.2,15.74,1.502,2.128,0.193,0.045,2.692,3.62
"2021-12-13 03:10:00",641,1.329,88.9,0,0,621.3,2.024,191.2,16.48,1.464,2.126,0.193,0.046,2.695,3.85
"2021-12-13 03:20:00",642,1.406,88.5,0,0,611.4,1.82,185.7,15.78,1.499,2.125,0.193,0.046,2.696,3.06
"2021-12-13 03:30:00",643,1.541,87.4,0,0,599.6,2.129,179.5,17.18,1.592,2.125,0.193,0.046,2.696,3.78
"2021-12-13 03:40:00",644,1.55,87.9,0,0,586.5,1.636,187.6,18.38,1.63,2.123,0.193,0.045,2.692,3.55
"2021-12-13 03:50:00",645,1.492,89.1,0,0,572.8,1.941,184.6,22.09,1.594,2.122,0.193,0.046,2.694,3.8
"2021-12-13 04:00:00",646,1.459,89.9,0,0,583.7,1.894,182.8,24.15,1.582,2.126,0.193,0.045,2.697,4.75
"2021-12-13 04:10:00",647,1.391,91.1,0,0,663.4,2.282,199.8,15.69,1.53,2.124,0.193,0.046,2.693,4.44
"2021-12-13 04:20:00",648,1.162,93.8,0,0,709,2.258,191.9,19.28,1.32,2.125,0.193,0.046,2.696,4.41
"2021-12-13 04:30:00",649,1.032,95.4,0,0,736.9,1.869,177.8,23.35,1.3,2.124,0.193,0.046,2.69,3.65
"2021-12-13 04:40:00",650,0.9,96.5,0,0,760.2,1.289,142.4,63.27,1.186,2.124,0.193,0.046,2.695,3.06
"2021-12-13 04:50:00",651,0.844,97.1,0.1,0,782.4,0.945,120.9,45.02,1.125,2.125,0.193,0.046,2.689,2.24
"2021-12-13 05:00:00",652,0.791,97.3,0,0,779.5,0.739,75.85,42.74,1.035,2.123,0.193,0.046,2.694,1.55
"2021-12-13 05:10:00",653,0.799,97.6,0,0,771.3,0.647,97,39.89,0.996,2.126,0.193,0.046,2.694,1.08
"2021-12-13 05:20:00",654,0.812,97.8,0,0,758.3,0.703,122.7,30.69,0.998,2.129,0.193,0.046,2.698,1.2
"2021-12-13 05:30:00",655,0.862,97.7,0,0,744.3,0.794,132.2,23.81,1.043,2.134,0.193,0.046,2.697,1.51
"2021-12-13 05:40:00",656,0.822,97.6,0,0,737.8,0.538,113.3,44.77,1.002,2.134,0.193,0.046,2.693,1.45
"2021-12-13 05:50:00",657,0.751,97.9,0,0,755.1,0.472,82.8,47.99,0.951,2.136,0.193,0.046,2.699,0.92
"2021-12-13 06:00:00",658,0.774,97.9,0,0,737.3,0.691,149.2,49.52,0.993,2.14,0.193,0.045,2.699,1.62
"2021-12-13 06:10:00",659,0.851,97.2,0,0,720.2,0.859,122.5,48.99,0.988,2.141,0.193,0.046,2.699,1.87
"2021-12-13 06:20:00",660,0.851,97.1,0,0,718.4,0.44,23.76,40.03,1.021,2.145,0.193,0.046,2.705,0.93
"2021-12-13 06:30:00",661,0.851,97,0,0,715.2,0.305,73.99,48.6,1.04,2.149,0.193,0.046,2.701,0.6
"2021-12-13 06:40:00",662,0.609,98,0,0,714.9,0.769,197.7,8.64,0.677,2.152,0.193,0.045,2.706,1
"2021-12-13 06:50:00",663,0.46,99.5,0,0,711.5,0.402,186.6,22.74,0.527,2.155,0.194,0.046,2.705,0.65
"2021-12-13 07:00:00",664,0.405,100,0,0,708.8,0.336,250.4,33.67,0.505,2.158,0.194,0.046,2.706,0.5
"2021-12-13 07:10:00",665,0.479,100,0,0,713,0.311,0,0,0.604,2.159,0.194,0.046,2.702,0.72
"2021-12-13 07:20:00",666,0.527,100,0,0,718.5,0.327,45.92,27.66,0.724,2.163,0.194,0.046,2.705,0.83
"2021-12-13 07:30:00",667,0.496,100,0,0,713.2,0.262,0,0,0.686,2.169,0.194,0.046,2.712,0.56
"2021-12-13 07:40:00",668,0.478,100,0,0.039,709.8,0.659,0,0,0.585,2.17,0.194,0.046,2.713,1.08
"2021-12-13 07:50:00",669,0.385,100,0,0.565,712.8,0.425,72.98,31.59,0.529,2.172,0.194,0.046,2.711,0.77
"2021-12-13 08:00:00",670,0.251,100,0,1.506,714.5,0.334,14.28,15.46,0.475,2.176,0.194,0.046,2.712,0.62
"2021-12-13 08:10:00",671,0.396,100,0,2.776,711,0.282,23.78,22,0.605,2.177,0.194,0.046,2.713,0.65
"2021-12-13 08:20:00",672,0.489,100,0,5.838,706.9,0.113,0,0,0.641,2.179,0.194,0.046,2.713,0.3
"2021-12-13 08:30:00",673,0.481,100,0,8.9,703,0.336,116.4,52.57,0.697,2.184,0.194,0.046,2.713,0.55
"2021-12-13 08:40:00",674,0.381,100,0,11.45,699.3,0.481,167,11.99,0.578,2.188,0.194,0.046,2.717,0.62
"2021-12-13 08:50:00",675,0.312,100,0,18.95,694.8,0.36,153.2,10.78,0.619,2.191,0.194,0.046,2.716,0.51
"2021-12-13 09:00:00",676,0.538,100,0,27.03,691.6,0.364,84.4,24.47,0.855,2.195,0.194,0.046,2.723,0.56
"2021-12-13 09:10:00",677,0.58,100,0,26.1,687,0.21,0,0,0.823,2.196,0.194,0.046,2.721,0.49
"2021-12-13 09:20:00",678,0.989,100,0,37.75,681.5,0.257,0,0,0.938,2.196,0.194,0.046,2.726,0.59
"2021-12-13 09:30:00",679,1.048,100,0,56.23,673.1,0.74,15.96,6.51,1.173,2.199,0.194,0.046,2.722,1.08
"2021-12-13 09:40:00",680,1.526,98.7,0,79.61,664.4,0.247,0,0,1.608,2.203,0.194,0.046,2.727,0.63
"2021-12-13 09:50:00",681,2.149,95.3,0,73.03,657.3,0.194,10.56,29.91,2.036,2.21,0.194,0.046,2.731,0.3
"2021-12-13 10:00:00",682,2.298,92.6,0,121.6,649.6,0.587,7.19,29.27,2.165,2.211,0.194,0.046,2.733,0.95
"2021-12-13 10:10:00",683,2.825,91.8,0,182.5,637.2,0.31,58.68,36.36,2.878,2.214,0.194,0.046,2.73,0.63
"2021-12-13 10:20:00",684,2.818,90.5,0,140.7,628.5,0.784,29.67,12.17,2.821,2.219,0.194,0.046,2.736,1.06
"2021-12-13 10:30:00",685,2.573,91,0,123.6,620.8,0.803,4.248,6.889,2.361,2.222,0.194,0.046,2.735,1.02
"2021-12-13 10:40:00",686,2.523,91.1,0,108.1,612.6,0.987,5.547,5.47,2.219,2.228,0.194,0.046,2.738,1.11
"2021-12-13 10:50:00",687,2.428,91.8,0,102.2,604.5,1.09,37.42,13.49,2.15,2.232,0.194,0.046,2.739,1.41
"2021-12-13 11:00:00",688,2.475,93.4,0,135.8,595.8,1.124,37.84,9.86,2.263,2.233,0.194,0.046,2.739,1.64
"2021-12-13 11:10:00",689,2.878,92.8,0,163,583.2,0.862,14.45,9.02,2.502,2.238,0.194,0.046,2.741,1.06
"2021-12-13 11:20:00",690,3.229,93.1,0,213.4,567,1.127,9.41,11.38,2.687,2.244,0.194,0.046,2.748,1.31
"2021-12-13 11:30:00",691,3.601,94.1,0,185.8,546.6,0.743,356.7,9.73,3.106,2.246,0.194,0.046,2.742,1.26
"2021-12-13 11:40:00",692,3.967,94.2,0,162.6,532.6,0.608,350.9,15.86,3.721,2.25,0.194,0.046,2.75,1.06
"2021-12-13 11:50:00",693,3.785,95.5,0,129.1,521.3,0.644,357.3,12.49,3.629,2.255,0.194,0.046,2.753,0.99
"2021-12-13 12:00:00",694,3.858,96.9,0,158.4,510.8,0.574,359,7.503,3.759,2.257,0.195,0.046,2.755,0.88
"2021-12-13 12:10:00",695,3.788,97,0,179.1,496.9,0.729,348.2,6.809,3.86,2.26,0.195,0.046,2.756,0.88
"2021-12-13 12:20:00",696,3.69,97.8,0,194.7,479.9,1.008,320.5,8.23,3.593,2.263,0.195,0.046,2.755,1.3
"2021-12-13 12:30:00",697,3.516,98.7,0,187.6,464.7,0.743,324.4,15.99,3.373,2.263,0.195,0.046,2.761,1.07
"2021-12-13 12:40:00",698,3.702,98.9,0,189.6,448.2,0.658,311.2,21.85,3.539,2.267,0.195,0.046,2.763,1.28
"2021-12-13 12:50:00",699,3.511,98.5,0,169.7,431.5,0.772,239.1,8.72,2.685,2.268,0.195,0.046,2.766,1.02
"2021-12-13 13:00:00",700,3.221,99.4,0,209.5,413.6,1.098,242.5,5.616,2.041,2.268,0.195,0.046,2.765,1.37
"2021-12-13 13:10:00",701,3.619,99.9,0,157,399.9,0.462,0,0,2.793,2.27,0.195,0.046,2.769,1.07
"2021-12-13 13:20:00",702,4.053,99.2,0,143.1,388.3,0.473,1.817,47.29,3.692,2.269,0.195,0.046,2.767,0.83
"2021-12-13 13:30:00",703,4.347,97.9,0,154.6,379.4,0.372,65.96,36.48,4.111,2.268,0.195,0.046,2.772,0.9
"2021-12-13 13:40:00",704,3.882,97.5,0,158.4,369.7,0.987,30.73,17.16,3.767,2.27,0.195,0.046,2.773,1.68
"2021-12-13 13:50:00",705,3.19,99.4,0,135.1,359.5,1.581,36.94,7.834,2.661,2.27,0.195,0.046,2.779,2.23
"2021-12-13 14:00:00",706,2.958,100,0,144.6,349.6,1.799,36.99,8.09,2.427,2.269,0.196,0.046,2.78,2.53
"2021-12-13 14:10:00",707,2.9,100,0,110.3,340.4,1.396,43.74,12.13,2.555,2.275,0.196,0.046,2.78,2.63
"2021-12-13 14:20:00",708,3.063,100,0,98.8,331.1,1.524,62.9,10.38,2.757,2.283,0.196,0.046,2.784,2.07
"2021-12-13 14:30:00",709,3.016,100,0,89.2,322.2,1.496,48.97,16.53,2.74,2.284,0.196,0.046,2.786,2.27
"2021-12-13 14:40:00",710,2.723,100,0,91.7,316.5,1.831,36.22,7.338,2.306,2.287,0.196,0.046,2.787,2.32
"2021-12-13 14:50:00",711,2.758,100,0,80.4,319.6,1.722,44.05,9.5,2.396,2.295,0.196,0.046,2.785,2.48
"2021-12-13 15:00:00",712,2.614,100,0,60.76,324.6,1.776,37.52,6.349,2.163,2.299,0.196,0.046,2.788,2.71
"2021-12-13 15:10:00",713,2.568,100,0,56.11,325.1,1.585,58.5,15.48,2.178,2.305,0.196,0.046,2.791,2.19
"2021-12-13 15:20:00",714,2.551,100,0,45.65,327.6,1.84,57.83,15.44,2.356,2.309,0.196,0.046,2.793,2.61
"2021-12-13 15:30:00",715,2.373,100,0,34.29,335,1.991,39.95,10.88,2.088,2.312,0.197,0.047,2.788,2.89
"2021-12-13 15:40:00",716,2.28,100,0,31.42,344.8,2.317,29.74,9.38,1.991,2.317,0.197,0.046,2.798,3.72
"2021-12-13 15:50:00",717,2.182,100,0,23.16,355.8,1.868,38.18,10.18,1.904,2.319,0.197,0.046,2.799,2.62
"2021-12-13 16:00:00",718,2.169,100,0,15.26,363.7,1.489,45.17,17.3,2.01,2.326,0.197,0.046,2.797,2.43
"2021-12-13 16:10:00",719,2.055,100,0,11.36,372.9,1.095,61,17.28,1.894,2.33,0.197,0.046,2.805,1.77
"2021-12-13 16:20:00",720,1.956,100,0,8.26,385.9,1.162,52.07,13.39,1.825,2.333,0.197,0.046,2.805,1.87
"2021-12-13 16:30:00",721,1.985,100,0,3.515,402.8,1.025,54.03,12.1,1.854,2.335,0.197,0.046,2.803,1.52
"2021-12-13 16:40:00",722,1.876,100,0,1.511,425,0.623,73.42,23.39,1.782,2.337,0.197,0.046,2.808,0.99
"2021-12-13 16:50:00",723,1.985,100,0,0.588,452.1,0.683,107.1,24.49,1.692,2.342,0.198,0.046,2.807,1.13
"2021-12-13 17:00:00",724,1.884,100,0,0.05,487.3,0.49,99.1,14.07,1.705,2.345,0.198,0.047,2.811,0.82
"2021-12-13 17:10:00",725,1.831,100,0,0,504.8,0.571,77.27,26.79,1.752,2.344,0.198,0.047,2.809,1.3
"2021-12-13 17:20:00",726,1.739,100,0,0,513.6,1.059,44.48,12.65,1.748,2.344,0.198,0.047,2.808,1.8
"2021-12-13 17:30:00",727,1.468,100,0,0,517.6,1.055,13.18,11.3,1.356,2.344,0.198,0.047,2.81,1.35
"2021-12-13 17:40:00",728,1.458,100,0,0,525.9,0.546,349,31.22,1.477,2.343,0.199,0.047,2.811,0.83
"2021-12-13 17:50:00",729,1.6,100,0,0,538.4,0.643,297.5,15.13,1.417,2.346,0.199,0.047,2.807,0.9
"2021-12-13 18:00:00",730,1.586,100,0,0,552.5,0.493,348.1,47.65,1.505,2.346,0.199,0.047,2.815,0.89
"2021-12-13 18:10:00",731,1.296,100,0,0,578.7,0.565,74.27,26.78,1.379,2.345,0.199,0.047,2.815,1.01
"2021-12-13 18:20:00",732,1.216,100,0,0,606.7,0.7,60.84,30.49,1.118,2.347,0.199,0.047,2.818,1.17
"2021-12-13 18:30:00",733,1.242,100,0,0,620.1,0.786,63.47,34.1,1.265,2.347,0.199,0.047,2.815,1.59
"2021-12-13 18:40:00",734,1.203,100,0,0,633.4,0.806,82.4,20.4,1.269,2.345,0.2,0.047,2.815,1.59
"2021-12-13 18:50:00",735,1.148,100,0.2,0,643.6,0.949,88.3,21.05,1.349,2.347,0.2,0.047,2.819,1.79
"2021-12-13 19:00:00",736,1.091,100,0,0,644.3,1.334,95.8,26.08,1.329,2.348,0.2,0.047,2.819,2.36
"2021-12-13 19:10:00",737,0.943,100,0,0,647.7,1.391,93,23.99,1.209,2.346,0.2,0.047,2.816,3
"2021-12-13 19:20:00",738,0.72,100,0,0,652.7,1.435,76.78,30.82,1.062,2.346,0.2,0.047,2.814,2.43
"2021-12-13 19:30:00",739,0.533,100,0,0,655.7,0.882,47.41,24.92,0.849,2.344,0.2,0.047,2.816,1.51
"2021-12-13 19:40:00",740,0.474,100,0,0,661.3,0.686,76.67,41.67,0.808,2.344,0.201,0.047,2.82,1.49
"2021-12-13 19:50:00",741,0.264,100,0,0,665.6,0.91,37.62,15.06,0.601,2.345,0.201,0.047,2.819,1.37
"2021-12-13 20:00:00",742,0.18,100,0,0,667.5,0.806,63.93,18.65,0.566,2.346,0.201,0.047,2.818,1.63
"2021-12-13 20:10:00",743,0.04,100,0,0,670.9,0.767,87.7,34.23,0.483,2.344,0.201,0.047,2.819,1.53
"2021-12-13 20:20:00",744,-0.028,100,0,0,676.2,0.563,74.71,27.45,0.438,2.345,0.201,0.047,2.823,1.16
"2021-12-13 20:30:00",745,-0.016,100,0,0,687.1,0.465,0,0,0.428,2.345,0.201,0.047,2.821,0.95
"2021-12-13 20:40:00",746,-0.09,100,0,0,693.4,0.582,290.3,41.68,0.408,2.344,0.202,0.047,2.82,1.5
"2021-12-13 20:50:00",747,-0.151,100,0,0,694.2,0.672,190.3,17.9,0.347,2.344,0.202,0.047,2.819,0.98
"2021-12-13 21:00:00",748,-0.122,100,0,0,706.2,0.565,0,0,0.32,2.346,0.202,0.047,2.821,1.11
"2021-12-13 21:10:00",749,-0.141,100,0,0,713.8,0.328,35.78,51.14,0.355,2.341,0.202,0.047,2.819,1.04
"2021-12-13 21:20:00",750,-0.283,100,0,0,715.3,0.72,88.4,34.03,0.24,2.338,0.202,0.047,2.816,1.22
"2021-12-13 21:30:00",751,-0.449,100,0,0,714.7,1.079,108.7,17.88,0.114,2.338,0.202,0.047,2.816,1.47
"2021-12-13 21:40:00",752,-0.596,100,0,0,714.5,1.303,106.8,13.27,-0.005,2.336,0.202,0.047,2.818,2.27
"2021-12-13 21:50:00",753,-0.807,100,0,0,716.5,1.311,90.6,14.29,-0.174,2.332,0.203,0.048,2.822,2.4
"2021-12-13 22:00:00",754,-0.915,100,0,0,716.9,1.213,84.6,17.37,-0.295,2.331,0.203,0.048,2.817,2.3
"2021-12-13 22:10:00",755,-0.939,100,0,0,664.1,0.848,116.1,23.9,-0.352,2.327,0.203,0.048,2.819,1.4
"2021-12-13 22:20:00",756,-0.897,100,0,0,608,0.512,175,62.14,-0.288,2.323,0.203,0.048,2.814,1.2
"2021-12-13 22:30:00",757,-0.913,100,0,0,562.5,0.6,292.8,22.47,-0.286,2.322,0.203,0.048,2.818,1.3
"2021-12-13 22:40:00",758,-0.965,100,0,0,490.8,0.369,0,0,-0.387,2.32,0.203,0.048,2.818,1.14
"2021-12-13 22:50:00",759,-1.034,100,0,0,427,0.635,117.5,32.92,-0.359,2.319,0.203,0.048,2.815,1
"2021-12-13 23:00:00",760,-1.024,100,0,0,396.4,0.407,273.5,22.21,-0.292,2.319,0.203,0.048,2.817,0.78
"2021-12-13 23:10:00",761,-0.989,100,0,0,378.5,0.328,270.4,72.8,-0.285,2.313,0.203,0.048,2.818,0.64
"2021-12-13 23:20:00",762,-0.992,100,0,0,361.6,0.343,86,42.71,-0.312,2.313,0.204,0.048,2.816,0.81
"2021-12-13 23:30:00",763,-0.938,100,0,0,345.6,0.907,138.3,27.06,-0.261,2.312,0.204,0.048,2.815,2
"2021-12-13 23:40:00",764,-0.923,100,0,0,329.7,0.7,210.5,29.62,-0.259,2.309,0.204,0.048,2.811,1.27
"2021-12-13 23:50:00",765,-0.914,100,0,0,315.3,0.564,189.9,33.35,-0.251,2.306,0.204,0.048,2.814,1.44
"2021-12-14 00:00:00",766,-0.953,100,0,0,305.9,1.135,159.7,20,-0.267,2.305,0.204,0.048,2.808,2.03
"2021-12-14 00:10:00",767,-1.013,100,0,0,305.1,0.779,219.3,23.16,-0.34,2.299,0.204,0.048,2.805,1.45
"2021-12-14 00:20:00",768,-1.035,100,0,0,305.1,1.115,233.8,18.16,-0.337,2.295,0.204,0.048,2.81,1.85
"2021-12-14 00:30:00",769,-1.023,100,0,0,305.4,0.904,239.7,21.04,-0.334,2.29,0.204,0.048,2.804,1.79
"2021-12-14 00:40:00",770,-1.007,100,0,0,305.8,0.753,177,34.5,-0.332,2.286,0.205,0.048,2.809,1.71
"2021-12-14 00:50:00",771,-1.079,100,0,0,305.7,0.666,165,30.88,-0.367,2.284,0.205,0.048,2.809,1.46
"2021-12-14 01:00:00",772,-1.147,100,0,0,305.7,0.836,134.6,20.67,-0.435,2.282,0.205,0.048,2.81,1.37
"2021-12-14 01:10:00",773,-1.244,100,0,0,305.7,0.628,121.9,57.75,-0.538,2.277,0.205,0.048,2.802,1.2
"2021-12-14 01:20:00",774,-1.295,100,0,0,305.8,0.552,119.5,50.09,-0.572,2.273,0.205,0.048,2.806,1.19
"2021-12-14 01:30:00",775,-1.442,100,0,0,305.8,1.203,198,21.64,-0.685,2.269,0.205,0.048,2.798,2.04
"2021-12-14 01:40:00",776,-1.578,100,0,0,305.4,1.183,210.7,21.67,-0.816,2.266,0.205,0.048,2.8,1.83
"2021-12-14 01:50:00",777,-1.537,100,0,0,305.7,1.096,216,14.92,-0.784,2.262,0.205,0.048,2.801,1.72
"2021-12-14 02:00:00",778,-1.542,100,0,0,305.8,1.322,253.6,14.6,-0.785,2.261,0.205,0.048,2.794,1.81
"2021-12-14 02:10:00",779,-1.517,100,0,0,305.8,1.556,225.1,17.78,-0.763,2.255,0.205,0.048,2.791,2.39
"2021-12-14 02:20:00",780,-1.464,100,0,0,305.8,0.897,182.3,30.64,-0.736,2.253,0.205,0.048,2.793,1.98
"2021-12-14 02:30:00",781,-1.395,100,0,0,305.8,0.846,189.5,36.61,-0.706,2.25,0.205,0.048,2.793,2.06
"2021-12-14 02:40:00",782,-1.324,100,0,0,305.9,1.391,199.2,28.05,-0.636,2.247,0.206,0.048,2.792,2.56
"2021-12-14 02:50:00",783,-1.33,100,0,0,306.1,1.497,189,27.49,-0.652,2.244,0.206,0.048,2.795,2.63
"2021-12-14 03:00:00",784,-1.374,100,0,0,306.4,1.33,177.6,33.11,-0.693,2.241,0.206,0.048,2.788,2.73
"2021-12-14 03:10:00",785,-1.369,100,0,0,306.5,0.887,200.6,43.72,-0.709,2.235,0.206,0.048,2.786,2.37
"2021-12-14 03:20:00",786,-1.365,100,0,0,306.5,0.789,220.6,28.3,-0.735,2.23,0.206,0.048,2.784,1.89
"2021-12-14 03:30:00",787,-1.419,100,0,0,306.5,1.38,194.7,17.56,-0.797,2.225,0.206,0.048,2.783,2.53
"2021-12-14 03:40:00",788,-1.478,100,0,0,306.5,1.484,178,21.51,-0.848,2.222,0.206,0.048,2.782,2.58
"2021-12-14 03:50:00",789,-1.544,100,0,0,306.5,1.647,199.4,18.82,-0.887,2.219,0.206,0.049,2.778,2.77
"2021-12-14 04:00:00",790,-1.548,100,0,0,306.5,1.744,222.5,17.07,-0.863,2.217,0.206,0.049,2.779,3.04
"2021-12-14 04:10:00",791,-1.49,100,0,0,306.5,1.407,212.1,17.56,-0.813,2.211,0.206,0.049,2.773,2.71
"2021-12-14 04:20:00",792,-1.434,100,0,0,306.5,1.574,199.5,16.85,-0.758,2.209,0.206,0.049,2.774,2.6
"2021-12-14 04:30:00",793,-1.371,100,0,0,306.5,1.728,207,18.16,-0.708,2.206,0.206,0.049,2.771,3.55
"2021-12-14 04:40:00",794,-1.31,100,0,0,306.8,1.473,200.2,18.23,-0.655,2.201,0.206,0.049,2.774,3.26
"2021-12-14 04:50:00",795,-1.279,100,0,0,307.2,1.551,191.5,21.63,-0.617,2.197,0.206,0.049,2.771,2.82
"2021-12-14 05:00:00",796,-1.267,100,0,0,307.2,1.626,202.3,25.57,-0.62,2.194,0.206,0.049,2.762,3.5
"2021-12-14 05:10:00",797,-1.25,100,0,0,307.2,1.481,205.2,23.3,-0.598,2.188,0.206,0.049,2.764,2.58
"2021-12-14 05:20:00",798,-1.271,100,0,0,307.2,1.474,211.5,29.83,-0.616,2.185,0.206,0.049,2.764,3.43
"2021-12-14 05:30:00",799,-1.282,100,0,0,307.2,1.376,206.9,24.12,-0.634,2.181,0.206,0.049,2.757,3.5
"2021-12-14 05:40:00",800,-1.32,100,0,0,307.2,1.262,195.6,24.87,-0.665,2.179,0.207,0.049,2.76,3.28
"2021-12-14 05:50:00",801,-1.307,100,0,0,307.2,1.322,211.9,22.47,-0.66,2.178,0.207,0.049,2.754,2.29
"2021-12-14 06:00:00",802,-1.352,100,0,0,307.2,1.705,209.4,22.4,-0.696,2.18,0.207,0.049,2.756,2.5
"2021-12-14 06:10:00",803,-1.407,100,0,0,307.2,1.553,217.2,18.49,-0.737,2.176,0.207,0.049,2.752,2.81
"2021-12-14 06:20:00",804,-1.462,100,0,0,307.2,2.246,218.6,15.12,-0.789,2.173,0.207,0.049,2.752,4.05
"2021-12-14 06:30:00",805,-1.49,100,0,0,307.2,2.23,214.9,14.56,-0.817,2.172,0.207,0.049,2.747,4.13
"2021-12-14 06:40:00",806,-1.48,100,0,0,307.4,2.162,213.7,8.92,-0.798,2.17,0.207,0.049,2.746,3.23
"2021-12-14 06:50:00",807,-1.449,100,0,0,307.8,1.69,197.5,29.58,-0.782,2.169,0.207,0.049,2.744,3.31
"2021-12-14 07:00:00",808,-1.46,100,0,0,307.9,2.151,175.7,23.98,-0.798,2.168,0.207,0.049,2.744,4.77
"2021-12-14 07:10:00",809,-1.548,100,0,0,307.9,2.213,158.9,21.16,-0.891,2.162,0.207,0.049,2.741,5
"2021-12-14 07:20:00",810,-1.597,100,0,0,307.9,1.937,187.1,30.71,-0.972,2.157,0.207,0.049,2.734,3.63
"2021-12-14 07:30:00",811,-1.613,100,0,0,307.9,1.816,186.8,25.57,-1.009,2.148,0.207,0.049,2.735,3.51
"2021-12-14 07:40:00",812,-1.621,100,0,0.297,307.9,1.385,199.2,30.6,-1.035,2.141,0.207,0.049,2.733,2.93
"2021-12-14 07:50:00",813,-1.631,100,0,1.78,307.9,1.819,154.6,19.83,-1.076,2.139,0.207,0.049,2.735,3.55
"2021-12-14 08:00:00",814,-1.593,100,0,7.513,307.9,1.417,187.9,35.48,-1.037,2.134,0.207,0.049,2.724,3.23
"2021-12-14 08:10:00",815,-1.577,100,0,9.04,307.9,1.616,214.1,32.68,-1.03,2.128,0.207,0.049,2.729,3.97
"2021-12-14 08:20:00",816,-1.457,100,0,11.07,307.9,1.517,258.1,30.03,-0.922,2.125,0.207,0.049,2.727,3.52
"2021-12-14 08:30:00",817,-1.439,100,0,17.31,307.9,2.085,196.7,21.78,-0.856,2.123,0.207,0.049,2.718,3.81
"2021-12-14 08:40:00",818,-1.377,100,0,23.92,307.9,2.015,202,21.26,-0.782,2.12,0.207,0.049,2.718,4.47
"2021-12-14 08:50:00",819,-1.327,100,0,34.32,307.9,2.333,184.5,28.06,-0.738,2.117,0.207,0.049,2.719,4.24
"2021-12-14 09:00:00",820,-1.192,100,0,40.85,308.1,1.783,174.1,25.66,-0.62,2.115,0.207,0.049,2.715,3.58
"2021-12-14 09:10:00",821,-1.073,100,0,37.59,308.5,1.988,176,23.48,-0.533,2.109,0.207,0.049,2.713,4.1
"2021-12-14 09:20:00",822,-0.975,100,0,31.56,308.6,2.085,182.6,18.21,-0.441,2.105,0.207,0.049,2.709,4.11
"2021-12-14 09:30:00",823,-0.828,100,0,42.2,309.5,1.878,183.6,37.48,-0.282,2.101,0.208,0.049,2.712,4.45
"2021-12-14 09:40:00",824,-0.699,100,0,82.6,323.6,2.488,168.3,23.88,-0.115,2.098,0.208,0.049,2.704,4.47
"2021-12-14 09:50:00",825,-0.563,100,0,88.5,405.9,2.961,178,22.92,0.004,2.094,0.208,0.049,2.704,5.85
"2021-12-14 10:00:00",826,-0.453,100,0.1,87.4,550.6,3.153,180.9,17.79,0.053,2.092,0.208,0.049,2.699,5.56
"2021-12-14 10:10:00",827,-0.289,100,0,113.6,648.1,1.945,238.4,38,0.247,2.086,0.208,0.049,2.7,3.73
"2021-12-14 10:20:00",828,0.013,100,0,219.1,679.1,1.453,188.1,34.13,0.591,2.081,0.207,0.049,2.696,2.95
"2021-12-14 10:30:00",829,0.35,100,0,192.7,691.7,1.4,185.3,18,0.94,2.078,0.208,0.049,2.692,3.03
"2021-12-14 10:40:00",830,0.339,100,0,125.5,668.2,1.639,227.2,30.4,0.779,2.077,0.207,0.049,2.691,3.42
"2021-12-14 10:50:00",831,0.478,100,0,143,643.6,1.278,245.9,41.07,0.843,2.076,0.207,0.049,2.689,2.41
"2021-12-14 11:00:00",832,0.696,100,0,195.2,609.3,1.318,223.5,25.46,1.109,2.078,0.207,0.049,2.686,2.22
"2021-12-14 11:10:00",833,0.744,100,0,171.1,578.5,2.173,206.7,22.48,1.142,2.08,0.207,0.049,2.687,3.47
"2021-12-14 11:20:00",834,0.739,100,0,129.5,551.4,2.187,209.8,25.51,1.132,2.086,0.208,0.049,2.683,3.65
"2021-12-14 11:30:00",835,0.583,100,0,123.5,518.6,1.838,188.8,25.74,1.022,2.087,0.208,0.049,2.684,5.14
"2021-12-14 11:40:00",836,0.55,100,0,204.2,452.6,2.492,193.7,28.11,0.998,2.087,0.208,0.049,2.681,4.73
"2021-12-14 11:50:00",837,0.79,100,0,254.4,341.9,1.831,180.7,28.31,1.384,2.088,0.208,0.049,2.683,3.93
"2021-12-14 12:00:00",838,1.269,100,0,233,324,1.337,186.6,38.17,1.89,2.088,0.208,0.049,2.679,3.6
"2021-12-14 12:10:00",839,1.103,100,0,294.6,312.2,2.941,232.1,16.07,1.543,2.086,0.208,0.049,2.678,5.73
"2021-12-14 12:20:00",840,0.964,100,0,222.9,308,3.335,227,12.51,1.251,2.089,0.208,0.049,2.676,5.12
"2021-12-14 12:30:00",841,0.809,100,0,153.2,310.7,2.077,218.4,17.82,1.129,2.087,0.208,0.049,2.678,3.87
"2021-12-14 12:40:00",842,0.968,100,0,129.9,312.5,2.032,218.5,23.51,1.308,2.09,0.208,0.049,2.676,4.12
"2021-12-14 12:50:00",843,0.962,100,0,143.8,312,2.202,217.4,16.69,1.269,2.093,0.208,0.049,2.68,3.76
"2021-12-14 13:00:00",844,1.234,100,0,169.5,309.9,0.97,223,51.37,1.589,2.091,0.208,0.049,2.679,3.09
"2021-12-14 13:10:00",845,1.259,100,0,157.4,305.6,1.855,221.3,34.6,1.641,2.097,0.208,0.049,2.678,3.71
"2021-12-14 13:20:00",846,1.241,100,0,138.7,295.8,1.624,220.8,17.79,1.525,2.099,0.208,0.049,2.673,2.68
"2021-12-14 13:30:00",847,1.52,100,0,137,285.5,0.762,230.8,54.03,1.864,2.106,0.208,0.049,2.675,1.72
"2021-12-14 13:40:00",848,1.525,100,0,127,280.5,1.616,176.1,17.58,1.87,2.108,0.208,0.049,2.676,3.34
"2021-12-14 13:50:00",849,1.644,100,0,131.8,278.1,1.343,161.1,26.79,2.126,2.109,0.208,0.049,2.677,2.6
"2021-12-14 14:00:00",850,1.522,100,0,104.6,277.9,1.632,186.4,21.48,1.835,2.109,0.208,0.049,2.677,3.28
"2021-12-14 14:10:00",851,1.803,100,0,159.5,277,1.165,178.5,20.73,2.054,2.113,0.208,0.049,2.678,2.23
"2021-12-14 14:20:00",852,1.979,100,0,125.1,276.8,1.276,165.3,26.18,2.228,2.114,0.208,0.049,2.679,2.71
"2021-12-14 14:30:00",853,2.033,100,0,118.8,277.2,0.991,141.2,43.36,2.304,2.115,0.208,0.049,2.679,1.94
"2021-12-14 14:40:00",854,2.241,99.7,0,116.8,276.6,0.813,160.2,48.68,2.472,2.122,0.208,0.049,2.682,1.94
"2021-12-14 14:50:00",855,2.44,99.2,0,100.1,276.6,0.538,167.8,73.13,2.704,2.127,0.208,0.049,2.679,1.36
"2021-12-14 15:00:00",856,2.371,98.9,0,84.4,277.4,0.835,122.5,33.44,2.596,2.126,0.208,0.049,2.683,1.44
"2021-12-14 15:10:00",857,2.286,98.9,0,95.4,277.9,0.945,124.8,24.63,2.459,2.132,0.208,0.049,2.681,1.86
"2021-12-14 15:20:00",858,2.311,98.9,0,77.21,277.9,0.915,0,0,2.381,2.139,0.208,0.049,2.683,1.95
"2021-12-14 15:30:00",859,2.372,98.5,0,68.58,277.9,0.907,170.1,40.62,2.433,2.143,0.208,0.049,2.683,2.32
"2021-12-14 15:40:00",860,2.277,98.5,0,50.51,278.8,1.237,161.4,35.7,2.297,2.147,0.208,0.049,2.684,2.23
"2021-12-14 15:50:00",861,2.169,98.9,0,36.76,281.7,0.901,139.3,49.35,2.138,2.15,0.208,0.049,2.689,1.82
"2021-12-14 16:00:00",862,1.987,99.3,0,25.7,287.5,0.589,118.6,73.16,1.993,2.151,0.208,0.049,2.683,2.1
"2021-12-14 16:10:00",863,1.868,99.7,0,16.4,294.5,0.64,123.6,49.36,1.746,2.158,0.208,0.049,2.695,1.65
"2021-12-14 16:20:00",864,1.461,99.9,0,8.28,299.8,0.564,0,0,0.742,2.164,0.208,0.049,2.689,1.25
"2021-12-14 16:20:00",864,1.461,99.9,0,8.28,299.8,0.564,0,0,0.742,2.164,0.208,0.049,2.689,1.25
"2021-12-14 16:30:00",865,1.499,100,0,3.498,301.1,0.69,180.4,36.65,1.067,2.163,0.208,0.049,2.695,1.28
"2021-12-14 16:40:00",866,1.297,100,0,2.692,301.7,1.437,169.9,18.69,1.206,2.167,0.208,0.049,2.696,2.93
"2021-12-14 16:50:00",867,1.42,100,0,0.655,300.1,1.458,169.4,27.47,1.51,2.171,0.208,0.049,2.698,2.85
"2021-12-14 17:00:00",868,1.399,100,0,0.028,298.5,1.634,170.1,23.89,1.534,2.171,0.208,0.049,2.698,2.72
"2021-12-14 17:10:00",869,1.341,100,0,0,295.3,1.459,179.1,31.32,1.486,2.169,0.208,0.049,2.701,2.58
"2021-12-14 17:20:00",870,1.381,100,0,0,293.6,0.913,196.5,21.19,1.528,2.17,0.208,0.049,2.703,1.63
"2021-12-14 17:30:00",871,1.353,100,0,0,292.3,1.244,194.7,16.32,1.468,2.168,0.208,0.049,2.705,2.79
"2021-12-14 17:40:00",872,1.357,100,0,0,287.8,1.35,195.6,24.14,1.494,2.168,0.208,0.049,2.702,2.71
"2021-12-14 17:50:00",873,1.366,100,0,0,284,0.719,262.2,40.23,1.495,2.17,0.208,0.049,2.708,1.52
"2021-12-14 18:00:00",874,1.376,100,0,0,281.4,0.659,220.9,51.78,1.466,2.171,0.208,0.049,2.706,1.18
"2021-12-14 18:10:00",875,1.383,100,0,0,279.6,0.878,237.3,33.35,1.45,2.17,0.208,0.049,2.708,1.76
"2021-12-14 18:20:00",876,1.295,99.9,0,0,279,0.904,250.6,32.65,1.366,2.174,0.208,0.049,2.707,2.05
"2021-12-14 18:30:00",877,1.179,100,0,0,279.3,0.786,318.3,15.33,1.242,2.175,0.208,0.049,2.711,1.21
"2021-12-14 18:40:00",878,0.948,100,0,0,280.2,0.428,268.7,30.57,1.107,2.175,0.208,0.049,2.711,1
"2021-12-14 18:50:00",879,0.868,100,0,0,280.8,0.476,277.1,24.01,0.934,2.179,0.209,0.049,2.713,0.69
"2021-12-14 19:00:00",880,0.877,100,0,0,281.3,0.496,271.3,30.2,0.877,2.182,0.209,0.049,2.716,0.84
"2021-12-14 19:10:00",881,0.848,100,0,0,281.3,0.318,336.2,64.21,0.916,2.187,0.209,0.049,2.717,0.55
"2021-12-14 19:20:00",882,0.709,100,0,0,281.4,0.309,0,0,0.811,2.193,0.209,0.049,2.714,0.8
"2021-12-14 19:30:00",883,0.762,100,0,0,281.4,0.65,172.4,21.37,0.813,2.195,0.209,0.049,2.717,1.33
"2021-12-14 19:40:00",884,0.792,100,0,0,281.3,0.375,0,0,0.933,2.195,0.209,0.049,2.719,0.86
"2021-12-14 19:50:00",885,0.78,100,0,0,281.3,0.73,7.307,20.14,0.909,2.198,0.209,0.049,2.718,1.09
"2021-12-14 20:00:00",886,0.851,100,0,0,281.3,0.72,339,16.58,0.992,2.202,0.209,0.049,2.723,1.03
"2021-12-14 20:10:00",887,0.83,100,0,0,282.4,0.568,266.1,94,0.935,2.206,0.209,0.049,2.721,0.89
"2021-12-14 20:20:00",888,0.679,100,0,0,282.9,0.479,202.2,13.82,0.729,2.212,0.209,0.049,2.725,1.13
"2021-12-14 20:30:00",889,0.631,100,0,0,286,0.718,209.6,12.39,0.562,2.214,0.209,0.049,2.728,1.26
"2021-12-14 20:40:00",890,0.595,100,0,0,292,1.321,214.3,9.4,0.633,2.214,0.209,0.049,2.724,2.24
"2021-12-14 20:50:00",891,0.577,100,0,0,297.4,0.829,0,0,0.736,2.216,0.209,0.05,2.728,1.66
"2021-12-14 21:00:00",892,0.539,100,0,0,298.8,0.469,253.5,37.75,0.735,2.217,0.209,0.05,2.732,0.85
"2021-12-14 21:10:00",893,0.445,100,0,0,298.8,0.64,314.1,39.45,0.676,2.216,0.209,0.049,2.73,1
"2021-12-14 21:20:00",894,0.453,100,0,0,298.6,0.384,317.2,63.19,0.776,2.217,0.209,0.05,2.731,0.96
"2021-12-14 21:30:00",895,0.359,100,0,0,299.1,0.483,183,27.1,0.654,2.22,0.209,0.049,2.731,0.79
"2021-12-14 21:40:00",896,0.308,100,0,0,300.9,0.739,287.4,30.47,0.473,2.221,0.209,0.049,2.731,1.33
"2021-12-14 21:50:00",897,0.403,100,0,0,302.7,0.671,321,8.21,0.608,2.222,0.209,0.049,2.73,0.89
"2021-12-14 22:00:00",898,0.351,100,0,0,304.6,0.372,239.9,33.95,0.517,2.226,0.209,0.05,2.733,0.63
"2021-12-14 22:10:00",899,0.073,100,0,0,306.7,0.777,163,7.502,0.173,2.227,0.209,0.05,2.738,1.23
"2021-12-14 22:20:00",900,-0.079,100,0,0,308.3,0.503,166,7.678,0.015,2.23,0.209,0.05,2.74,0.67
"2021-12-14 22:30:00",901,-0.119,100,0,0,308.5,0.348,194.8,18.19,0.172,2.23,0.209,0.05,2.737,0.54
"2021-12-14 22:40:00",902,-0.077,100,0,0,308.3,0.566,248.4,27.9,0.225,2.229,0.209,0.05,2.739,0.77
"2021-12-14 22:50:00",903,0.141,100,0,0,307.6,0.572,290.9,8.41,0.391,2.229,0.209,0.05,2.736,0.85
"2021-12-14 23:00:00",904,0.145,100,0,0,306.7,0.592,223.6,46.98,0.426,2.232,0.209,0.05,2.74,1.11
"2021-12-14 23:10:00",905,-0.017,100,0,0,306.2,0.4,167,29.79,0.316,2.232,0.209,0.05,2.74,0.99
"2021-12-14 23:20:00",906,-0.081,100,0,0,305.8,0.503,135.9,30.15,0.295,2.233,0.209,0.05,2.742,0.99
"2021-12-14 23:30:00",907,-0.079,100,0,0,305.2,0.257,0,0,0.329,2.231,0.209,0.05,2.74,0.41
"2021-12-14 23:40:00",908,-0.096,100,0,0,304.9,0.595,0,0,0.292,2.231,0.209,0.05,2.743,0.93
"2021-12-14 23:50:00",909,0.006,100,0,0,305.2,0.331,231.7,11.22,0.287,2.232,0.209,0.05,2.742,0.6
"2021-12-15 00:00:00",910,0.082,100,0,0,307.7,0.202,153.6,59.14,0.366,2.232,0.209,0.05,2.742,0.34
"2021-12-15 00:10:00",911,0.032,100,0,0,311.8,0.159,0,0,0.385,2.23,0.209,0.05,2.746,0.41
"2021-12-15 00:20:00",912,-0.035,100,0,0,314.8,0.343,144.3,15.64,0.337,2.232,0.209,0.05,2.747,0.44
"2021-12-15 00:30:00",913,-0.039,100,0,0,318.2,0.285,0,0,0.358,2.232,0.209,0.05,2.742,0.47
"2021-12-15 00:40:00",914,-0.006,100,0,0,321,0.112,0,0,0.362,2.233,0.209,0.05,2.743,0.27
"2021-12-15 00:50:00",915,0.177,100,0,0,324.2,0.448,353.6,12.84,0.472,2.235,0.209,0.05,2.743,0.61
"2021-12-15 01:00:00",916,0.245,100,0,0,328.2,0.289,254.7,48.27,0.495,2.237,0.209,0.05,2.748,0.41
"2021-12-15 01:10:00",917,0.197,100,0,0,332.6,0.32,235.8,28.05,0.393,2.24,0.209,0.05,2.748,0.52
"2021-12-15 01:20:00",918,0.166,100,0,0,337.1,0.159,290.4,51.54,0.418,2.241,0.209,0.05,2.746,0.32
"2021-12-15 01:30:00",919,0.128,100,0,0,341.4,0.162,319.6,16.52,0.476,2.242,0.209,0.05,2.746,0.24
"2021-12-15 01:40:00",920,0.268,100,0,0,346.9,0.353,235.1,35.14,0.526,2.245,0.209,0.05,2.75,1.08
"2021-12-15 01:50:00",921,0.134,100,0,0,353.9,0.595,154.9,20.13,0.393,2.245,0.209,0.05,2.745,0.82
"2021-12-15 02:00:00",922,0.035,100,0,0,361.3,0.534,149.3,12.15,0.415,2.247,0.209,0.05,2.75,0.91
"2021-12-15 02:10:00",923,0.124,100,0,0,364.8,0.249,254.5,29.19,0.441,2.247,0.209,0.05,2.748,0.47
"2021-12-15 02:20:00",924,0.298,100,0,0,366.8,0.236,253.3,41.47,0.5,2.248,0.209,0.05,2.753,0.61
"2021-12-15 02:30:00",925,0.422,100,0,0,369.7,0.354,306.3,28.66,0.604,2.249,0.209,0.05,2.75,0.6
"2021-12-15 02:40:00",926,0.388,100,0,0,374.7,0.423,37.55,56.03,0.695,2.249,0.209,0.05,2.749,0.77
"2021-12-15 02:50:00",927,0.245,100,0,0,386.9,0.293,85.4,19.1,0.618,2.251,0.209,0.05,2.751,0.6
"2021-12-15 03:00:00",928,0.2,100,0,0,401.1,0.19,0,0,0.57,2.254,0.209,0.05,2.753,0.52
"2021-12-15 03:10:00",929,0.2,100,0,0,414.7,0.478,185.4,16.98,0.464,2.257,0.209,0.05,2.753,0.59
"2021-12-15 03:20:00",930,0.237,100,0,0,423.7,0.464,216.8,25.69,0.424,2.258,0.209,0.05,2.753,0.59
"2021-12-15 03:30:00",931,0.493,100,0,0,432.2,0.356,355.1,48.52,0.57,2.258,0.209,0.05,2.756,0.71
"2021-12-15 03:40:00",932,0.494,100,0,0,447.6,0.243,0,0,0.675,2.259,0.209,0.05,2.758,0.52
"2021-12-15 03:50:00",933,0.432,100,0,0,471.2,0.227,0,0,0.672,2.261,0.209,0.05,2.76,0.58
"2021-12-15 04:00:00",934,0.408,100,0,0,494.3,0.332,0,0,0.617,2.263,0.209,0.05,2.755,0.72
"2021-12-15 04:10:00",935,0.478,100,0,0,499.6,0.572,281.2,34.71,0.553,2.265,0.209,0.05,2.753,0.83
"2021-12-15 04:20:00",936,0.527,100,0,0,502.2,0.488,261.3,16.38,0.651,2.266,0.209,0.05,2.763,0.67
"2021-12-15 04:30:00",937,0.353,100,0,0,507.9,0.655,253.7,13.21,0.452,2.269,0.209,0.05,2.762,0.9
"2021-12-15 04:40:00",938,0.354,100,0,0,512.7,0.549,251.5,34.12,0.452,2.268,0.209,0.05,2.762,1.06
"2021-12-15 04:50:00",939,0.339,100,0,0,518.7,0.596,231.4,12.88,0.406,2.27,0.209,0.05,2.763,0.68
"2021-12-15 05:00:00",940,0.373,100,0,0,522.1,0.442,173.1,95.6,0.507,2.271,0.209,0.05,2.762,0.81
"2021-12-15 05:10:00",941,0.282,100,0,0,524.7,0.452,237.5,33.09,0.422,2.27,0.209,0.05,2.756,0.59
"2021-12-15 05:20:00",942,0.391,100,0,0,525,0.223,335.8,57.1,0.575,2.271,0.209,0.05,2.766,0.4
"2021-12-15 05:30:00",943,0.441,100,0,0,526.6,0.35,234.6,21.31,0.621,2.27,0.209,0.05,2.767,0.67
"2021-12-15 05:40:00",944,0.45,100,0,0,527.3,0.337,243.2,17.29,0.574,2.269,0.209,0.05,2.764,0.61
"2021-12-15 05:50:00",945,0.424,100,0,0,526,0.237,326.2,55.2,0.497,2.272,0.209,0.05,2.768,0.38
"2021-12-15 06:00:00",946,0.411,100,0,0,524.1,0.712,215.9,9.69,0.496,2.273,0.209,0.05,2.771,0.98
"2021-12-15 06:10:00",947,0.436,100,0,0,521.8,0.377,0,0,0.518,2.272,0.209,0.05,2.765,0.82
"2021-12-15 06:20:00",948,0.524,100,0,0,518.2,0.817,231.6,30.86,0.467,2.273,0.209,0.05,2.763,1.08
"2021-12-15 06:30:00",949,0.545,100,0,0,514.5,0.297,251.4,49.11,0.567,2.272,0.209,0.05,2.768,0.47
"2021-12-15 06:40:00",950,0.479,100,0,0,510.6,0.353,207.9,20.4,0.46,2.271,0.209,0.05,2.769,0.63
"2021-12-15 06:50:00",951,0.279,100,0,0,507.1,0.211,0,0,0.471,2.273,0.209,0.05,2.772,0.54
"2021-12-15 07:00:00",952,0.237,100,0,0,503.5,0.636,214.5,20.28,0.374,2.274,0.209,0.05,2.77,0.79
"2021-12-15 07:10:00",953,0.438,100,0,0,500.3,0.376,262.6,78.29,0.557,2.272,0.209,0.05,2.766,0.56
"2021-12-15 07:20:00",954,0.412,100,0,0,501.4,0.646,196.3,17.93,0.526,2.273,0.209,0.05,2.768,0.89
"2021-12-15 07:30:00",955,0.377,100,0,0,509.5,0.357,0,0,0.511,2.273,0.209,0.05,2.772,0.63
"2021-12-15 07:40:00",956,0.492,100,0,0,518.6,0.257,167.7,49.23,0.567,2.271,0.21,0.05,2.775,0.42
"2021-12-15 07:50:00",957,0.332,100,0,0.325,526,0.203,0,0,0.588,2.272,0.209,0.05,2.773,0.46
"2021-12-15 08:00:00",958,0.173,100,0,0.784,531,0.285,0,0,0.538,2.274,0.209,0.05,2.776,0.64
"2021-12-15 08:10:00",959,0.195,100,0,1.634,539.1,0.3,163.6,18.73,0.471,2.275,0.209,0.05,2.774,0.5
"2021-12-15 08:20:00",960,0.253,100,0,4.058,543.1,0.283,0,0,0.522,2.277,0.209,0.05,2.771,0.5
"2021-12-15 08:30:00",961,0.379,100,0,7.086,547.4,0.14,0,0,0.628,2.278,0.21,0.05,2.774,0.31
"2021-12-15 08:40:00",962,0.545,100,0,11.03,556.8,0.332,11.44,14.34,0.802,2.277,0.21,0.05,2.775,0.6
"2021-12-15 08:50:00",963,0.498,100,0,15.09,567.1,0.53,22.64,9.55,0.775,2.28,0.21,0.05,2.777,0.76
"2021-12-15 09:00:00",964,0.547,100,0,19.35,584.6,0.674,21.3,6.361,0.79,2.285,0.21,0.05,2.775,0.9
"2021-12-15 09:10:00",965,0.571,100,0,24.73,594,0.499,39.29,29.49,0.843,2.285,0.21,0.05,2.77,0.79
"2021-12-15 09:20:00",966,0.683,100,0,31.12,591.7,0.58,60.73,26.48,1.027,2.287,0.21,0.05,2.777,1.4
"2021-12-15 09:30:00",967,0.723,100,0,38.57,601.9,0.91,25.35,11.35,1.028,2.29,0.21,0.05,2.776,1.48
"2021-12-15 09:40:00",968,0.736,100,0,45.54,602,1.106,40.15,9.4,1.022,2.293,0.21,0.05,2.779,1.54
"2021-12-15 09:50:00",969,0.784,100,0,49.01,595.3,1.276,56.93,19.73,1.064,2.294,0.21,0.05,2.777,1.94
"2021-12-15 10:00:00",970,0.828,100,0,56.9,590.8,0.987,42.31,13.77,1.134,2.3,0.21,0.05,2.775,1.49
"2021-12-15 10:10:00",971,0.792,100,0,58.44,587.1,1.218,23.22,10.15,1.076,2.302,0.21,0.05,2.778,1.54
"2021-12-15 10:20:00",972,0.831,100,0,64.27,588.4,1.12,20.76,5.488,1.09,2.308,0.21,0.05,2.78,1.49
"2021-12-15 10:30:00",973,0.941,100,0,68.37,592.3,1.111,25.7,6.95,1.183,2.307,0.21,0.05,2.777,1.45
"2021-12-15 10:40:00",974,0.998,100,0,82.4,591.8,1.124,21.27,8.6,1.265,2.312,0.21,0.05,2.782,1.5
"2021-12-15 10:50:00",975,1.109,100,0,89.6,596.4,1.162,28.87,6.454,1.33,2.315,0.21,0.05,2.783,1.67
"2021-12-15 11:00:00",976,1.147,100,0,96.4,590.8,1.272,29.12,8.01,1.382,2.317,0.21,0.05,2.784,1.72
"2021-12-15 11:10:00",977,1.156,100,0,99.4,582,1.352,31.33,9.06,1.393,2.318,0.21,0.05,2.782,1.75
"2021-12-15 11:20:00",978,1.18,100,0,107.6,573.8,1.522,36.35,8.86,1.416,2.319,0.21,0.05,2.784,2.25
"2021-12-15 11:30:00",979,1.206,100,0,112.9,567,1.38,27.76,8.61,1.45,2.322,0.21,0.05,2.784,2.04
"2021-12-15 11:40:00",980,1.268,100,0,116.3,561,1.384,35.17,7.462,1.506,2.326,0.21,0.05,2.786,1.91
"2021-12-15 11:50:00",981,1.286,100,0,113.9,553.6,1.83,41.84,7.402,1.518,2.329,0.21,0.05,2.787,2.68
"2021-12-15 12:00:00",982,1.325,100,0,114.7,545.3,1.923,59.4,15.17,1.613,2.331,0.21,0.05,2.786,3.09
"2021-12-15 12:10:00",983,1.317,100,0,110.1,537.2,2.315,60.39,10.73,1.658,2.335,0.21,0.05,2.782,3.91
"2021-12-15 12:20:00",984,1.279,100,0,101.8,528.4,2.387,53.4,10.9,1.639,2.337,0.21,0.05,2.788,4.25
"2021-12-15 12:30:00",985,1.303,100,0,94.7,520,2.412,52.04,10.9,1.625,2.34,0.21,0.05,2.785,3.49
"2021-12-15 12:40:00",986,1.358,100,0,89.3,512.3,1.891,44.25,11.95,1.657,2.342,0.21,0.05,2.786,2.83
"2021-12-15 12:50:00",987,1.287,100,0,70.85,505.3,2.107,40.7,9.5,1.553,2.345,0.21,0.05,2.788,2.89
"2021-12-15 13:00:00",988,1.292,100,0,65.74,499.1,1.711,40.13,17.69,1.563,2.346,0.21,0.05,2.787,2.69
"2021-12-15 13:10:00",989,1.29,100,0,67.69,493.5,1.661,31.26,10.73,1.544,2.345,0.21,0.05,2.783,2.52
"2021-12-15 13:20:00",990,1.252,100,0,75.84,483.9,2.045,47.54,15.78,1.515,2.347,0.21,0.05,2.784,3.05
"2021-12-15 13:30:00",991,1.344,100,0,77.57,475.2,1.375,56.83,21.09,1.677,2.346,0.21,0.05,2.784,2.93
"2021-12-15 13:40:00",992,1.297,100,0,74.39,466.6,1.956,44.23,13.4,1.565,2.346,0.21,0.05,2.785,3.37
"2021-12-15 13:50:00",993,1.275,100,0,68.84,458,2.159,51.84,15.08,1.561,2.347,0.21,0.05,2.787,3.72
"2021-12-15 14:00:00",994,1.34,100,0,62.81,450.5,1.87,38.23,11.16,1.57,2.349,0.21,0.05,2.787,2.8
"2021-12-15 14:10:00",995,1.277,100,0,61.37,442.6,2.138,41.32,17.84,1.546,2.349,0.21,0.05,2.788,3.18
"2021-12-15 14:20:00",996,1.267,100,0,58.39,437.3,1.698,53.32,18.62,1.585,2.349,0.21,0.05,2.789,2.5
"2021-12-15 14:30:00",997,1.252,100,0,51.69,431.5,2.09,42.07,24.96,1.504,2.348,0.21,0.05,2.788,3.87
"2021-12-15 14:40:00",998,1.293,100,0,45.68,426.8,2.109,41.14,22.51,1.544,2.347,0.21,0.05,2.788,3.33
"2021-12-15 14:50:00",999,1.243,100,0,36.53,423.7,1.331,24.67,10.86,1.431,2.348,0.21,0.05,2.787,1.75
"2021-12-15 15:00:00",1000,1.218,100,0,32.01,420.5,1.907,43.64,14.46,1.433,2.349,0.21,0.05,2.785,3.01
"2021-12-15 15:10:00",1001,1.154,100,0,30.19,417.5,1.815,45.14,13.99,1.392,2.348,0.21,0.05,2.789,2.74
"2021-12-15 15:20:00",1002,1.141,100,0,25.75,413.9,2.564,28.65,12.19,1.37,2.35,0.21,0.05,2.78,4.09
"2021-12-15 15:30:00",1003,1.015,100,0,19.81,410.6,3.193,16.35,8.75,1.268,2.348,0.21,0.05,2.787,4.24
"2021-12-15 15:40:00",1004,0.986,100,0,15.16,408.9,3.187,21.73,8.66,1.244,2.345,0.21,0.05,2.786,4.17
"2021-12-15 15:50:00",1005,0.954,100,0,11.44,409.1,2.397,39.68,15.22,1.218,2.341,0.21,0.05,2.782,3.21
"2021-12-15 16:00:00",1006,0.946,100,0,8.29,408.6,2.485,35.15,10.2,1.196,2.333,0.211,0.05,2.787,3.68
"2021-12-15 16:10:00",1007,0.947,100,0,4.22,409,2.18,29.87,11.53,1.187,2.33,0.211,0.05,2.788,3.03
"2021-12-15 16:20:00",1008,0.909,100,0,2.048,410.1,1.663,27.02,7.114,1.137,2.326,0.211,0.05,2.782,2.75
"2021-12-15 16:30:00",1009,0.896,100,0,1.097,411.3,1.919,22.77,9.71,1.14,2.319,0.211,0.05,2.78,2.62
"2021-12-15 16:40:00",1010,0.902,100,0,0.442,413.5,1.958,18.91,6.376,1.149,2.317,0.211,0.05,2.783,2.61
"2021-12-15 16:50:00",1011,0.837,100,0,0.078,416.4,1.598,21.95,7.208,1.097,2.316,0.211,0.05,2.782,2.11
"2021-12-15 17:00:00",1012,0.851,100,0,0,419.4,1.994,26.63,12.14,1.113,2.314,0.211,0.05,2.779,3.37
"2021-12-15 17:10:00",1013,0.872,100,0,0,423.1,1.749,32.7,9.39,1.136,2.309,0.211,0.05,2.777,2.62
"2021-12-15 17:20:00",1014,0.855,100,0,0,428.2,1.758,43.57,12.84,1.112,2.308,0.212,0.05,2.777,3.06
"2021-12-15 17:30:00",1015,0.857,100,0,0,432.4,1.896,41.21,14.41,1.15,2.306,0.212,0.05,2.774,2.73
"2021-12-15 17:40:00",1016,0.873,100,0,0,436.8,1.884,39.68,9.96,1.118,2.303,0.212,0.05,2.773,4.59
"2021-12-15 17:50:00",1017,0.907,100,0,0,440,2.395,29.96,11.3,1.165,2.305,0.212,0.05,2.769,4.1
"2021-12-15 18:00:00",1018,0.91,100,0,0,444.7,2.245,27.81,11.15,1.186,2.304,0.212,0.05,2.773,3.7
"2021-12-15 18:10:00",1019,0.921,100,0,0,457.3,1.982,19.22,9.84,1.18,2.298,0.212,0.05,2.768,2.98
"2021-12-15 18:20:00",1020,0.92,100,0,0,477.5,1.735,25.14,7.154,1.178,2.296,0.212,0.05,2.764,2.88
"2021-12-15 18:30:00",1021,0.88,100,0,0,514.9,1.408,49.68,13.29,1.111,2.294,0.213,0.05,2.767,2.53
"2021-12-15 18:40:00",1022,0.936,100,0,0,535.4,1.543,63.28,18.28,1.266,2.292,0.213,0.05,2.764,2.4
"2021-12-15 18:50:00",1023,0.918,100,0,0,550.7,1.967,54.21,9.72,1.22,2.29,0.213,0.05,2.76,2.91
"2021-12-15 19:00:00",1024,0.888,100,0,0,561.8,1.076,74.43,20.54,1.204,2.291,0.213,0.05,2.761,1.78
"2021-12-15 19:10:00",1025,0.851,100,0,0,577.3,1.11,44.5,21.35,1.184,2.293,0.213,0.05,2.759,1.94
"2021-12-15 19:20:00",1026,0.827,100,0,0,587.3,1.165,34.14,15.03,1.096,2.293,0.213,0.05,2.758,1.74
"2021-12-15 19:30:00",1027,0.834,100,0,0,597.9,1.651,37.87,10.23,1.1,2.295,0.213,0.05,2.754,2.46
"2021-12-15 19:40:00",1028,0.795,100,0,0,607.3,1.588,39.62,14.42,1.095,2.297,0.214,0.051,2.758,3.07
"2021-12-15 19:50:00",1029,0.784,100,0,0,617.3,1.712,43.05,14.79,1.078,2.298,0.214,0.05,2.758,2.81
"2021-12-15 20:00:00",1030,0.79,100,0,0,630.1,1.72,36.04,12.58,1.084,2.297,0.214,0.051,2.752,2.6
"2021-12-15 20:10:00",1031,0.751,100,0,0,636.1,1.285,39.65,13.45,1.027,2.298,0.214,0.051,2.754,2.01
"2021-12-15 20:20:00",1032,0.767,100,0,0,638.6,1.382,61.46,15.93,1.096,2.298,0.214,0.051,2.759,2.06
"2021-12-15 20:30:00",1033,0.736,100,0.1,0,640.9,1.231,39.29,10.12,1.044,2.297,0.214,0.051,2.751,1.97
"2021-12-15 20:40:00",1034,0.675,100,0,0,647.8,1.124,91.1,26.2,0.998,2.298,0.214,0.051,2.751,1.81
"2021-12-15 20:50:00",1035,0.65,100,0,0,655.9,0.973,79.73,26.21,1,2.299,0.215,0.051,2.749,2.15
"2021-12-15 21:00:00",1036,0.662,100,0,0,657.2,1.305,104.7,50.08,1.015,2.301,0.215,0.051,2.75,2.26
"2021-12-15 21:10:00",1037,0.645,100,0,0,660.8,0.885,54.75,30.78,1.014,2.3,0.215,0.051,2.747,1.83
"2021-12-15 21:20:00",1038,0.624,100,0,0,663.7,0.989,28.26,30.91,0.971,2.301,0.215,0.051,2.746,1.58
"2021-12-15 21:30:00",1039,0.626,100,0,0,666.3,1.156,6.428,22.98,0.928,2.302,0.215,0.051,2.746,1.57
"2021-12-15 21:40:00",1040,0.633,100,0,0,672.9,1.066,42.38,45.77,0.963,2.301,0.215,0.051,2.744,1.54
"2021-12-15 21:50:00",1041,0.604,100,0,0,682.1,0.436,63.3,36.74,0.942,2.303,0.215,0.051,2.747,1.12
"2021-12-15 22:00:00",1042,0.616,100,0,0,691.2,0.496,20.8,15.55,0.932,2.305,0.215,0.051,2.744,0.78
"2021-12-15 22:10:00",1043,0.653,100,0,0,696.7,0.805,358.3,8.76,0.92,2.304,0.215,0.051,2.744,1.15
"2021-12-15 22:20:00",1044,0.676,100,0,0,702.9,0.989,7.772,8.35,0.904,2.307,0.216,0.051,2.747,1.37
"2021-12-15 22:30:00",1045,0.681,100,0,0,709.4,0.998,8.94,8.79,0.885,2.308,0.216,0.051,2.744,1.25
"2021-12-15 22:40:00",1046,0.666,100,0,0,710.2,0.815,24.13,9.12,0.925,2.308,0.216,0.051,2.744,1.18
"2021-12-15 22:50:00",1047,0.65,100,0,0,711.8,0.82,21.83,10.64,0.848,2.31,0.216,0.051,2.745,0.98
"2021-12-15 23:00:00",1048,0.702,100,0,0,715.3,0.701,360,11.29,0.881,2.313,0.216,0.051,2.745,1.05
"2021-12-15 23:10:00",1049,0.736,100,0,0,715.4,0.699,44.36,33.43,0.966,2.314,0.216,0.051,2.745,1.18
"2021-12-15 23:20:00",1050,0.609,100,0,0,712.5,0.533,0,0,0.805,2.317,0.216,0.051,2.744,0.95
"2021-12-15 23:30:00",1051,0.567,100,0,0,715,0.363,0.731,28.1,0.801,2.317,0.216,0.051,2.744,0.76
"2021-12-15 23:40:00",1052,0.792,100,0,0,710.2,0.968,2.252,14.97,1.087,2.317,0.217,0.051,2.745,1.58
"2021-12-15 23:50:00",1053,0.796,100,0,0,708,1.034,4.62,8.5,1.062,2.318,0.217,0.051,2.748,1.45
"2021-12-16 00:00:00",1054,0.929,100,0,0,703.6,1.604,10.45,9.94,1.167,2.319,0.217,0.051,2.751,3.03
"2021-12-16 00:10:00",1055,0.785,100,0,0,701.3,0.985,24.27,14.56,1.047,2.32,0.217,0.051,2.744,1.33
"2021-12-16 00:20:00",1056,0.919,100,0,0,701.9,1.266,4.004,6.746,1.13,2.32,0.217,0.051,2.749,1.79
"2021-12-16 00:30:00",1057,0.985,100,0,0,697.5,1.914,8.53,8.65,1.254,2.319,0.217,0.051,2.753,2.88
"2021-12-16 00:40:00",1058,0.928,100,0,0,695.9,1.483,10.15,10.25,1.201,2.32,0.217,0.051,2.751,2.32
"2021-12-16 00:50:00",1059,0.987,100,0,0,700.2,1.106,32.95,36.61,1.259,2.318,0.217,0.051,2.752,1.99
"2021-12-16 01:00:00",1060,0.972,100,0,0,706.9,0.964,359.5,12.8,1.226,2.318,0.217,0.051,2.747,1.58
"2021-12-16 01:10:00",1061,0.98,100,0,0,716.5,0.693,13.6,23.36,1.209,2.318,0.217,0.051,2.748,1
"2021-12-16 01:20:00",1062,0.932,100,0,0,727.7,0.913,15.14,10.17,1.122,2.319,0.217,0.051,2.751,1.48
"2021-12-16 01:30:00",1063,0.872,100,0,0,734.2,0.58,74.09,75.43,1.076,2.321,0.217,0.051,2.748,0.92
"2021-12-16 01:40:00",1064,0.88,100,0,0,741.5,0.685,347.6,23.43,1.09,2.321,0.217,0.051,2.75,1.43
"2021-12-16 01:50:00",1065,0.843,100,0,0,742.4,0.675,47.75,45.8,1.148,2.324,0.217,0.051,2.747,1.06
"2021-12-16 02:00:00",1066,0.776,100,0,0,736.8,0.534,174.2,54.22,0.879,2.326,0.218,0.051,2.749,0.83
"2021-12-16 02:10:00",1067,0.818,100,0,0,740.3,0.534,2.792,29.48,0.994,2.325,0.218,0.051,2.748,0.95
"2021-12-16 02:20:00",1068,0.822,100,0.1,0,764.1,0.28,351.2,68.29,0.985,2.327,0.218,0.051,2.749,0.52
"2021-12-16 02:30:00",1069,0.749,100,0,0,768,0.413,190.3,11.77,0.767,2.328,0.218,0.051,2.75,0.71
"2021-12-16 02:40:00",1070,0.727,100,0,0,779.5,0.201,0,0,0.822,2.328,0.218,0.051,2.749,0.42
"2021-12-16 02:50:00",1071,0.781,100,0,0,795.7,0.295,0,0,0.926,2.328,0.218,0.051,2.751,0.84
"2021-12-16 03:00:00",1072,0.746,100,0,0,784.2,0.648,25.06,25.39,1.045,2.329,0.218,0.051,2.748,1.52
"2021-12-16 03:10:00",1073,0.677,100,0,0,779.2,0.215,221.1,61.31,0.925,2.331,0.218,0.051,2.753,0.45
"2021-12-16 03:20:00",1074,0.771,100,0.1,0,778.2,0.364,337.9,32.25,0.962,2.33,0.218,0.052,2.755,0.65
"2021-12-16 03:30:00",1075,0.807,100,0,0,777.4,0.41,0,0,1.007,2.329,0.218,0.051,2.752,0.86
"2021-12-16 03:40:00",1076,0.764,100,0,0,774.8,0.626,260.3,40.88,1.05,2.332,0.218,0.052,2.752,1.54
"2021-12-16 03:50:00",1077,0.742,100,0,0,786.9,0.46,264.6,28.31,1.083,2.331,0.218,0.051,2.75,0.89
"2021-12-16 04:00:00",1078,0.72,100,0,0,789.7,0.988,294.6,61.61,0.965,2.332,0.218,0.052,2.754,2.2
"2021-12-16 04:10:00",1079,0.661,100,0,0,782.2,0.857,43.28,51.69,1.07,2.333,0.218,0.051,2.754,2.02
"2021-12-16 04:20:00",1080,0.687,100,0,0,781.8,0.605,291.2,41.79,1.068,2.333,0.218,0.052,2.757,1.33
"2021-12-16 04:30:00",1081,0.673,100,0,0,784.1,0.645,332.3,32.07,1.036,2.33,0.219,0.051,2.754,1.06
"2021-12-16 04:40:00",1082,0.633,100,0,0,787.5,0.747,336.4,18.64,1.006,2.332,0.218,0.052,2.76,1.56
"2021-12-16 04:50:00",1083,0.573,100,0,0,792.3,1.271,338.2,26.27,0.982,2.334,0.219,0.052,2.755,2.23
"2021-12-16 05:00:00",1084,0.555,100,0,0,796.4,1.004,336.6,15.04,0.985,2.335,0.219,0.052,2.762,2.28
"2021-12-16 05:10:00",1085,0.504,100,0,0,805,0.666,315.8,29.42,0.946,2.334,0.219,0.052,2.76,1.45
"2021-12-16 05:20:00",1086,0.465,100,0,0,796.6,1.376,337.4,17.3,0.901,2.334,0.219,0.052,2.761,1.93
"2021-12-16 05:30:00",1087,0.386,100,0,0,797.7,1.44,335.9,24.37,0.877,2.334,0.219,0.052,2.761,2.46
"2021-12-16 05:40:00",1088,0.359,100,0,0,798.5,1.235,348,16.79,0.836,2.333,0.219,0.052,2.761,2.06
"2021-12-16 05:50:00",1089,0.295,100,0,0,795,0.859,357.2,15.35,0.809,2.33,0.219,0.052,2.759,1.39
"2021-12-16 06:00:00",1090,0.29,100,0,0,798.2,1.026,3.823,9.2,0.716,2.331,0.219,0.052,2.762,1.68
"2021-12-16 06:10:00",1091,0.274,100,0,0,816,1.242,7.082,5.92,0.744,2.329,0.219,0.052,2.762,1.67
"2021-12-16 06:20:00",1092,0.283,100,0.1,0,815,1.205,5.686,9.35,0.728,2.328,0.219,0.052,2.762,1.76
"2021-12-16 06:30:00",1093,0.284,100,0,0,826,1.077,20.67,10.45,0.714,2.325,0.219,0.052,2.762,1.93
"2021-12-16 06:40:00",1094,0.316,100,0,0,823,0.859,0.824,10.3,0.724,2.324,0.219,0.052,2.766,1.28
"2021-12-16 06:50:00",1095,0.289,100,0,0,825,0.425,0,0,0.674,2.322,0.219,0.052,2.763,1.04
"2021-12-16 07:00:00",1096,0.251,100,0,0,826,0.207,0,0,0.635,2.321,0.219,0.052,2.764,0.56
"2021-12-16 07:10:00",1097,0.264,100,0,0,838,0.712,136.7,9.07,0.581,2.324,0.219,0.052,2.765,1.11
"2021-12-16 07:20:00",1098,0.239,100,0,0,845,0.535,126.8,13.52,0.569,2.323,0.219,0.052,2.765,0.99
"2021-12-16 07:30:00",1099,0.227,100,0,0,855,0.338,0,0,0.613,2.32,0.219,0.052,2.759,0.7
"2021-12-16 07:40:00",1100,0.208,100,0,0.006,855,0.525,38.66,16.45,0.623,2.317,0.219,0.052,2.763,0.88
"2021-12-16 07:50:00",1101,0.216,100,0.1,0.386,872,0.7,47.53,9.62,0.626,2.318,0.219,0.052,2.757,1
"2021-12-16 08:00:00",1102,0.204,100,0,1.063,878,0.44,52.71,15.74,0.626,2.318,0.22,0.052,2.757,0.8
"2021-12-16 08:10:00",1103,0.201,100,0,2.099,889,0.514,50.96,10.99,0.631,2.318,0.22,0.052,2.759,0.72
"2021-12-16 08:20:00",1104,0.208,100,0,4.293,891,0.731,35.08,9.25,0.628,2.318,0.22,0.052,2.758,1.45
"2021-12-16 08:30:00",1105,0.224,100,0.1,8.22,890,0.94,34.51,10.51,0.653,2.318,0.22,0.052,2.757,1.42
"2021-12-16 08:40:00",1106,0.224,100,0,14.8,892,0.755,57.48,13.46,0.685,2.318,0.22,0.052,2.754,1.28
"2021-12-16 08:50:00",1107,0.264,100,0,22.33,893,0.586,64.8,19.5,0.748,2.318,0.22,0.052,2.758,1.05
"2021-12-16 09:00:00",1108,0.318,100,0,28.45,894,0.572,64.55,18.17,0.82,2.32,0.22,0.052,2.758,0.92
"2021-12-16 09:10:00",1109,0.327,100,0,39.26,899,0.778,71.28,27.06,0.861,2.321,0.22,0.052,2.753,1.37
"2021-12-16 09:20:00",1110,0.395,100,0,71.93,896,0.769,72.36,22.05,0.942,2.322,0.22,0.052,2.755,1.47
"2021-12-16 09:30:00",1111,0.707,100,0,104.2,889,0.29,128,34.26,1.671,2.319,0.22,0.052,2.757,0.5
"2021-12-16 09:40:00",1112,0.813,100,0,69.95,885,0.34,25.93,66.86,1.868,2.326,0.22,0.052,2.753,0.86
"2021-12-16 09:50:00",1113,0.717,100,0,68.73,882,0.409,111.8,52.16,1.56,2.33,0.22,0.052,2.755,0.69
"2021-12-16 10:00:00",1114,0.8,100,0,76.49,878,0.461,29.35,61.14,1.587,2.329,0.22,0.052,2.755,1.09
"2021-12-16 10:10:00",1115,0.745,100,0,75.58,875,0.75,19.28,20.59,1.403,2.334,0.22,0.052,2.758,1.3
"2021-12-16 10:20:00",1116,0.862,100,0,93,871,0.474,49.2,14.92,1.602,2.337,0.22,0.052,2.757,0.78
"2021-12-16 10:30:00",1117,0.941,100,0,103.3,867,0.663,47.34,14.35,1.782,2.34,0.22,0.052,2.756,1.16
"2021-12-16 10:40:00",1118,0.986,100,0,111.8,864,0.76,59.75,23.25,1.846,2.342,0.22,0.052,2.754,1.39
"2021-12-16 10:50:00",1119,1.159,100,0,120.5,860,0.53,31.68,21.74,2.023,2.347,0.22,0.052,2.754,1.16
"2021-12-16 11:00:00",1120,1.491,100,0,151,854,0.552,0,0,2.366,2.352,0.22,0.052,2.755,1.46
"2021-12-16 11:10:00",1121,1.243,100,0,94.6,858,1.099,9.93,11.89,2.017,2.356,0.22,0.052,2.757,1.76
"2021-12-16 11:20:00",1122,1.14,100,0,67.95,860,0.882,24.02,15.67,1.845,2.362,0.22,0.052,2.755,1.38
"2021-12-16 11:30:00",1123,1.147,100,0,83.3,859,1.023,45.33,12.73,1.856,2.364,0.22,0.052,2.76,1.53
"2021-12-16 11:40:00",1124,1.286,100,0,108.7,856,0.919,14.51,22.01,1.978,2.368,0.22,0.052,2.76,1.55
"2021-12-16 11:50:00",1125,1.378,100,0,97.2,854,1.095,7.267,10.31,2.036,2.373,0.22,0.052,2.764,1.65
"2021-12-16 12:00:00",1126,1.388,100,0,115,853,0.995,16.5,10.62,2.031,2.376,0.22,0.052,2.763,1.54
"2021-12-16 12:10:00",1127,1.517,100,0,125.3,861,0.666,16.6,24.66,2.213,2.38,0.22,0.052,2.764,1.15
"2021-12-16 12:20:00",1128,1.684,100,0,163.5,855,0.773,47.79,14.12,2.597,2.387,0.22,0.052,2.769,1.32
"2021-12-16 12:30:00",1129,1.59,100,0,120.9,851,1.319,51.26,14.66,2.502,2.39,0.221,0.052,2.77,1.97
"2021-12-16 12:40:00",1130,1.644,100,0,140.6,848,1.068,36.81,20.1,2.473,2.393,0.221,0.052,2.767,1.93
"2021-12-16 12:50:00",1131,1.699,99.9,0,118.2,846,0.987,61.95,21.85,2.556,2.398,0.221,0.052,2.773,1.96
"2021-12-16 13:00:00",1132,1.826,99.5,0,115.1,853,1.128,42.24,15.81,2.612,2.401,0.221,0.052,2.77,2.02
"2021-12-16 13:10:00",1133,1.767,98.9,0,83.6,848,1.543,71.58,21.37,2.388,2.408,0.221,0.052,2.777,2.67
"2021-12-16 13:20:00",1134,1.785,98.8,0,78.85,845,1.411,51.29,25.96,2.32,2.412,0.221,0.052,2.779,2.29
"2021-12-16 13:30:00",1135,1.884,98.6,0,73.67,842,1.846,20.8,10.54,2.336,2.417,0.221,0.052,2.78,2.62
"2021-12-16 13:40:00",1136,1.921,98.3,0,54.46,838,1.708,31.36,13.39,2.307,2.422,0.221,0.052,2.779,2.53
"2021-12-16 13:50:00",1137,1.887,98.4,0,42.27,838,2.186,15.3,10.68,2.228,2.427,0.222,0.052,2.783,2.88
"2021-12-16 14:00:00",1138,1.85,98.5,0,43.91,836,1.744,12.91,8.83,2.188,2.429,0.222,0.052,2.788,2.55
"2021-12-16 14:10:00",1139,1.861,98.7,0,45.07,834,1.721,14.78,11.89,2.205,2.43,0.222,0.052,2.79,2.35
"2021-12-16 14:20:00",1140,1.869,98.7,0,34.84,833,1.723,3.826,8.47,2.193,2.432,0.222,0.052,2.794,2.26
"2021-12-16 14:30:00",1141,1.859,98.8,0,33.35,830,1.503,20.65,14,2.177,2.431,0.222,0.052,2.793,2.1
"2021-12-16 14:40:00",1142,1.867,99,0,31.02,829,1.156,31.25,22.92,2.187,2.432,0.222,0.052,2.794,1.49
"2021-12-16 14:50:00",1143,1.879,99.2,0,28.57,827,1.436,21.9,21.72,2.214,2.433,0.222,0.052,2.799,1.87
"2021-12-16 15:00:00",1144,1.805,99.2,0,30.93,826,0.844,56.24,35.04,2.198,2.435,0.223,0.052,2.796,1.8
"2021-12-16 15:10:00",1145,1.824,99.4,0,40.01,824,1.035,32.24,10.36,2.231,2.436,0.223,0.052,2.802,1.8
"2021-12-16 15:20:00",1146,1.873,99.4,0,31.71,821,1.844,20.02,10.44,2.249,2.439,0.223,0.052,2.805,2.61
"2021-12-16 15:30:00",1147,1.796,99.6,0,36.92,821,1.029,33.33,30.63,2.171,2.439,0.223,0.052,2.802,2.16
"2021-12-16 15:40:00",1148,1.802,99.7,0,31.28,820,1.023,25.23,13.96,2.148,2.439,0.223,0.052,2.806,1.57
"2021-12-16 15:50:00",1149,1.806,99.8,0,22.87,819,1.537,9.97,13.97,2.108,2.441,0.224,0.052,2.805,2.57
"2021-12-16 16:00:00",1150,1.746,100,0,12.14,818,2.118,10.41,6.93,2.061,2.444,0.224,0.053,2.805,2.96
"2021-12-16 16:10:00",1151,1.729,100,0,8.57,816,1.993,11.45,11.98,2.031,2.443,0.224,0.053,2.811,2.62
"2021-12-16 16:20:00",1152,1.695,100,0,6.252,816,1.875,8.11,10.15,1.964,2.443,0.224,0.053,2.812,2.57
"2021-12-16 16:30:00",1153,1.589,100,0,3.241,816,1.862,10.66,8.84,1.822,2.443,0.224,0.053,2.812,2.66
"2021-12-16 16:40:00",1154,1.551,100,0,1.662,814,1.903,17.69,9.26,1.78,2.441,0.225,0.053,2.813,3.14
"2021-12-16 16:50:00",1155,1.462,100,0,0.694,815,1.68,23.45,13.6,1.652,2.439,0.225,0.053,2.812,2.55
"2021-12-16 17:00:00",1156,1.441,100,0,0.118,816,1.66,3.613,13.37,1.657,2.439,0.225,0.053,2.812,2.37
"2021-12-16 17:10:00",1157,1.514,100,0,0,815,1.626,359.8,14.29,1.826,2.437,0.225,0.053,2.813,2.6
"2021-12-16 17:20:00",1158,1.479,100,0,0,813,1.664,10.98,10.59,1.756,2.434,0.225,0.053,2.817,2.23
"2021-12-16 17:30:00",1159,1.479,100,0,0,814,2.082,2.289,7.286,1.768,2.431,0.226,0.053,2.815,3.19
"2021-12-16 17:40:00",1160,1.475,100,0,0,814,2.215,357.4,11.6,1.789,2.431,0.226,0.053,2.815,3.46
"2021-12-16 17:50:00",1161,1.46,100,0,0,814,2.283,357.6,11.66,1.774,2.43,0.226,0.053,2.817,3.43
"2021-12-16 18:00:00",1162,1.398,100,0,0,814,2.255,0.55,13.89,1.681,2.43,0.226,0.053,2.816,3.34
"2021-12-16 18:10:00",1163,1.186,100,0,0,812,1.982,30.19,13.31,1.281,2.426,0.226,0.053,2.811,3.42
"2021-12-16 18:20:00",1164,1.21,100,0,0,809,1.911,41.85,8.6,1.435,2.422,0.226,0.053,2.814,3.06
"2021-12-16 18:30:00",1165,1.017,100,0,0,811,2.194,32.84,10.14,1.218,2.415,0.226,0.053,2.812,3.41
"2021-12-16 18:40:00",1166,0.831,100,0,0,816,2.528,15.32,7.929,1.084,2.413,0.227,0.053,2.815,3.7
"2021-12-16 18:50:00",1167,0.917,100,0,0,812,2.38,30.98,13.09,1.287,2.408,0.227,0.053,2.811,2.99
"2021-12-16 19:00:00",1168,0.938,100,0,0,810,2.223,59.06,18.63,1.34,2.402,0.227,0.053,2.809,4.23
"2021-12-16 19:10:00",1169,0.959,100,0,0,809,2.498,50.63,12.4,1.379,2.397,0.227,0.053,2.811,3.68
"2021-12-16 19:20:00",1170,0.934,100,0,0,808,2.535,46.29,8.48,1.369,2.394,0.227,0.053,2.804,3.71
"2021-12-16 19:30:00",1171,0.904,100,0,0,807,2.307,51.03,10.84,1.342,2.393,0.227,0.053,2.809,4.13
"2021-12-16 19:40:00",1172,0.862,100,0,0,807,2.144,55.2,14.21,1.31,2.39,0.227,0.053,2.807,3.29
"2021-12-16 19:50:00",1173,0.852,100,0,0,806,1.924,54.91,12.02,1.287,2.387,0.227,0.053,2.809,3.15
"2021-12-16 20:00:00",1174,0.89,100,0,0,807,1.646,69.43,20.04,1.304,2.385,0.228,0.053,2.809,3.92
"2021-12-16 20:10:00",1175,0.937,100,0,0,807,1.786,62.78,11.26,1.256,2.382,0.228,0.053,2.804,3.02
"2021-12-16 20:20:00",1176,0.774,100,0,0,813,1.269,52.63,13.76,0.936,2.383,0.228,0.053,2.797,2.1
"2021-12-16 20:30:00",1177,0.521,100,0,0,817,1.043,43.02,14.73,0.601,2.381,0.228,0.053,2.801,1.61
"2021-12-16 20:40:00",1178,0.411,100,0,0,818,1.336,37.81,13.31,0.535,2.378,0.228,0.053,2.797,2.22
"2021-12-16 20:50:00",1179,0.392,100,0,0,821,0.911,56.83,19.22,0.546,2.376,0.228,0.053,2.798,1.76
"2021-12-16 21:00:00",1180,0.224,100,0,0,826,0.858,27.82,13.08,0.201,2.375,0.228,0.053,2.795,1.52
"2021-12-16 21:10:00",1181,0.088,100,0,0,830,0.341,22.72,49.69,-0.041,2.372,0.228,0.053,2.793,0.89
"2021-12-16 21:20:00",1182,-0.025,100,0,0,833,0.43,0,0,-0.156,2.373,0.228,0.053,2.789,1.09
"2021-12-16 21:30:00",1183,-0.522,100,0,0,835,0.447,197.2,27.98,-0.454,2.374,0.228,0.053,2.796,0.77
"2021-12-16 21:40:00",1184,-0.47,100,0,0,837,0.575,210.1,16.86,-0.487,2.373,0.229,0.053,2.786,0.78
"2021-12-16 21:50:00",1185,-0.435,100,0,0,840,0.479,298.3,42.53,-0.653,2.371,0.229,0.053,2.787,0.85
"2021-12-16 22:00:00",1186,-0.097,100,0,0,843,0.723,328.4,15.61,-0.46,2.372,0.229,0.053,2.781,1.12
"2021-12-16 22:10:00",1187,-0.217,100,0,0,847,1.006,321.2,9.91,-0.465,2.372,0.229,0.053,2.786,1.45
"2021-12-16 22:20:00",1188,-0.304,100,0,0,852,1.351,315.3,9.68,-0.295,2.371,0.229,0.053,2.784,1.88
"2021-12-16 22:30:00",1189,-0.446,100,0,0,853,1.074,336,14.8,-0.293,2.365,0.229,0.053,2.776,1.77
"2021-12-16 22:40:00",1190,-0.506,100,0,0,855,1.387,348.5,14.02,-0.217,2.362,0.229,0.053,2.778,2.46
"2021-12-16 22:50:00",1191,-0.518,100,0,0,856,1.342,353.4,11.63,-0.119,2.359,0.229,0.053,2.776,2.54
"2021-12-16 23:00:00",1192,-0.62,100,0,0,857,1.12,1.705,10.08,-0.152,2.355,0.229,0.053,2.776,2.11
"2021-12-16 23:10:00",1193,-0.69,100,0,0,855,1.965,10.17,10.76,-0.187,2.35,0.229,0.053,2.779,3.11
"2021-12-16 23:20:00",1194,-0.722,100,0,0,837,2.083,13.08,9.69,-0.187,2.342,0.229,0.053,2.773,2.75
"2021-12-16 23:30:00",1195,-0.668,100,0,0,819,2.221,18.33,7.691,-0.105,2.333,0.229,0.053,2.769,3.09
"2021-12-16 23:40:00",1196,-0.557,100,0,0,811,2.589,32.11,10.63,-0.027,2.324,0.229,0.053,2.769,4.05
"2021-12-16 23:50:00",1197,-0.543,100,0,0,832,2.372,41.71,15.25,-0.004,2.318,0.229,0.053,2.768,3.75
"2021-12-17 00:00:00",1198,-0.563,100,0,0,839,3.364,36.78,12.58,-0.013,2.307,0.229,0.053,2.77,4.39
"2021-12-17 00:10:00",1199,-0.556,100,0,0,841,2.336,37.39,14.01,-0.007,2.293,0.229,0.053,2.766,3.34
"2021-12-17 00:20:00",1200,-0.532,100,0,0,844,2.475,43.81,13.57,0.008,2.284,0.229,0.053,2.766,4.51
"2021-12-17 00:30:00",1201,-0.487,100,0,0,853,3.068,38.13,15.08,0.026,2.272,0.229,0.053,2.761,4.23
"2021-12-17 00:40:00",1202,-0.504,100,0,0,857,2.856,35.97,10.35,0.028,2.26,0.229,0.053,2.756,3.76
"2021-12-17 00:50:00",1203,-0.505,100,0,0,858,2.816,39.44,12.29,0.03,2.25,0.229,0.054,2.753,4.67
"2021-12-17 01:00:00",1204,-0.523,100,0,0,852,2.996,43.4,9.67,0.028,2.242,0.229,0.053,2.751,4.02
"2021-12-17 01:10:00",1205,-0.54,100,0,0,844,2.412,58.18,12.75,0.016,2.229,0.229,0.053,2.746,3.56
"2021-12-17 01:20:00",1206,-0.557,100,0,0,835,2.49,51.5,11.56,0.011,2.221,0.229,0.053,2.743,3.7
"2021-12-17 01:30:00",1207,-0.579,100,0,0,827,1.982,53.01,11.88,0.001,2.214,0.229,0.053,2.737,3.64
"2021-12-17 01:40:00",1208,-0.589,100,0,0,820,2.436,52.1,15.34,-0.008,2.207,0.229,0.053,2.735,3.38
"2021-12-17 01:50:00",1209,-0.574,100,0,0,812,2.084,56.17,15.24,-0.008,2.202,0.229,0.053,2.73,3.4
"2021-12-17 02:00:00",1210,-0.556,100,0,0,806,1.928,59.05,15.13,0.004,2.201,0.229,0.053,2.727,2.79
"2021-12-17 02:10:00",1211,-0.533,100,0,0,806,2.009,51.39,12.11,0.017,2.195,0.229,0.053,2.723,3.23
"2021-12-17 02:20:00",1212,-0.501,100,0,0,815,1.779,48.01,11.19,0.032,2.193,0.229,0.053,2.718,2.65
"2021-12-17 02:30:00",1213,-0.48,100,0,0,820,1.469,61.35,13.77,0.042,2.19,0.229,0.053,2.72,2.42
"2021-12-17 02:40:00",1214,-0.474,100,0,0,822,1.139,57.4,14.56,0.049,2.188,0.229,0.053,2.711,2.42
"2021-12-17 02:50:00",1215,-0.446,100,0,0,820,2.005,45.04,10.49,0.08,2.189,0.228,0.053,2.71,3.03
"2021-12-17 03:00:00",1216,-0.414,100,0,0,805,1.751,62.15,11.29,0.12,2.191,0.228,0.053,2.705,2.76
"2021-12-17 03:10:00",1217,-0.41,100,0,0,758.8,2.151,51.95,14.15,0.13,2.19,0.228,0.053,2.703,3.08
"2021-12-17 03:20:00",1218,-0.373,100,0,0,698.7,1.951,54.4,12.35,0.153,2.188,0.228,0.053,2.693,2.67
"2021-12-17 03:30:00",1219,-0.344,100,0,0,667,1.601,47.54,12.95,0.179,2.186,0.228,0.053,2.693,2.4
"2021-12-17 03:40:00",1220,-0.289,100,0,0,656.9,1.613,51.61,11.67,0.212,2.185,0.228,0.053,2.693,2.8
"2021-12-17 03:50:00",1221,-0.267,100,0,0,635,1.577,45.78,13.77,0.239,2.184,0.228,0.053,2.688,2.74
"2021-12-17 04:00:00",1222,-0.195,100,0,0,612.1,1.911,55.11,11.63,0.296,2.184,0.228,0.053,2.688,2.78
"2021-12-17 04:10:00",1223,-0.163,100,0,0,586.7,1.445,58.01,15.5,0.339,2.183,0.228,0.053,2.685,2.7
"2021-12-17 04:20:00",1224,-0.098,100,0,0,555.4,1.341,40.37,19.22,0.386,2.182,0.228,0.053,2.683,2.42
"2021-12-17 04:30:00",1225,0.039,100,0,0,531.6,1.986,21.53,9.88,0.507,2.182,0.228,0.053,2.679,3.3
"2021-12-17 04:40:00",1226,0.148,100,0,0,511.6,1.89,22.4,8.38,0.628,2.181,0.228,0.053,2.675,2.77
"2021-12-17 04:50:00",1227,0.202,100,0,0,489.5,2.163,23.93,9.88,0.677,2.179,0.228,0.053,2.674,3.31
"2021-12-17 05:00:00",1228,0.26,100,0,0,468.2,2.584,12.01,7.975,0.748,2.179,0.228,0.053,2.67,3.82
"2021-12-17 05:10:00",1229,0.385,100,0,0,427.2,2.917,16.12,7.471,0.866,2.177,0.228,0.053,2.673,3.96
"2021-12-17 05:20:00",1230,0.501,100,0,0,394.1,2.504,32.42,9.21,0.969,2.176,0.228,0.053,2.667,4.24
"2021-12-17 05:30:00",1231,0.75,100,0,0,395.9,3.25,32.63,9.69,1.187,2.171,0.228,0.053,2.664,5.52
"2021-12-17 05:40:00",1232,0.962,100,0,0,389.6,3.308,38.58,9.09,1.393,2.168,0.227,0.053,2.665,5.08
"2021-12-17 05:50:00",1233,1.063,100,0,0,384.4,3.175,47.58,15.15,1.503,2.165,0.227,0.053,2.66,5.26
"2021-12-17 06:00:00",1234,1.102,100,0,0,379,3.075,58.29,14.64,1.541,2.165,0.227,0.053,2.658,5.83
"2021-12-17 06:10:00",1235,1.099,100,0,0,374.8,3.404,56.47,12.29,1.543,2.164,0.227,0.053,2.656,4.95
"2021-12-17 06:20:00",1236,1.171,100,0,0,375.8,2.984,56.44,13.03,1.608,2.167,0.227,0.053,2.653,5.61
"2021-12-17 06:30:00",1237,1.147,100,0,0,366.4,2.308,57.9,15.89,1.596,2.17,0.227,0.053,2.654,4.36
"2021-12-17 06:40:00",1238,1.195,100,0,0,364.5,2.632,51.72,13.21,1.642,2.173,0.227,0.053,2.652,3.96
"2021-12-17 06:50:00",1239,1.241,100,0,0,356.6,1.523,52.41,30.39,1.7,2.177,0.227,0.053,2.648,3.98
"2021-12-17 07:00:00",1240,1.293,100,0,0,355,2.463,51.42,16.74,1.739,2.184,0.227,0.053,2.651,4.14
"2021-12-17 07:10:00",1241,1.29,100,0,0,352.6,2.112,49.31,13.41,1.752,2.189,0.227,0.053,2.651,3.39
"2021-12-17 07:20:00",1242,1.241,100,0,0,349.2,1.686,60.2,16.38,1.693,2.196,0.227,0.053,2.646,2.51
"2021-12-17 07:30:00",1243,1.279,100,0,0,352.3,3.123,41.98,14.74,1.719,2.199,0.227,0.053,2.644,5.54
"2021-12-17 07:40:00",1244,1.334,100,0,0,355.5,3.787,44.94,14.81,1.762,2.205,0.227,0.053,2.644,5.77
"2021-12-17 07:50:00",1245,1.334,100,0,0.252,345.8,3.115,40.17,14.03,1.761,2.211,0.227,0.053,2.647,4.77
"2021-12-17 08:00:00",1246,1.352,100,0,0.705,337.9,3.345,39.95,9.2,1.778,2.215,0.227,0.053,2.646,5.18
"2021-12-17 08:10:00",1247,1.355,100,0,1.405,330.8,3.394,42.47,14.14,1.778,2.216,0.227,0.053,2.649,5.8
"2021-12-17 08:20:00",1248,1.333,100,0,3.062,324.6,4.033,35.48,13.52,1.766,2.221,0.227,0.053,2.643,6.06
"2021-12-17 08:30:00",1249,1.274,100,0,5.004,317.6,4.483,40.91,15.59,1.72,2.224,0.227,0.053,2.651,6.4
"2021-12-17 08:40:00",1250,1.227,100,0,7.713,309.3,3.841,50.47,15.65,1.687,2.226,0.227,0.053,2.648,6.68
"2021-12-17 08:50:00",1251,1.232,100,0,11.21,302.3,3.339,49.92,15.12,1.706,2.228,0.227,0.053,2.647,5.61
"2021-12-17 09:10:00",1252,1.224,100,0,18.45,292.7,3.123,42.71,10.68,1.731,2.234,0.227,0.053,2.656,6.09
"2021-12-17 09:20:00",1253,1.24,100,0,22,288.6,3.104,44.57,12.46,1.761,2.233,0.227,0.053,2.655,4.49
"2021-12-17 09:30:00",1254,1.281,100,0,24.43,286,2.841,36.01,10.15,1.809,2.239,0.227,0.053,2.655,4.56
"2021-12-17 09:40:00",1255,1.257,100,0,26.08,284.7,3.756,37.98,9.31,1.799,2.243,0.227,0.053,2.658,5.83
"2021-12-17 09:50:00",1256,1.234,100,0,29.98,283.9,4.074,37.43,12.77,1.775,2.246,0.227,0.053,2.654,5.74
"2021-12-17 10:00:00",1257,1.277,100,0,31.51,283.4,3.15,39.86,13.45,1.835,2.249,0.227,0.053,2.657,5.18
"2021-12-17 10:10:00",1258,1.3,100,0,33.74,282.8,3.266,47.55,14.52,1.87,2.253,0.227,0.053,2.658,4.5
"2021-12-17 10:20:00",1259,1.316,100,0,36.65,282.6,3.472,36.32,11.95,1.915,2.256,0.227,0.053,2.659,6.12
"2021-12-17 10:30:00",1260,1.306,100,0,50.06,281.5,3.284,37.3,14.43,1.936,2.261,0.227,0.053,2.662,5.55
"2021-12-17 10:40:00",1261,1.388,100,0,57.75,280.8,2.696,40.73,12.54,2.082,2.267,0.227,0.053,2.66,5.06
"2021-12-17 10:50:00",1262,1.412,100,0,61.61,280.4,2.615,46.33,16.41,2.145,2.273,0.227,0.053,2.664,4.35
"2021-12-17 11:00:00",1263,1.379,100,0,77.94,279.4,2.827,52.86,14.72,2.165,2.281,0.227,0.053,2.66,4.88
"2021-12-17 11:10:00",1264,1.533,100,0,78.4,279.1,2.084,53.68,16.85,2.314,2.288,0.227,0.053,2.661,3.42
"2021-12-17 11:20:00",1265,1.578,100,0,70.59,278.8,2.797,32.36,10.6,2.364,2.295,0.227,0.053,2.667,5.07
"2021-12-17 11:30:00",1266,1.639,100,0,77.23,278.6,2.517,35.03,17.14,2.437,2.306,0.227,0.053,2.668,4.27
"2021-12-17 11:40:00",1267,1.624,100,0,83.3,278.6,3.277,24.94,11.71,2.43,2.315,0.227,0.053,2.67,5.06
"2021-12-17 11:50:00",1268,1.76,100,0,80.5,278.6,2.456,28.64,10.73,2.583,2.324,0.228,0.053,2.671,3.49
"2021-12-17 12:00:00",1269,1.674,100,0,68.18,278.6,3.16,7.838,11.54,2.469,2.337,0.228,0.053,2.676,4.33
"2021-12-17 12:10:00",1270,1.734,100,0,87.8,278.6,3.315,25.86,9.35,2.541,2.348,0.228,0.053,2.673,4.62
"2021-12-17 12:20:00",1271,1.777,100,0,88.3,278.2,2.945,33.28,18.19,2.587,2.36,0.228,0.053,2.681,4.85
"2021-12-17 12:30:00",1272,1.937,99.9,0,116.1,278,2.193,48.34,16.47,2.818,2.37,0.228,0.053,2.686,3.65
"2021-12-17 12:40:00",1273,2.089,100,0,104.3,277.9,2.518,21.2,14.43,3.032,2.383,0.228,0.053,2.682,3.5
"2021-12-17 12:50:00",1274,2.025,100,0,96.3,278,2.546,40.96,17.41,2.946,2.395,0.228,0.053,2.69,4.39
"2021-12-17 13:00:00",1275,1.962,100,0,106.2,278,2.347,44.05,12.88,2.842,2.409,0.229,0.053,2.693,3.91
"2021-12-17 13:10:00",1276,1.991,99.9,0,111.9,277.9,2.79,47.59,15.14,2.942,2.426,0.229,0.053,2.696,4.08
"2021-12-17 13:20:00",1277,1.847,100,0,102.8,277.9,3.116,48.92,12.8,2.752,2.439,0.229,0.053,2.7,4.76
"2021-12-17 13:30:00",1278,1.859,100,0,113,277.9,3.076,59.79,13.07,2.786,2.452,0.229,0.053,2.702,5.68
"2021-12-17 13:40:00",1279,2.103,100,0,99.4,277.9,2.346,45.26,13.39,2.981,2.467,0.229,0.053,2.707,3.6
"2021-12-17 13:50:00",1280,2.153,100,0,98.6,277.9,2.728,48.4,13.01,3.082,2.478,0.229,0.053,2.715,4.22
"2021-12-17 14:00:00",1281,1.901,100,0,113,278,2.726,47.3,12.65,2.852,2.492,0.229,0.053,2.718,4.07
"2021-12-17 14:10:00",1282,1.779,99.7,0,112.6,277.9,2.416,61.81,14.47,2.709,2.507,0.23,0.053,2.72,3.59
"2021-12-17 14:20:00",1283,1.901,100,0,80.1,277.9,2.846,40.45,14.62,2.775,2.521,0.23,0.053,2.73,3.98
"2021-12-17 14:30:00",1284,1.947,100,0,55.95,278.4,3.159,19.74,11.5,2.718,2.532,0.23,0.053,2.738,5.11
"2021-12-17 14:40:00",1285,1.791,100,0,52.41,278.6,3.519,36.65,18.63,2.518,2.546,0.23,0.053,2.74,5.35
"2021-12-17 14:50:00",1286,1.878,100,0,48.09,278.5,3.902,29,10.69,2.552,2.554,0.23,0.053,2.742,5.18
"2021-12-17 15:00:00",1287,1.807,100,0,41.55,278.6,3.152,37.46,17.41,2.452,2.56,0.23,0.053,2.753,5.12
"2021-12-17 15:10:00",1288,1.739,100,0,29.59,278.6,3.766,21.03,9.06,2.375,2.569,0.23,0.053,2.762,5.78
"2021-12-17 15:20:00",1289,1.667,100,0,27.79,278.6,3.299,41.62,20.77,2.278,2.575,0.23,0.053,2.763,5.37
"2021-12-17 15:30:00",1290,1.556,100,0,19.53,278.6,4.309,22.2,7.891,2.142,2.58,0.23,0.053,2.768,5.64
"2021-12-17 15:40:00",1291,1.422,100,0,17.26,278.6,3.941,35.02,12.15,2.011,2.579,0.231,0.053,2.773,5.85
"2021-12-17 15:50:00",1292,1.415,100,0,13.59,278.9,3.209,27.51,13.4,1.972,2.58,0.23,0.053,2.78,5.06
"2021-12-17 16:00:00",1293,1.301,100,0,7.058,279.3,3.126,12.37,9.44,1.87,2.578,0.23,0.053,2.78,5.06
"2021-12-17 16:10:00",1294,1.263,100,0,3.974,279.3,2.955,31.46,15.11,1.821,2.577,0.23,0.053,2.786,4.59
"2021-12-17 16:20:00",1295,1.137,100,0,2.614,279.3,3.877,27.48,10.13,1.691,2.574,0.23,0.053,2.793,5.3
"2021-12-17 16:30:00",1296,1.123,100,0,1.433,279.4,3.778,21.36,6.979,1.648,2.568,0.23,0.053,2.799,5.41
"2021-12-17 16:40:00",1297,1.17,100,0,0.761,279.8,3.567,26.29,6.364,1.693,2.562,0.23,0.053,2.797,4.89
"2021-12-17 16:50:00",1298,1.2,100,0,0.291,279.6,3.954,29.29,10.67,1.732,2.556,0.23,0.053,2.802,5.18
"2021-12-17 17:00:00",1299,1.309,100,0,0,279.3,3.366,39.78,13.61,1.822,2.551,0.23,0.053,2.806,6.7
"2021-12-17 17:10:00",1300,1.38,100,0,0,279.4,2.479,31.18,16.56,1.876,2.545,0.23,0.053,2.809,3.88
"2021-12-17 17:20:00",1301,1.511,100,0,0,279.3,2.55,42.09,15.13,1.989,2.543,0.23,0.053,2.804,4.66
"2021-12-17 17:30:00",1302,1.68,100,0,0,279.3,2.791,35.39,8.6,2.143,2.54,0.23,0.053,2.809,4.62
"2021-12-17 17:40:00",1303,1.716,100,0,0,279.3,2.804,40.39,9.21,2.174,2.537,0.23,0.053,2.811,5.59
"2021-12-17 17:50:00",1304,1.76,100,0,0,279.3,2.468,40.86,15.53,2.218,2.537,0.23,0.053,2.812,4.35
"2021-12-17 18:00:00",1305,1.801,100,0,0,278.9,3.138,57.67,15.99,2.256,2.54,0.23,0.053,2.813,5.47
"2021-12-17 18:10:00",1306,1.819,99.9,0,0,278.6,2.707,51.95,15.44,2.256,2.54,0.23,0.053,2.816,4.63
"2021-12-17 18:20:00",1307,1.747,100,0,0,278.7,2.456,55.71,10.44,2.201,2.543,0.23,0.053,2.812,4.09
"2021-12-17 18:30:00",1308,1.719,100,0,0,278.7,2.338,48.31,12.8,2.172,2.545,0.23,0.053,2.816,3.37
"2021-12-17 18:40:00",1309,1.683,99.9,0,0,278.6,3.593,36.76,13.4,2.145,2.545,0.23,0.053,2.814,5.61
"2021-12-17 18:50:00",1310,1.695,99.8,0,0,278.6,2.791,40.31,9.23,2.139,2.549,0.23,0.053,2.817,4.27
"2021-12-17 19:00:00",1311,1.644,99.9,0,0,278.6,2.095,54.24,17.19,2.095,2.553,0.23,0.053,2.816,3.69
"2021-12-17 19:10:00",1312,1.509,100,0,0,278.6,2.207,70.55,20,1.984,2.551,0.23,0.053,2.816,4.01
"2021-12-17 19:20:00",1313,1.424,100,0,0,278.8,2.609,33.96,19.06,1.896,2.553,0.23,0.053,2.817,3.64
"2021-12-17 19:30:00",1314,1.363,100,0,0,279.3,2.143,50.88,9.36,1.833,2.554,0.23,0.053,2.814,3.42
"2021-12-17 19:40:00",1315,1.328,100,0,0,279.3,2.872,43.78,14.46,1.816,2.554,0.229,0.053,2.817,4.42
"2021-12-17 19:50:00",1316,1.318,100,0,0,279.3,2.838,38.77,8.46,1.804,2.554,0.229,0.053,2.824,4.65
"2021-12-17 20:00:00",1317,1.258,100,0,0,279.3,3.976,40.65,9.14,1.76,2.555,0.229,0.053,2.817,5.05
"2021-12-17 20:10:00",1318,1.174,100,0,0,279.3,3.405,35.58,13.22,1.685,2.551,0.229,0.053,2.823,4.55
"2021-12-17 20:20:00",1319,1.086,100,0,0,279.3,3.119,23.88,14,1.599,2.548,0.229,0.053,2.823,4.54
"2021-12-17 20:30:00",1320,1.092,100,0,0,279.3,2.557,23.39,9.68,1.601,2.545,0.229,0.053,2.825,4
"2021-12-17 20:40:00",1321,1.098,100,0,0,279.3,2.277,36.71,11.41,1.618,2.539,0.229,0.053,2.826,3.41
"2021-12-17 20:50:00",1322,1.033,100,0,0,279.7,3.025,21.27,8.99,1.569,2.536,0.229,0.053,2.826,4.18
"2021-12-17 21:00:00",1323,0.927,100,0,0,279.9,2.885,19.62,10.05,1.475,2.535,0.229,0.053,2.821,4.2
"2021-12-17 21:10:00",1324,0.909,100,0,0,280,2.574,44.89,19.4,1.45,2.53,0.229,0.053,2.827,4.03
"2021-12-17 21:20:00",1325,0.906,100,0,0,280,2.097,36.99,19.85,1.44,2.525,0.229,0.053,2.825,3.12
"2021-12-17 21:30:00",1326,0.892,100,0,0,280.5,2.245,12.97,14.95,1.43,2.519,0.229,0.053,2.829,3.29
"2021-12-17 21:40:00",1327,0.848,100,0,0,280.7,2.124,11.23,10.8,1.398,2.518,0.229,0.053,2.827,3.16
"2021-12-17 21:50:00",1328,0.775,100,0,0,280.5,2.729,9.02,7.093,1.356,2.516,0.229,0.053,2.828,3.77
"2021-12-17 22:00:00",1329,0.726,100,0,0,280,2.632,15.27,13.14,1.291,2.516,0.228,0.053,2.826,3.94
"2021-12-17 22:10:00",1330,0.65,100,0,0,280,2.754,14.91,11.06,1.218,2.51,0.228,0.052,2.828,3.83
"2021-12-17 22:20:00",1331,0.536,100,0,0,280,3.139,16.33,11.06,1.109,2.506,0.228,0.053,2.827,4.07
"2021-12-17 22:30:00",1332,0.505,100,0,0,280,3.02,20.31,9.02,1.056,2.5,0.228,0.052,2.822,4.39
"2021-12-17 22:40:00",1333,0.461,100,0,0,280,2.851,22.97,13.45,1.016,2.493,0.228,0.052,2.825,4.31
"2021-12-17 22:50:00",1334,0.43,100,0,0,280,3.006,16.33,9.21,0.991,2.482,0.228,0.052,2.824,4.1
"2021-12-17 23:00:00",1335,0.445,100,0,0,280,2.474,26.08,13.05,0.995,2.477,0.228,0.053,2.82,3.37
"2021-12-17 23:10:00",1336,0.342,100,0,0,280.1,3.303,20.56,21.7,0.925,2.47,0.228,0.052,2.822,4.66
"2021-12-17 23:20:00",1337,0.204,100,0,0,280,2.615,40.09,16.1,0.79,2.463,0.228,0.052,2.818,4.02
"2021-12-17 23:30:00",1338,0.122,100,0,0,280.6,2.27,38.66,14.34,0.691,2.454,0.228,0.052,2.818,3.39
"2021-12-17 23:40:00",1339,0.102,100,0,0,280.7,2.884,34.87,7.204,0.685,2.445,0.228,0.052,2.816,3.91
"2021-12-17 23:50:00",1340,0.05,100,0,0,281.2,2.522,35.22,20.97,0.643,2.439,0.228,0.052,2.818,4.59
"2021-12-18 00:00:00",1341,-0.05,100,0,0,281.3,2.639,31.4,9.35,0.554,2.433,0.228,0.052,2.816,3.92
"2021-12-18 00:10:00",1342,-0.02,100,0,0,281.3,2.175,39.72,13.05,0.565,2.426,0.228,0.052,2.811,3.34
"2021-12-18 00:20:00",1343,0.005,100,0,0,281.3,2.538,41.38,18.59,0.586,2.419,0.228,0.052,2.812,3.47
"2021-12-18 00:30:00",1344,-0.072,100,0,0,281.3,3.34,19.69,10.69,0.541,2.41,0.228,0.052,2.808,5.57
"2021-12-18 00:40:00",1345,-0.143,100,0,0,281.3,3.378,25.52,16.18,0.467,2.404,0.227,0.052,2.804,5.6
"2021-12-18 00:50:00",1346,-0.171,100,0,0,281.3,2.341,29.62,16.74,0.433,2.396,0.227,0.052,2.804,3.83
"2021-12-18 01:00:00",1347,-0.282,100,0,0,281.4,2.511,31.5,9.88,0.342,2.39,0.227,0.052,2.803,4.25
"2021-12-18 01:10:00",1348,-0.374,100,0,0,281.9,2.587,37.62,15.51,0.242,2.379,0.227,0.052,2.8,4
"2021-12-18 01:20:00",1349,-0.422,100,0,0,282,1.916,48.15,14.61,0.181,2.371,0.227,0.052,2.796,4.03
"2021-12-18 01:30:00",1350,-0.422,100,0,0,282,3.062,19.09,10.92,0.195,2.364,0.227,0.052,2.797,4.44
"2021-12-18 01:40:00",1351,-0.47,100,0,0,282,3.158,24.99,10.82,0.155,2.355,0.227,0.052,2.792,4.27
"2021-12-18 01:50:00",1352,-0.555,100,0,0,281.7,2.695,49.99,14.97,0.079,2.345,0.227,0.052,2.786,3.81
"2021-12-18 02:00:00",1353,-0.563,100,0,0,281.4,2.278,46.22,16.85,0.057,2.335,0.227,0.052,2.785,3.15
"2021-12-18 02:10:00",1354,-0.56,100,0,0,281.4,2.568,53.46,16.35,0.071,2.327,0.227,0.052,2.787,4.7
"2021-12-18 02:20:00",1355,-0.545,100,0,0,281.4,2.129,51.34,19.02,0.053,2.321,0.227,0.052,2.779,3.45
"2021-12-18 02:30:00",1356,-0.538,100,0,0,281.4,2.022,59.92,14.77,0.071,2.315,0.227,0.052,2.782,3.46
"2021-12-18 02:40:00",1357,-0.562,100,0,0,281.4,2.407,43.95,19.67,0.057,2.309,0.227,0.052,2.776,3.57
"2021-12-18 02:50:00",1358,-0.625,100,0,0,281.4,3.16,52.21,14.89,0.013,2.305,0.227,0.052,2.772,4.55
"2021-12-18 03:00:00",1359,-0.712,100,0,0,281,3.375,40.11,15.82,-0.077,2.297,0.226,0.052,2.769,5.37
"2021-12-18 03:10:00",1360,-0.884,100,0,0,280.5,2.84,56.13,17.39,-0.233,2.291,0.226,0.052,2.763,4.81
"2021-12-18 03:20:00",1361,-0.921,100,0,0,280,2.968,55.54,15.53,-0.299,2.284,0.226,0.052,2.766,4.46
"2021-12-18 03:30:00",1362,-0.889,100,0,0,279.8,3.699,29.79,5.625,-0.279,2.272,0.226,0.052,2.757,5.2
"2021-12-18 03:40:00",1363,-0.907,100,0,0,279.5,3.774,25.87,8.76,-0.303,2.26,0.226,0.052,2.754,5.95
"2021-12-18 03:50:00",1364,-0.853,100,0,0,279.9,3.416,33.06,10.62,-0.259,2.246,0.226,0.052,2.749,4.68
"2021-12-18 04:00:00",1365,-0.855,100,0,0,280,3.498,46.49,17.79,-0.256,2.231,0.226,0.052,2.748,5.29
"2021-12-18 04:10:00",1366,-0.861,100,0,0,280,3.207,46.52,13.37,-0.263,2.215,0.226,0.052,2.743,5
"2021-12-18 04:20:00",1367,-0.872,100,0,0,280.3,2.914,44.89,12.88,-0.263,2.201,0.226,0.052,2.736,4.29
"2021-12-18 04:30:00",1368,-0.874,100,0,0,281.4,2.841,33.41,10.58,-0.26,2.189,0.226,0.052,2.735,3.93
"2021-12-18 04:40:00",1369,-0.966,100,0,0,282,3.332,30.63,12.84,-0.324,2.179,0.226,0.052,2.728,4.79
"2021-12-18 04:50:00",1370,-1.069,100,0,0,282,3.173,43.83,12.5,-0.417,2.169,0.226,0.052,2.727,5.11
"2021-12-18 05:00:00",1371,-1.136,100,0,0,282.4,3.485,39.55,10.87,-0.485,2.162,0.226,0.052,2.724,5.14
"2021-12-18 05:10:00",1372,-1.172,100,0,0,282.7,3.522,33.61,10.69,-0.518,2.149,0.226,0.052,2.716,5.1
"2021-12-18 05:20:00",1373,-1.265,100,0,0,283.3,3.488,44.86,12.66,-0.584,2.138,0.226,0.052,2.712,5.21
"2021-12-18 05:30:00",1374,-1.284,100,0,0,283.4,2.875,51.97,14.35,-0.599,2.128,0.226,0.052,2.706,4.62
"2021-12-18 05:40:00",1375,-1.228,100,0,0,283.9,2.628,35.46,15.08,-0.546,2.116,0.226,0.052,2.7,4.12
"2021-12-18 05:50:00",1376,-1.271,100,0,0,284.4,3.185,33.77,9.65,-0.568,2.107,0.226,0.052,2.698,4.57
"2021-12-18 06:00:00",1377,-1.34,100,0,0,284.9,2.915,44.67,14.4,-0.627,2.104,0.226,0.052,2.689,4.25
"2021-12-18 06:10:00",1378,-1.353,100,0,0,284.4,3.651,38.2,12.83,-0.626,2.095,0.226,0.052,2.69,4.93
"2021-12-18 06:20:00",1379,-1.287,100,0,0,282.7,3.665,34.2,11.4,-0.585,2.091,0.226,0.052,2.68,5.75
"2021-12-18 06:30:00",1380,-1.265,100,0,0,282.7,3.538,33.62,8.89,-0.565,2.08,0.226,0.052,2.677,5.07
"2021-12-18 06:40:00",1381,-1.297,100,0,0,282.7,4.13,28.53,8.86,-0.589,2.069,0.225,0.052,2.678,6.12
"2021-12-18 06:50:00",1382,-1.381,100,0,0,282.7,3.768,54.43,12.79,-0.671,2.059,0.225,0.052,2.669,6.18
"2021-12-18 07:00:00",1383,-1.412,100,0,0,282.7,3.31,44.22,16.31,-0.709,2.051,0.225,0.052,2.662,4.77
"2021-12-18 07:10:00",1384,-1.473,100,0,0,282.7,3.182,49.45,13.38,-0.768,2.04,0.225,0.052,2.659,5.45
"2021-12-18 07:20:00",1385,-1.422,100,0,0,283.2,2.994,48.02,12.9,-0.738,2.03,0.225,0.052,2.657,4.72
"2021-12-18 07:30:00",1386,-1.443,100,0,0,283.4,2.945,61.89,13.76,-0.757,2.026,0.225,0.052,2.648,4.2
"2021-12-18 07:40:00",1387,-1.469,100,0,0,283.4,3.578,50.14,13.86,-0.714,2.018,0.225,0.052,2.641,5.5
"2021-12-18 07:50:00",1388,-1.503,100,0,0.196,283.4,3.447,40.56,12.43,-0.76,2.015,0.225,0.052,2.64,4.71
"2021-12-18 08:00:00",1389,-1.462,100,0,0.571,283.4,2.979,37.32,9.6,-0.732,2.012,0.225,0.052,2.633,4.33
"2021-12-18 08:10:00",1390,-1.497,100,0,1.243,283.4,2.595,48.31,16.29,-0.771,2.002,0.225,0.051,2.629,4.55
"2021-12-18 08:20:00",1391,-1.518,100,0,1.886,283.7,3.128,34.15,7.65,-0.767,1.996,0.225,0.052,2.627,4.53
"2021-12-18 08:30:00",1392,-1.503,100,0,3.947,284.1,3.03,45.61,10.09,-0.76,1.991,0.225,0.052,2.62,5.26
"2021-12-18 08:40:00",1393,-1.433,100,0,6.566,284.4,2.391,39.95,12.87,-0.697,1.986,0.225,0.052,2.622,3.52
"2021-12-18 08:50:00",1394,-1.426,100,0,10.1,284.8,2.762,38.55,15.9,-0.666,1.981,0.225,0.051,2.612,4.28
"2021-12-18 09:00:00",1395,-1.488,100,0,13.99,284.8,2.577,47.88,17.67,-0.718,1.98,0.225,0.051,2.612,4.42
"2021-12-18 09:10:00",1396,-1.481,100,0,17.55,284.8,2.333,58.95,13.78,-0.73,1.974,0.225,0.052,2.605,4.04
"2021-12-18 09:20:00",1397,-1.531,100,0,24.03,284.8,2.863,54.1,17.7,-0.74,1.973,0.225,0.051,2.599,4.27
"2021-12-18 09:30:00",1398,-1.596,100,0,26.95,284.8,2.59,56.28,11.46,-0.8,1.972,0.225,0.051,2.598,3.99
"2021-12-18 09:40:00",1399,-1.67,100,0,34.56,284.8,2.911,49.82,12.99,-0.837,1.969,0.225,0.051,2.592,4.88
"2021-12-18 09:50:00",1400,-1.744,100,0,36.73,284.8,3.085,42.71,12.48,-0.881,1.962,0.225,0.051,2.588,4.28
"2021-12-18 10:00:00",1401,-1.741,100,0,43.67,284.8,2.22,64.28,15.6,-0.874,1.962,0.224,0.051,2.584,3.69
"2021-12-18 10:10:00",1402,-1.642,100,0,46.64,284.7,2.36,60.17,13.43,-0.784,1.959,0.224,0.051,2.582,3.47
"2021-12-18 10:20:00",1403,-1.593,100,0,56.81,284.4,2.654,47.47,14.38,-0.706,1.957,0.224,0.051,2.578,4.64
"2021-12-18 10:30:00",1404,-1.61,100,0,60.29,284.1,2.775,59.02,15.89,-0.715,1.956,0.224,0.051,2.578,4.84
"2021-12-18 10:40:00",1405,-1.63,100,0,64.23,284.1,2.814,53.88,16.74,-0.71,1.955,0.224,0.051,2.575,3.87
"2021-12-18 10:50:00",1406,-1.457,100,0,61.5,284,2.696,35.69,8.56,-0.559,1.954,0.224,0.051,2.569,3.49
"2021-12-18 11:00:00",1407,-1.571,100,0,68.43,283.5,3.302,45.56,17.64,-0.614,1.954,0.224,0.051,2.568,4.66
"2021-12-18 11:10:00",1408,-1.576,100,0,64.74,283.3,3.057,30.47,15.8,-0.617,1.952,0.224,0.051,2.557,4.76
"2021-12-18 11:20:00",1409,-1.498,100,0,69.28,282.9,3.014,32.26,21.06,-0.548,1.947,0.224,0.051,2.562,4.71
"2021-12-18 11:30:00",1410,-1.558,100,0,80.3,282.5,2.631,54.63,15.83,-0.593,1.943,0.224,0.051,2.556,3.91
"2021-12-18 11:40:00",1411,-1.457,100,0,74.86,282.1,2.404,55.49,13.87,-0.465,1.943,0.224,0.051,2.554,3.51
"2021-12-18 11:50:00",1412,-1.323,100,0,68.65,282,2.676,27.3,17.2,-0.356,1.942,0.224,0.051,2.555,4.37
"2021-12-18 12:00:00",1413,-1.285,100,0,68.6,281.5,2.952,8.85,10.34,-0.358,1.942,0.224,0.051,2.551,4.21
"2021-12-18 12:10:00",1414,-1.287,100,0,70.66,281.2,2.943,15.7,12.49,-0.358,1.941,0.224,0.051,2.549,4.14
"2021-12-18 12:20:00",1415,-1.325,100,0,71.41,280.7,3.228,20.69,8.59,-0.365,1.941,0.224,0.051,2.544,4.87
"2021-12-18 12:30:00",1416,-1.297,100,0,74.72,280.6,3.167,13.88,8.09,-0.339,1.938,0.224,0.051,2.54,4.86
"2021-12-18 12:40:00",1417,-1.272,100,0,75.98,280.5,3.291,20.01,11.49,-0.287,1.932,0.224,0.051,2.538,4.27
"2021-12-18 12:50:00",1418,-1.42,100,0,75.72,280.1,3.122,8.22,7.803,-0.428,1.928,0.224,0.051,2.536,4
"2021-12-18 13:00:00",1419,-1.459,100,0,89.6,279.6,2.445,52.57,17.56,-0.413,1.927,0.223,0.051,2.533,4.22
"2021-12-18 13:10:00",1420,-1.394,100,0,75.52,279.9,2.868,35.99,12.34,-0.366,1.924,0.223,0.051,2.532,3.83
"2021-12-18 13:20:00",1421,-1.288,100,0,65.49,280,3.315,15.74,9.18,-0.294,1.924,0.223,0.051,2.535,4.65
"2021-12-18 13:30:00",1422,-1.44,100,0,75.97,279.8,3.411,26.23,17.31,-0.424,1.924,0.223,0.051,2.527,4.45
"2021-12-18 13:40:00",1423,-1.436,100,0,73,279.8,2.645,51.44,12.68,-0.417,1.923,0.223,0.051,2.523,4.22
"2021-12-18 13:50:00",1424,-1.393,100,0,65.84,280,3.017,41.31,13.19,-0.397,1.922,0.223,0.051,2.524,4.43
"2021-12-18 14:00:00",1425,-1.537,100,0,65.51,280,2.611,55.89,12.7,-0.501,1.923,0.223,0.051,2.517,3.91
"2021-12-18 14:10:00",1426,-1.41,100,0,54.41,280,2.651,35.43,12.15,-0.462,1.923,0.223,0.051,2.523,3.67
"2021-12-18 14:20:00",1427,-1.41,100,0,50.41,280,2.641,31.07,15.1,-0.509,1.923,0.223,0.051,2.513,4.12
"2021-12-18 14:30:00",1428,-1.445,100,0,46.5,280.1,2.81,39.2,12.27,-0.538,1.925,0.223,0.051,2.515,4.79
"2021-12-18 14:40:00",1429,-1.418,100,0,42.71,280.4,2.821,49.66,13.64,-0.523,1.923,0.223,0.051,2.513,4.94
"2021-12-18 14:50:00",1430,-1.515,100,0,39.99,280.6,3.38,47.31,14.89,-0.653,1.924,0.223,0.051,2.511,4.45
"2021-12-18 15:00:00",1431,-1.471,100,0,34.86,280.7,3.671,45.55,14.17,-0.647,1.928,0.223,0.051,2.506,5.61
"2021-12-18 15:10:00",1432,-1.479,100,0,30.64,280.9,3.72,38.26,15.74,-0.677,1.925,0.223,0.051,2.51,5.52
"2021-12-18 15:20:00",1433,-1.735,100,0,26.53,281.1,4.012,35.25,11.64,-0.901,1.923,0.223,0.051,2.508,6.43
"2021-12-18 15:30:00",1434,-1.677,100,0,20.9,281.4,3.931,30.74,8.44,-0.881,1.918,0.223,0.051,2.507,5.76
"2021-12-18 15:40:00",1435,-1.71,100,0,16.27,281.4,4.238,30.07,9.04,-0.912,1.91,0.223,0.051,2.501,6.25
"2021-12-18 15:50:00",1436,-1.72,100,0,9.46,281.5,4.29,31.81,9.19,-0.933,1.901,0.223,0.051,2.499,5.91
"2021-12-18 16:00:00",1437,-1.729,100,0,6.992,281.8,4.353,32.84,8.96,-0.937,1.893,0.223,0.051,2.503,6.11
"2021-12-18 16:10:00",1438,-1.731,100,0,4.54,282,4.08,29.01,11.31,-0.949,1.881,0.223,0.051,2.499,5.46
"2021-12-18 16:20:00",1439,-1.703,100,0,2.793,282.1,3.24,32.81,11.15,-0.955,1.871,0.223,0.051,2.496,4.43
"2021-12-18 16:30:00",1440,-1.677,100,0,1.674,282.1,3.808,21.17,7.087,-0.927,1.862,0.223,0.051,2.496,5.56
"2021-12-18 16:40:00",1441,-1.738,100,0,1.036,282.1,4.632,28.83,12.22,-0.971,1.851,0.223,0.051,2.496,6.24
"2021-12-18 16:50:00",1442,-1.782,100,0,0.414,282.1,3.669,35.14,13.31,-1.025,1.841,0.223,0.051,2.493,5.2
"2021-12-18 17:00:00",1443,-1.797,100,0,0.039,282.1,3.995,23.4,7.737,-1.034,1.835,0.223,0.051,2.49,5.6
"2021-12-18 17:10:00",1444,-1.808,100,0,0,282.1,4.251,23.93,8.21,-1.039,1.823,0.223,0.051,2.485,5.63
"2021-12-18 17:20:00",1445,-1.803,100,0,0,282.6,4.195,19.36,9.6,-1.038,1.813,0.223,0.051,2.479,5.75
"2021-12-18 17:30:00",1446,-1.796,100,0,0,282.7,3.027,42.62,10.98,-1.059,1.804,0.223,0.051,2.479,4.34
"2021-12-18 17:40:00",1447,-1.807,100,0,0,282.7,3.012,34.44,13.23,-1.056,1.796,0.223,0.051,2.468,4.26
"2021-12-18 17:50:00",1448,-1.965,100,0,0,282.7,3.181,45.18,13.26,-1.2,1.79,0.222,0.051,2.469,4.67
"2021-12-18 18:00:00",1449,-1.871,100,0,0,282.8,3.344,29.06,14.61,-1.109,1.786,0.222,0.051,2.466,4.61
"2021-12-18 18:10:00",1450,-1.871,100,0,0,282.8,2.921,43.75,16.94,-1.13,1.781,0.222,0.051,2.462,4.36
"2021-12-18 18:20:00",1451,-1.937,100,0,0,283,2.892,38.52,12,-1.19,1.777,0.222,0.051,2.463,4.46
"2021-12-18 18:30:00",1452,-1.825,100,0,0,283.4,2.634,40.22,15.12,-1.097,1.774,0.222,0.051,2.458,4.07
"2021-12-18 18:40:00",1453,-1.808,100,0,0,283.4,2.683,30.14,14.18,-1.091,1.769,0.222,0.051,2.451,4.13
"2021-12-18 18:50:00",1454,-1.954,100,0,0,283.4,3.595,26.97,14.5,-1.2,1.767,0.222,0.051,2.45,5.39
"2021-12-18 19:00:00",1455,-2.037,100,0,0,283.4,2.908,48.89,18.57,-1.299,1.766,0.222,0.051,2.447,4.1
"2021-12-18 19:10:00",1456,-1.966,100,0,0,283.4,2.995,21.93,10.52,-1.232,1.759,0.222,0.051,2.44,3.88
"2021-12-18 19:20:00",1457,-2.061,100,0,0,283.4,3.027,34.56,11.41,-1.303,1.755,0.222,0.051,2.442,4.65
"2021-12-18 19:30:00",1458,-2.136,100,0,0,283.4,2.588,46.21,12.37,-1.392,1.751,0.222,0.051,2.437,3.76
"2021-12-18 19:40:00",1459,-2.156,100,0,0,283.4,2.651,51.25,16.12,-1.415,1.745,0.222,0.051,2.432,4.16
"2021-12-18 19:50:00",1460,-2.077,100,0,0,283.8,2.601,28.31,11.17,-1.351,1.74,0.222,0.051,2.43,3.84
"2021-12-18 20:00:00",1461,-2.122,100,0,0,284.1,3.028,20.99,7.948,-1.37,1.737,0.222,0.051,2.425,3.83
"2021-12-18 20:10:00",1462,-2.162,100,0,0,284.1,2.899,23.04,9.69,-1.414,1.732,0.222,0.051,2.425,4.3
"2021-12-18 20:20:00",1463,-2.18,100,0,0,284.1,2.643,20.26,12.16,-1.423,1.727,0.222,0.051,2.425,3.94
"2021-12-18 20:30:00",1464,-2.157,100,0,0,284.1,2.393,27.18,10.83,-1.41,1.72,0.222,0.051,2.42,3.46
"2021-12-18 20:40:00",1465,-2.229,100,0,0,284.1,2.401,20.26,7.917,-1.469,1.717,0.222,0.051,2.41,3.2
"2021-12-18 20:50:00",1466,-2.263,100,0,0,284.2,2.658,20.03,8.78,-1.493,1.716,0.222,0.051,2.407,3.83
"2021-12-18 21:00:00",1467,-2.339,100,0,0,284.5,2.871,12.26,6.519,-1.553,1.712,0.222,0.05,2.407,3.88
"2021-12-18 21:10:00",1468,-2.482,100,0,0,284.5,2.368,43.62,19.87,-1.708,1.703,0.222,0.05,2.405,3.19
"2021-12-18 21:20:00",1469,-2.418,100,0,0,284.8,2.736,27.5,10.98,-1.643,1.698,0.222,0.051,2.397,3.99
"2021-12-18 21:30:00",1470,-2.386,100,0,0,284.8,2.34,15.76,11.02,-1.628,1.694,0.222,0.051,2.396,3.42
"2021-12-18 21:40:00",1471,-2.385,100,0,0,284.8,2.628,16.54,10.23,-1.62,1.689,0.222,0.05,2.396,3.48
"2021-12-18 21:50:00",1472,-2.558,100,0,0,284.8,2.492,21.85,15.31,-1.767,1.682,0.222,0.05,2.392,3.63
"2021-12-18 22:00:00",1473,-2.541,100,0,0,284.8,1.876,41.35,19.39,-1.786,1.681,0.222,0.05,2.39,2.75
"2021-12-18 22:10:00",1474,-2.571,100,0,0,284.8,1.729,14.37,23.85,-1.816,1.674,0.222,0.05,2.381,2.9
"2021-12-18 22:20:00",1475,-2.69,100,0,0,284.8,0.747,340.2,36.76,-1.966,1.673,0.222,0.05,2.379,1.78
"2021-12-18 22:30:00",1476,-2.704,100,0,0,285,0.635,265.2,38.03,-1.979,1.672,0.222,0.05,2.377,1.1
"2021-12-18 22:40:00",1477,-2.702,100,0,0,285.4,0.765,342.9,28.56,-1.957,1.673,0.222,0.05,2.376,1.24
"2021-12-18 22:50:00",1478,-2.735,100,0,0,285.5,0.672,282.4,38.69,-1.988,1.677,0.222,0.05,2.367,1.31
"2021-12-18 23:00:00",1479,-2.695,100,0,0,285.5,0.694,0,0,-1.936,1.684,0.222,0.05,2.364,1.41
"2021-12-18 23:10:00",1480,-2.712,100,0,0,285.5,0.714,214.2,51.66,-1.952,1.688,0.222,0.05,2.358,1.58
"2021-12-18 23:20:00",1481,-2.691,100,0,0,285.5,1.255,351.9,22.87,-1.924,1.693,0.222,0.05,2.362,1.97
"2021-12-18 23:30:00",1482,-2.872,100,0,0,285.5,1.356,5.755,47.63,-2.09,1.698,0.222,0.05,2.353,3.28
"2021-12-18 23:40:00",1483,-2.998,100,0,0,285.5,1.374,30.39,35.78,-2.183,1.701,0.221,0.05,2.357,3.47
"2021-12-18 23:50:00",1484,-2.955,100,0,0,285.6,0.669,121.9,23.06,-2.183,1.7,0.221,0.05,2.352,1.22
"2021-12-19 00:00:00",1485,-2.982,100,0,0,286.1,0.928,128,22.71,-2.13,1.701,0.221,0.05,2.346,1.55
"2021-12-19 00:10:00",1486,-2.968,100,0,0,286.2,1.22,171.3,28.18,-2.047,1.701,0.221,0.05,2.349,3.1
"2021-12-19 00:20:00",1487,-2.899,100,0,0,286.2,1.329,199.6,31.58,-1.959,1.701,0.221,0.05,2.347,2.67
"2021-12-19 00:30:00",1488,-2.855,100,0,0,286.2,0.907,177.4,45.45,-1.963,1.701,0.221,0.05,2.343,1.69
"2021-12-19 00:40:00",1489,-2.798,100,0,0,286.2,0.967,218.3,20.88,-1.923,1.7,0.221,0.05,2.339,1.66
"2021-12-19 00:50:00",1490,-2.847,100,0,0,286.2,1.019,190.2,22.95,-1.965,1.702,0.221,0.05,2.338,2.66
"2021-12-19 01:00:00",1491,-3.077,100,0,0,286.2,1.285,0,0,-2.105,1.707,0.221,0.05,2.336,2.7
"2021-12-19 01:10:00",1492,-3.092,100,0,0,286.5,0.833,122,34.28,-2.205,1.708,0.221,0.05,2.334,1.95
"2021-12-19 01:20:00",1493,-2.976,100,0,0,286.9,1.086,215.7,25.17,-2.122,1.708,0.221,0.05,2.334,2.45
"2021-12-19 01:30:00",1494,-2.978,100,0,0,286.9,1.59,218.9,19.26,-2.054,1.707,0.221,0.05,2.328,3
"2021-12-19 01:40:00",1495,-3.085,100,0,0,286.9,1.483,218.6,20.64,-2.147,1.709,0.221,0.05,2.33,3.84
"2021-12-19 01:50:00",1496,-3.146,100,0,0,286.9,0.821,194.3,46.39,-2.222,1.714,0.221,0.05,2.325,1.98
"2021-12-19 02:00:00",1497,-3.036,100,0,0,287,0.788,196,33.74,-2.163,1.719,0.221,0.05,2.326,1.66
"2021-12-19 02:10:00",1498,-3.039,100,0,0,287.3,1.902,240.2,16.75,-2.086,1.718,0.221,0.05,2.327,3.04
"2021-12-19 02:20:00",1499,-3.145,100,0,0,287.5,1.616,240,12.03,-2.14,1.719,0.221,0.05,2.322,2.64
"2021-12-19 02:30:00",1500,-3.094,100,0,0,287.5,1.476,238.2,21.85,-2.139,1.723,0.221,0.05,2.32,2.65
"2021-12-19 02:40:00",1501,-3.048,100,0,0,287.5,1.478,218.4,20.54,-2.104,1.727,0.221,0.05,2.318,2.72
"2021-12-19 02:50:00",1502,-3.042,100,0,0,287.5,0.925,246.7,22.7,-2.193,1.729,0.221,0.05,2.32,2.24
"2021-12-19 03:00:00",1503,-3.071,100,0,0,287.5,1.458,193.9,23.94,-2.15,1.731,0.221,0.05,2.317,2.6
"2021-12-19 03:10:00",1504,-3.095,100,0,0,287.5,1.116,189.2,14.72,-2.159,1.735,0.221,0.05,2.317,2.86
"2021-12-19 03:20:00",1505,-3.001,100,0,0,287.8,1.518,199.8,19.18,-2.107,1.733,0.221,0.05,2.316,2.89
"2021-12-19 03:30:00",1506,-3.027,100,0,0,288.2,1.216,177.4,20.65,-2.108,1.729,0.221,0.05,2.316,2.85
"2021-12-19 03:40:00",1507,-3.093,100,0,0,288.2,2.27,197.2,18.06,-2.15,1.728,0.221,0.05,2.315,4.01
"2021-12-19 03:50:00",1508,-3.107,100,0,0,288.2,1.457,202.5,42.01,-2.22,1.724,0.221,0.05,2.314,3.04
"2021-12-19 04:00:00",1509,-3.118,100,0,0,288.2,2.293,218.2,19.04,-2.17,1.725,0.221,0.05,2.312,4.21
"2021-12-19 04:10:00",1510,-3.163,100,0,0,288.2,1.153,185,22.19,-2.26,1.724,0.221,0.051,2.318,2.2
"2021-12-19 04:20:00",1511,-3.095,100,0,0,288.2,1.165,202.3,27.69,-2.22,1.722,0.221,0.05,2.318,2.31
"2021-12-19 04:30:00",1512,-3.224,100,0,0,288.2,1.801,188.1,21.71,-2.25,1.72,0.221,0.05,2.32,2.94
"2021-12-19 04:40:00",1513,-3.191,100,0,0,288.4,2.144,223,15.25,-2.229,1.718,0.221,0.05,2.319,3.51
"2021-12-19 04:50:00",1514,-3.313,100,0,0,288.6,2.554,215.6,15.87,-2.297,1.715,0.221,0.05,2.317,3.48
"2021-12-19 05:00:00",1515,-3.274,100,0,0,288.9,2.324,223.2,15.54,-2.287,1.713,0.221,0.05,2.317,3.59
"2021-12-19 05:10:00",1516,-3.346,100,0,0,288.9,0.948,188.8,30.88,-2.441,1.711,0.221,0.05,2.313,1.86
"2021-12-19 05:20:00",1517,-3.247,100,0,0,288.9,1.956,218.6,27.42,-2.294,1.711,0.221,0.05,2.313,3.2
"2021-12-19 05:30:00",1518,-3.203,100,0,0,288.9,1.695,218.1,17.12,-2.264,1.71,0.221,0.05,2.309,3.63
"2021-12-19 05:40:00",1519,-3.324,100,0,0,288.9,2.416,228.1,14.21,-2.325,1.708,0.221,0.05,2.309,4.06
"2021-12-19 05:50:00",1520,-3.225,100,0,0,288.9,1.868,214.8,16.01,-2.266,1.708,0.221,0.05,2.304,3.17
"2021-12-19 06:00:00",1521,-3.275,100,0,0,289.1,1.965,222.8,22.14,-2.32,1.711,0.22,0.05,2.304,3.56
"2021-12-19 06:10:00",1522,-3.276,100,0,0,289.5,0.706,233.2,23.83,-2.432,1.707,0.22,0.05,2.305,1.61
"2021-12-19 06:20:00",1523,-3.261,100,0,0,289.6,2.282,218.9,23.14,-2.309,1.708,0.22,0.05,2.301,3.49
"2021-12-19 06:30:00",1524,-3.368,100,0,0,289.6,1.757,187.5,19.19,-2.44,1.709,0.22,0.05,2.301,3.12
"2021-12-19 06:40:00",1525,-3.3,100,0,0,289.6,1.915,200.7,24.49,-2.345,1.704,0.221,0.05,2.299,3.27
"2021-12-19 06:50:00",1526,-3.312,100,0,0,289.6,2.218,215.4,18.65,-2.367,1.694,0.221,0.05,2.299,4.77
"2021-12-19 07:00:00",1527,-3.318,100,0,0,289.6,2.219,197,21.48,-2.401,1.692,0.22,0.05,2.295,3.79
"2021-12-19 07:10:00",1528,-3.342,100,0,0,289.6,2.403,194.3,24.2,-2.413,1.682,0.22,0.05,2.292,4.78
"2021-12-19 07:20:00",1529,-3.455,100,0,0,289.6,1.392,185.3,21.21,-2.559,1.676,0.22,0.05,2.287,3.19
"2021-12-19 07:30:00",1530,-3.449,100,0,0,289.9,1.459,205.1,20.25,-2.544,1.668,0.22,0.05,2.29,3.26
"2021-12-19 07:40:00",1531,-3.44,100,0,0,290.2,1.61,199.6,16.36,-2.547,1.661,0.22,0.05,2.287,2.74
"2021-12-19 07:50:00",1532,-3.474,100,0,0.325,290.3,1.629,183,27.17,-2.576,1.653,0.22,0.05,2.288,2.7
"2021-12-19 08:00:00",1533,-3.502,100,0,1.041,290.3,2.386,201.3,22.07,-2.585,1.649,0.22,0.05,2.286,4.83
"2021-12-19 08:10:00",1534,-3.524,100,0,1.965,290.3,2.59,185.5,21.11,-2.595,1.64,0.22,0.05,2.283,4.77
"2021-12-19 08:20:00",1535,-3.449,100,0,4.25,290.3,1.643,201.3,26.04,-2.56,1.633,0.22,0.05,2.278,3.05
"2021-12-19 08:30:00",1536,-3.374,100,0,6.573,290.3,1.29,212.4,29.78,-2.487,1.625,0.22,0.05,2.274,3.57
"2021-12-19 08:40:00",1537,-3.378,100,0,11.08,290.3,1.407,181.1,25.3,-2.476,1.618,0.22,0.05,2.275,2.91
"2021-12-19 08:50:00",1538,-3.301,100,0,15.9,290.3,1.857,195.3,20.66,-2.374,1.613,0.22,0.05,2.271,3.29
"2021-12-19 09:00:00",1539,-3.323,100,0,27.36,290.3,2.193,189.4,22.61,-2.396,1.609,0.22,0.05,2.271,3.96
"2021-12-19 09:10:00",1540,-3.305,100,0,31,290.3,1.976,200.6,21.92,-2.364,1.605,0.22,0.05,2.268,5
"2021-12-19 09:20:00",1541,-3.277,100,0,38.19,290.3,2.081,213.2,25.92,-2.266,1.597,0.22,0.05,2.263,4.31
"2021-12-19 09:30:00",1542,-3.172,100,0,42.23,290.3,2.029,193.2,24.75,-2.194,1.595,0.22,0.05,2.262,4.74
"2021-12-19 09:40:00",1543,-3.003,100,0,50.04,290.3,1.21,211.2,20.14,-2.056,1.595,0.22,0.05,2.256,2.2
"2021-12-19 09:50:00",1544,-3.064,100,0,49.37,290.3,2.228,211.9,19.23,-2.044,1.59,0.22,0.05,2.254,4.25
"2021-12-19 10:00:00",1545,-3.096,100,0,59.35,290.3,2.635,199.2,19.52,-2.05,1.591,0.22,0.05,2.251,4.8
"2021-12-19 10:10:00",1546,-2.997,100,0,68.7,290.3,2.476,205.7,25.97,-1.946,1.59,0.22,0.05,2.251,5.79
"2021-12-19 10:20:00",1547,-3.015,100,0,75.65,290.3,2.914,208.3,17.58,-1.966,1.588,0.22,0.05,2.248,5.11
"2021-12-19 10:30:00",1548,-2.929,100,0,78.32,289.9,2.552,207.7,16.23,-1.881,1.587,0.22,0.05,2.244,3.99
"2021-12-19 10:40:00",1549,-2.936,100,0,87.4,289.6,2.561,212.9,20.94,-1.908,1.586,0.22,0.05,2.241,4.56
"2021-12-19 10:50:00",1550,-2.892,100,0,100.9,289.6,2.072,208.1,20.85,-1.845,1.585,0.22,0.05,2.238,4.23
"2021-12-19 11:00:00",1551,-2.694,100,0,99.5,289.6,1.144,194.5,34.78,-1.616,1.587,0.22,0.05,2.238,2.74
"2021-12-19 11:10:00",1552,-2.558,100,0,106.1,289.4,1.543,189.9,25.09,-1.389,1.585,0.22,0.05,2.235,3.14
"2021-12-19 11:20:00",1553,-2.399,100,0,116.6,289.1,1.119,199,23.66,-1.335,1.585,0.22,0.05,2.236,3.05
"2021-12-19 11:30:00",1554,-2.285,100,0,123.3,289,1.535,196.5,30.64,-1.163,1.586,0.22,0.05,2.23,2.61
"2021-12-19 11:40:00",1555,-2.279,100,0,131.7,288.9,1.078,230.6,31.47,-1.165,1.585,0.22,0.05,2.228,2.36
"2021-12-19 11:50:00",1556,-2.175,100,0,122.9,288.5,1.366,227.8,17.08,-1.011,1.583,0.22,0.05,2.227,2.32
"2021-12-19 12:00:00",1557,-2.066,100,0,127.5,288.1,1.532,202.2,21.79,-0.944,1.587,0.22,0.05,2.225,3.48
"2021-12-19 12:10:00",1558,-2.366,100,0,108.4,287.1,3.16,213.8,13.51,-1.288,1.59,0.22,0.05,2.226,4.64
"2021-12-19 12:20:00",1559,-2.386,100,0,135.3,286.7,2.575,204.3,19.14,-1.341,1.594,0.22,0.05,2.223,4.31
"2021-12-19 12:30:00",1560,-2.286,100,0,149.1,286.1,2.593,204.3,20.57,-1.145,1.596,0.22,0.05,2.223,4.88
"2021-12-19 12:40:00",1561,-2.256,100,0,157.6,285.5,2.753,195.3,16.35,-1.192,1.597,0.22,0.05,2.221,4.66
"2021-12-19 12:50:00",1562,-2.177,100,0,128.6,284.8,2.708,208.7,16.29,-1.13,1.596,0.219,0.05,2.219,4.6
"2021-12-19 13:00:00",1563,-1.995,100,0,126.9,284.5,2.228,215.3,14.75,-0.977,1.601,0.219,0.05,2.221,3.86
"2021-12-19 13:10:00",1564,-1.781,100,0,119.3,284.2,2.354,210,17.93,-0.787,1.6,0.219,0.05,2.219,4.46
"2021-12-19 13:20:00",1565,-1.791,100,0,114.3,283.6,2.162,195.5,15.96,-0.801,1.602,0.219,0.05,2.219,3.69
"2021-12-19 13:30:00",1566,-1.693,100,0,115.7,283.3,2.291,203.5,23.25,-0.696,1.603,0.219,0.05,2.212,4.13
"2021-12-19 13:40:00",1567,-1.761,100,0,120,282.6,2.638,215.8,11.6,-0.766,1.607,0.219,0.05,2.21,3.87
"2021-12-19 13:50:00",1568,-1.837,100,0,112.4,282,2.641,212,11.36,-0.829,1.609,0.219,0.05,2.22,4.36
"2021-12-19 14:00:00",1569,-1.766,100,0,109.8,281.7,2.43,206.8,14.13,-0.796,1.617,0.219,0.05,2.209,4.47
"2021-12-19 14:10:00",1570,-1.728,100,0,97.9,281.4,2.58,206,11.55,-0.754,1.618,0.219,0.05,2.213,4.5
"2021-12-19 14:20:00",1571,-1.625,100,0,91.9,281.3,2.335,205.4,12.14,-0.678,1.62,0.219,0.05,2.209,3.51
"2021-12-19 14:30:00",1572,-1.497,100,0,86.4,281.1,1.859,210.3,17.54,-0.541,1.626,0.219,0.05,2.211,3.92
"2021-12-19 14:40:00",1573,-1.74,100,0,77.07,280.7,2.81,192,13.82,-0.794,1.628,0.219,0.05,2.216,4.92
"2021-12-19 14:50:00",1574,-1.62,100,0,73.28,280.7,2.279,199,17.38,-0.723,1.631,0.219,0.05,2.209,4.1
"2021-12-19 15:00:00",1575,-1.562,100,0,61.68,280.7,1.881,195.9,19.34,-0.675,1.635,0.219,0.05,2.209,3.83
"2021-12-19 15:10:00",1576,-1.574,100,0,52.17,280.7,2.213,197.5,20.01,-0.73,1.637,0.219,0.05,2.206,3.42
"2021-12-19 15:20:00",1577,-1.599,100,0,48.16,280.7,1.79,189.9,21.48,-0.793,1.639,0.219,0.05,2.211,3.71
"2021-12-19 15:30:00",1578,-1.651,100,0,43.22,281.3,1.739,192.2,21.56,-0.833,1.641,0.219,0.05,2.207,3.41
"2021-12-19 15:40:00",1579,-1.673,100,0,35.5,281.4,1.548,192.1,25.08,-0.896,1.646,0.219,0.05,2.212,2.51
"2021-12-19 15:50:00",1580,-1.695,100,0,28.68,281.4,1.988,202.9,21.89,-0.949,1.647,0.219,0.05,2.212,3.87
"2021-12-19 16:00:00",1581,-1.789,100,0,20.18,281.4,1.702,184.9,19.37,-1.06,1.652,0.219,0.05,2.214,2.85
"2021-12-19 16:10:00",1582,-1.889,100,0,13.04,281.6,1.98,192.6,25.57,-1.181,1.653,0.219,0.05,2.212,3.03
"2021-12-19 16:20:00",1583,-1.943,100,0,8.11,282.1,1.755,194,20.63,-1.25,1.654,0.219,0.05,2.214,3.85
"2021-12-19 16:30:00",1584,-1.973,100,0,4.109,282.1,1.453,187.4,24.76,-1.314,1.659,0.219,0.05,2.208,2.59
"2021-12-19 16:40:00",1585,-2.023,100,0,2.139,282.1,1.78,190.4,21.56,-1.359,1.66,0.219,0.05,2.209,2.93
"2021-12-19 16:50:00",1586,-2.087,100,0,0.997,282.5,1.755,205.9,22.35,-1.41,1.66,0.219,0.05,2.216,3.37
"2021-12-19 17:00:00",1587,-2.138,100,0,0.23,282.8,1.817,191.4,26.64,-1.512,1.663,0.219,0.05,2.215,4.69
"2021-12-19 17:10:00",1588,-2.191,100,0,0,283.3,2.666,196.1,17.97,-1.559,1.662,0.219,0.05,2.212,4.61
"2021-12-19 17:20:00",1589,-2.268,100,0,0,283.7,2.13,205.9,20.94,-1.615,1.661,0.219,0.05,2.213,3.65
"2021-12-19 17:30:00",1590,-2.309,100,0,0,284.1,1.497,188.9,39.35,-1.746,1.656,0.219,0.05,2.214,3.41
"2021-12-19 17:40:00",1591,-2.288,100,0,0,284.4,1.19,0,0,-1.784,1.656,0.219,0.05,2.216,3.05
"2021-12-19 17:50:00",1592,-2.331,100,0,0,284.8,1.825,187.5,43.91,-1.786,1.652,0.219,0.05,2.214,4.1
"2021-12-19 18:00:00",1593,-2.428,100,0,0,285.1,1.434,189.2,27.77,-1.892,1.653,0.219,0.05,2.215,2.66
"2021-12-19 18:10:00",1594,-2.459,100,0,0,285.5,1.587,211,34.5,-1.923,1.647,0.219,0.05,2.219,3.33
"2021-12-19 18:20:00",1595,-2.46,100,0,0,286.1,1.784,212.3,22.46,-1.875,1.644,0.219,0.05,2.213,3.35
"2021-12-19 18:30:00",1596,-2.493,100,0,0,286.2,1.596,210.1,26.72,-1.887,1.641,0.219,0.05,2.214,2.8
"2021-12-19 18:40:00",1597,-2.47,100,0,0,286.8,1.933,214.5,15.92,-1.842,1.639,0.219,0.05,2.216,3.83
"2021-12-19 18:50:00",1598,-2.49,100,0,0,286.9,1.272,248.1,37.85,-1.878,1.636,0.219,0.05,2.212,3.06
"2021-12-19 19:00:00",1599,-2.479,100,0,0,287.3,0.772,0,0,-1.89,1.638,0.219,0.05,2.215,2.55
"2021-12-19 19:10:00",1600,-2.477,100,0,0,287.5,1.644,240.6,14.53,-1.743,1.637,0.219,0.05,2.212,2.76
"2021-12-19 19:20:00",1601,-2.489,100,0,0,287.5,2.007,224.9,8.89,-1.662,1.639,0.219,0.05,2.211,2.77
"2021-12-19 19:30:00",1602,-2.522,100,0,0,287.5,1.212,255.2,23.83,-1.718,1.641,0.219,0.05,2.21,2.07
"2021-12-19 19:40:00",1603,-2.503,100,0,0,287.5,0.728,305,45.24,-1.812,1.644,0.219,0.05,2.211,1.63
"2021-12-19 19:50:00",1604,-2.41,100,0,0,288.1,0.833,298.7,44.48,-1.721,1.645,0.219,0.05,2.208,1.44
"2021-12-19 20:00:00",1605,-2.376,100,0,0,288.2,0.595,283.9,45.84,-1.725,1.646,0.219,0.05,2.211,1.22
"2021-12-19 20:10:00",1606,-2.353,100,0,0,288.2,0.984,327.3,29.93,-1.685,1.645,0.219,0.05,2.208,1.66
"2021-12-19 20:20:00",1607,-2.431,100,0,0,288.3,1.308,332.2,17.53,-1.755,1.647,0.219,0.05,2.207,2.15
"2021-12-19 20:30:00",1608,-2.485,100,0,0,288.8,0.83,234.1,29.96,-1.754,1.646,0.219,0.05,2.205,1.53
"2021-12-19 20:40:00",1609,-2.461,100,0,0,288.9,0.868,254.8,57.35,-1.724,1.645,0.219,0.05,2.208,2.58
"2021-12-19 20:50:00",1610,-2.636,100,0,0,288.9,1.741,231.2,15.78,-1.783,1.643,0.219,0.05,2.202,2.82
"2021-12-19 21:00:00",1611,-2.673,100,0,0,288.9,1.303,263.5,34.95,-1.873,1.647,0.219,0.05,2.206,2.57
"2021-12-19 21:10:00",1612,-2.601,100,0,0,289.5,1.102,254.7,31.67,-1.793,1.65,0.219,0.05,2.205,2.24
"2021-12-19 21:20:00",1613,-2.757,100,0,0,289.6,1.012,277.7,47.76,-1.954,1.653,0.219,0.05,2.214,1.88
"2021-12-19 21:30:00",1614,-2.794,100,0,0,289.9,1.07,316.3,29.33,-2.059,1.654,0.219,0.05,2.198,2.6
"2021-12-19 21:40:00",1615,-2.926,100,0,0,290.2,0.894,299.3,38.88,-2.149,1.652,0.219,0.05,2.2,1.97
"2021-12-19 21:50:00",1616,-2.748,100,0,0,290.2,1.594,356.7,22.07,-2.02,1.651,0.219,0.05,2.203,2.85
"2021-12-19 22:00:00",1617,-2.78,100,0,0,290.2,2.498,3.796,9.97,-2.014,1.654,0.219,0.05,2.201,3.62
"2021-12-19 22:10:00",1618,-2.728,100,0,0,290.8,2.382,7.891,9.44,-1.968,1.643,0.219,0.05,2.203,3.18
"2021-12-19 22:20:00",1619,-2.542,100,0,0,291.5,2.401,11.17,11.68,-1.804,1.634,0.219,0.05,2.201,3.33
"2021-12-19 22:30:00",1620,-2.359,100,0,0,291.7,2.143,16.13,11.52,-1.648,1.623,0.219,0.05,2.204,3.16
"2021-12-19 22:40:00",1621,-2.261,100,0,0,292.3,1.889,28.3,11.73,-1.554,1.612,0.218,0.05,2.196,3
"2021-12-19 22:50:00",1622,-2.274,100,0,0,292.9,0.795,47.55,18.03,-1.585,1.601,0.218,0.05,2.202,1.25
"2021-12-19 23:00:00",1623,-2.188,100,0,0,293.7,1.047,38.23,14.71,-1.496,1.599,0.218,0.049,2.197,1.54
"2021-12-19 23:10:00",1624,-2.153,100,0,0,294.7,0.963,67.39,24.05,-1.46,1.596,0.218,0.049,2.197,1.62
"2021-12-19 23:20:00",1625,-2.129,100,0,0,295.6,0.669,85.4,49.2,-1.443,1.596,0.218,0.049,2.201,1.16
"2021-12-19 23:30:00",1626,-2.105,100,0,0,296.4,0.829,76.42,25.76,-1.417,1.596,0.218,0.049,2.19,1.3
"2021-12-19 23:40:00",1627,-2.065,100,0,0,297,1.068,65.15,20.66,-1.373,1.595,0.218,0.05,2.195,1.67
"2021-12-19 23:50:00",1628,-2.049,100,0,0,297.4,0.806,82,28.9,-1.363,1.596,0.218,0.05,2.197,1.49
"2021-12-20 00:00:00",1629,-2.013,100,0,0,297.8,0.889,119.1,39.37,-1.304,1.599,0.218,0.049,2.188,1.5
"2021-12-20 00:10:00",1630,-2.008,100,0,0,298.3,0.947,183.1,22.59,-1.245,1.598,0.218,0.05,2.194,1.58
"2021-12-20 00:20:00",1631,-1.973,100,0,0,298.4,0.971,183,17.04,-1.231,1.598,0.218,0.049,2.189,1.58
"2021-12-20 00:30:00",1632,-1.952,100,0,0,298.4,0.856,144.3,24.61,-1.202,1.601,0.218,0.05,2.187,1.56
"2021-12-20 00:40:00",1633,-1.929,100,0,0,298.4,0.963,148,16.08,-1.167,1.603,0.218,0.05,2.183,1.41
"2021-12-20 00:50:00",1634,-1.907,100,0,0,298.4,0.543,118.7,39.56,-1.169,1.6,0.218,0.05,2.184,1.06
"2021-12-20 01:00:00",1635,-1.886,100,0,0,298.6,0.461,137,29.71,-1.181,1.599,0.218,0.05,2.188,0.78
"2021-12-20 01:10:00",1636,-1.848,100,0,0,299.1,0.706,160.4,12.29,-1.109,1.601,0.218,0.049,2.184,1.27
"2021-12-20 01:20:00",1637,-1.785,100,0,0,299.2,0.824,201,15.54,-1.036,1.604,0.218,0.049,2.189,1.1
"2021-12-20 01:30:00",1638,-1.756,100,0,0,299.7,0.875,175.7,24.02,-1.004,1.606,0.218,0.049,2.183,1.24
"2021-12-20 01:40:00",1639,-1.737,100,0,0,299.7,0.799,137.9,43.24,-1,1.608,0.218,0.049,2.182,1.73
"2021-12-20 01:50:00",1640,-1.723,100,0,0,299.7,0.603,140.6,77.29,-1.048,1.608,0.218,0.049,2.183,0.99
"2021-12-20 02:00:00",1641,-1.674,100,0,0,299.7,0.862,173.4,23.7,-0.956,1.61,0.218,0.049,2.184,1.17
"2021-12-20 02:10:00",1642,-1.653,100,0,0,299.9,0.56,166.3,15.49,-0.918,1.609,0.218,0.049,2.181,1.59
"2021-12-20 02:20:00",1643,-1.609,100,0,0,300.4,0.589,136.1,24.45,-0.927,1.611,0.218,0.049,2.182,1.05
"2021-12-20 02:30:00",1644,-1.564,100,0,0,300.8,0.897,197.3,19.86,-0.87,1.612,0.218,0.049,2.176,1.38
"2021-12-20 02:40:00",1645,-1.521,100,0,0,301.1,0.532,126,59.37,-0.838,1.613,0.218,0.049,2.175,1
"2021-12-20 02:50:00",1646,-1.508,100,0,0,301.1,0.496,136.9,44.47,-0.866,1.612,0.218,0.049,2.181,1.09
"2021-12-20 03:00:00",1647,-1.468,100,0,0,301.7,0.694,162.9,30.27,-0.805,1.618,0.218,0.05,2.184,1.57
"2021-12-20 03:10:00",1648,-1.423,100,0,0,301.8,0.596,0,0,-0.761,1.62,0.218,0.049,2.18,1.34
"2021-12-20 03:20:00",1649,-1.4,100,0,0,302.2,0.739,227.5,34.79,-0.74,1.622,0.218,0.049,2.18,1.33
"2021-12-20 03:30:00",1650,-1.346,100,0,0,302.4,0.58,221.1,26.28,-0.685,1.624,0.218,0.049,2.178,1.14
"2021-12-20 03:40:00",1651,-1.323,100,0,0,302.4,0.572,171.3,27.02,-0.676,1.626,0.218,0.049,2.177,1.61
"2021-12-20 03:50:00",1652,-1.32,100,0,0,302.6,1.008,187.8,36.61,-0.646,1.629,0.218,0.049,2.178,1.57
"2021-12-20 04:00:00",1653,-1.312,100,0,0,302.5,0.372,0,0,-0.705,1.631,0.218,0.05,2.181,0.92
"2021-12-20 04:10:00",1654,-1.318,100,0,0,302.7,0.706,132.7,68.27,-0.726,1.631,0.218,0.049,2.178,1.53
"2021-12-20 04:20:00",1655,-1.289,100,0,0,302.6,1.488,176.1,23.98,-0.643,1.634,0.218,0.049,2.184,2.41
"2021-12-20 04:30:00",1656,-1.3,100,0,0,302.4,0.688,0,0,-0.725,1.637,0.218,0.049,2.182,2.26
"2021-12-20 04:40:00",1657,-1.288,100,0,0,302.4,0.762,161.7,9.68,-0.743,1.636,0.218,0.049,2.181,1.02
"2021-12-20 04:50:00",1658,-1.33,100,0,0,302.4,0.547,35.83,74.37,-0.789,1.637,0.218,0.049,2.186,0.81
"2021-12-20 05:00:00",1659,-1.353,100,0,0,302.6,0.242,0,0,-0.88,1.641,0.218,0.049,2.186,0.53
"2021-12-20 05:10:00",1660,-1.354,100,0,0,303.1,0.39,134.1,46.13,-0.918,1.643,0.218,0.049,2.179,0.58
"2021-12-20 05:20:00",1661,-1.333,100,0,0,303.1,0.748,221.1,11.09,-0.799,1.647,0.218,0.049,2.186,1.31
"2021-12-20 05:30:00",1662,-1.347,100,0,0,303.1,0.81,163.1,50.13,-0.767,1.647,0.218,0.049,2.19,2.03
"2021-12-20 05:40:00",1663,-1.375,100,0,0,303.1,0.674,217.8,36.37,-0.827,1.649,0.218,0.049,2.189,1.44
"2021-12-20 05:50:00",1664,-1.382,100,0,0,303.2,0.315,0,0,-0.841,1.649,0.218,0.049,2.191,0.49
"2021-12-20 06:00:00",1665,-1.43,100,0,0,303.6,0.346,93.1,60.21,-0.953,1.652,0.218,0.049,2.192,0.54
"2021-12-20 06:10:00",1666,-1.451,100,0,0,303.1,0.215,0,0,-1.019,1.654,0.218,0.049,2.193,0.47
"2021-12-20 06:20:00",1667,-1.459,100,0,0,303.3,0.404,226.4,20.44,-0.993,1.655,0.218,0.049,2.191,0.78
"2021-12-20 06:30:00",1668,-1.438,100,0,0,303.3,0.405,175.4,27.36,-0.908,1.662,0.218,0.049,2.192,0.62
"2021-12-20 06:40:00",1669,-1.467,100,0,0,303.2,0.543,141.6,29.14,-0.932,1.663,0.218,0.05,2.194,0.86
"2021-12-20 06:50:00",1670,-1.505,100,0,0,303.2,0.496,144.5,39.88,-0.985,1.664,0.218,0.049,2.198,0.97
"2021-12-20 07:00:00",1671,-1.522,100,0,0,303.2,0.54,190.5,93.1,-0.979,1.668,0.218,0.049,2.192,1.06
"2021-12-20 07:10:00",1672,-1.497,100,0,0,303.3,0.674,140,41.84,-0.914,1.666,0.218,0.049,2.186,1.23
"2021-12-20 07:20:00",1673,-1.52,100,0,0,303.2,0.643,36.53,63.52,-0.961,1.666,0.218,0.049,2.193,1.26
"2021-12-20 07:30:00",1674,-1.494,100,0,0,303.2,0.645,142.3,46.47,-0.966,1.667,0.218,0.049,2.2,1.33
"2021-12-20 07:40:00",1675,-1.517,100,0,0,303.1,1.007,152.6,16.72,-0.958,1.666,0.218,0.049,2.199,1.76
"2021-12-20 07:50:00",1676,-1.55,100,0,0.403,303.1,1.038,182.3,35.17,-0.993,1.665,0.218,0.049,2.201,2.19
"2021-12-20 08:00:00",1677,-1.568,100,0,1.181,303.1,0.99,162.1,57.4,-1.037,1.665,0.218,0.049,2.206,2.26
"2021-12-20 08:10:00",1678,-1.588,100,0,2.385,303.1,0.499,0,0,-1.144,1.655,0.218,0.049,2.2,1.61
"2021-12-20 08:20:00",1679,-1.618,100,0,5.105,303,0.551,148.6,40.52,-1.197,1.653,0.217,0.049,2.204,0.9
"2021-12-20 08:30:00",1680,-1.68,100,0,9.42,302.9,0.462,117.1,30.37,-1.342,1.652,0.218,0.049,2.207,0.95
"2021-12-20 08:40:00",1681,-1.709,100,0,14.08,302.8,0.578,222.2,59.44,-1.309,1.653,0.218,0.049,2.209,1.11
"2021-12-20 08:50:00",1682,-1.65,100,0,18.86,303.1,0.364,138.8,78.91,-1.136,1.655,0.217,0.049,2.208,0.74
"2021-12-20 09:00:00",1683,-1.614,100,0,21.73,303.1,0.436,180.2,87.6,-1.036,1.658,0.217,0.049,2.205,1.12
"2021-12-20 09:10:00",1684,-1.536,100,0,30.14,303.1,0.533,0,0,-0.881,1.66,0.217,0.049,2.209,1.14
"2021-12-20 09:20:00",1685,-1.472,100,0,39.4,302.9,0.468,63.9,43.02,-0.811,1.66,0.217,0.049,2.206,0.96
"2021-12-20 09:30:00",1686,-1.411,100,0,61.46,302.5,0.432,61.29,38.05,-0.793,1.663,0.217,0.049,2.207,0.57
"2021-12-20 09:40:00",1687,-1.317,100,0,78.58,302.7,0.596,7.665,31.12,-0.687,1.668,0.217,0.049,2.209,1.17
"2021-12-20 09:50:00",1688,-1.243,100,0,90.1,303.5,0.688,29.89,14.56,-0.538,1.668,0.217,0.05,2.208,1.2
"2021-12-20 10:00:00",1689,-1.149,100,0,80.6,305.3,0.414,66.01,30.41,-0.387,1.671,0.217,0.049,2.209,0.79
"2021-12-20 10:10:00",1690,-1.001,100,0,74.73,315.4,0.411,0,0,-0.253,1.673,0.217,0.049,2.21,1.31
"2021-12-20 10:20:00",1691,-0.988,100,0.1,70.27,316.9,0.288,0,0,-0.224,1.676,0.217,0.049,2.21,0.86
"2021-12-20 10:30:00",1692,-0.869,100,0,84.5,340,0.354,0,0,-0.11,1.677,0.217,0.049,2.208,0.96
"2021-12-20 10:40:00",1693,-0.841,100,0,120.9,424.8,0.385,38.98,16.56,-0.107,1.678,0.217,0.049,2.211,0.71
"2021-12-20 10:50:00",1694,-0.73,100,0,128.6,669.9,0.343,32.76,32.81,-0.017,1.681,0.217,0.049,2.213,0.78
"2021-12-20 11:00:00",1695,-0.673,100,0,108.8,739.1,0.566,0,0,0.012,1.687,0.217,0.049,2.214,0.96
"2021-12-20 11:10:00",1696,-0.667,100,0,96.6,669,0.479,0,0,0.03,1.687,0.217,0.049,2.217,1.08
"2021-12-20 11:20:00",1697,-0.605,100,0,97.5,557.5,0.408,20.99,33.39,0.049,1.692,0.217,0.049,2.221,1
"2021-12-20 11:30:00",1698,-0.577,100,0,92.4,394.8,0.473,57.23,51.51,0.116,1.694,0.217,0.049,2.213,0.71
"2021-12-20 11:40:00",1699,-0.562,100,0,115.1,366.4,0.967,348.7,15.75,0.494,1.694,0.217,0.049,2.221,1.74
"2021-12-20 11:50:00",1700,-0.545,100,0,96,353.1,1.084,4.806,12.56,0.78,1.697,0.217,0.049,2.217,1.71
"2021-12-20 12:00:00",1701,-0.53,100,0,67.68,351.5,1.266,13.73,12.02,0.794,1.701,0.217,0.049,2.22,2.43
"2021-12-20 12:10:00",1702,-0.469,100,0,83.2,358.1,1.148,29.13,27.1,0.91,1.703,0.217,0.049,2.227,2.2
"2021-12-20 12:20:00",1703,-0.356,100,0,94.3,344.5,1.511,9.95,19.2,1.165,1.707,0.217,0.049,2.221,2.64
"2021-12-20 12:30:00",1704,-0.185,100,0,86.5,340.4,1.817,14.16,10.17,1.137,1.709,0.217,0.049,2.229,2.67
"2021-12-20 12:40:00",1705,-0.044,100,0,75.03,336.6,2.17,7.263,10.23,1.155,1.714,0.217,0.049,2.223,2.99
"2021-12-20 12:50:00",1706,0.083,100,0,92.5,331.4,2.276,17.32,13.97,1.233,1.721,0.217,0.049,2.227,3.7
"2021-12-20 13:00:00",1707,0.126,100,0,88.6,324.9,3.015,21.98,8.49,1.304,1.728,0.217,0.049,2.232,4.06
"2021-12-20 13:10:00",1708,0.271,100,0,103.7,322,2.457,31.4,11.84,1.496,1.734,0.217,0.049,2.233,3.63
"2021-12-20 13:20:00",1709,0.132,100,0,91,319.5,3.227,27.71,11.14,1.436,1.744,0.217,0.049,2.237,4.7
"2021-12-20 13:30:00",1710,0.079,100,0,85.6,317.2,3.146,19.73,9.61,1.323,1.753,0.217,0.049,2.231,4.19
"2021-12-20 13:40:00",1711,0.07,100,0,101.5,317.2,3.06,23.34,9.99,1.329,1.761,0.217,0.049,2.246,4.07
"2021-12-20 13:50:00",1712,0.078,100,0,98.6,315.9,3.058,27.24,11.54,1.359,1.769,0.217,0.049,2.241,4.08
"2021-12-20 14:00:00",1713,0.225,100,0,73.75,314.8,2.75,24.99,11.38,1.322,1.78,0.217,0.049,2.244,3.69
"2021-12-20 14:10:00",1714,0.419,100,0,132.5,313.1,2.731,31.69,15.93,1.523,1.785,0.217,0.049,2.246,5.05
"2021-12-20 14:20:00",1715,0.144,100,0,147.5,306.6,3.718,40.38,9.92,1.204,1.791,0.217,0.049,2.249,5.23
"2021-12-20 14:30:00",1716,-0.263,99,0,46.53,295.2,1.739,54.3,16.04,0.246,1.796,0.217,0.049,2.252,3.12
"2021-12-20 14:40:00",1717,-0.348,99.2,0,161.6,288.8,1.538,66.64,14.73,0.177,1.799,0.217,0.049,2.255,2.86
"2021-12-20 14:50:00",1718,0.08,97.9,0,232.8,279.5,1.259,70.4,22.31,0.892,1.801,0.217,0.049,2.253,2.32
"2021-12-20 15:00:00",1719,0.699,95.8,0,285.8,275.7,2.06,55.48,24.59,1.814,1.803,0.217,0.049,2.261,4.35
"2021-12-20 15:10:00",1720,0.837,94.4,0,113.5,275.8,3.895,16.82,9.28,1.726,1.806,0.217,0.049,2.26,5.87
"2021-12-20 15:20:00",1721,0.359,95.6,0,26.46,277.1,3.529,26.59,17.02,0.797,1.814,0.217,0.05,2.263,4.82
"2021-12-20 15:30:00",1722,-0.031,95.7,0,27.21,278.2,2.416,32.73,9.95,0.073,1.815,0.217,0.049,2.269,3.95
"2021-12-20 15:40:00",1723,-0.248,97.1,0,46.35,279.2,2.436,15.6,6.078,-0.092,1.813,0.217,0.049,2.274,3.36
"2021-12-20 15:50:00",1724,-0.155,97.1,0,30.33,279.2,2.725,18.13,7.241,-0.002,1.807,0.217,0.049,2.277,3.55
"2021-12-20 16:00:00",1725,-0.222,97.3,0,24.99,279.6,2.171,32.28,9.64,-0.131,1.799,0.217,0.049,2.28,3.6
"2021-12-20 16:10:00",1726,-0.348,97.8,0,18.24,282.1,2.162,34.34,9.41,-0.401,1.792,0.217,0.049,2.282,3.5
"2021-12-20 16:20:00",1727,-0.506,98,0,12.09,284.4,1.784,31.3,10.14,-0.632,1.787,0.217,0.049,2.281,3.18
"2021-12-20 16:30:00",1728,-0.894,98.9,0,6.191,293.5,0.665,94.7,26.84,-0.998,1.785,0.217,0.049,2.283,1.11
"2021-12-20 16:40:00",1729,-1.173,100,0,3.185,287.6,0.539,86.7,27.72,-1.501,1.781,0.217,0.049,2.283,1.21
"2021-12-20 16:50:00",1730,-1.479,100,0,1.383,281.6,0.364,81.2,30.39,-1.81,1.78,0.217,0.049,2.284,0.71
"2021-12-20 17:00:00",1731,-1.728,100,0,0.414,282.2,0.307,0,0,-2.149,1.786,0.217,0.049,2.285,0.77
"2021-12-20 17:10:00",1732,-1.712,100,0,0,283.1,0.495,61.9,18.36,-2.114,1.789,0.217,0.049,2.281,0.99
"2021-12-20 17:20:00",1733,-1.479,100,0,0,283.9,0.702,28.72,14.48,-2.427,1.793,0.217,0.049,2.282,1.31
"2021-12-20 17:30:00",1734,-1.471,100,0,0,284.8,0.572,25.7,18.96,-2.564,1.798,0.217,0.049,2.281,1.05
"2021-12-20 17:40:00",1735,-1.873,100,0,0,284.8,0.272,0,0,-2.41,1.798,0.217,0.049,2.286,0.54
"2021-12-20 17:50:00",1736,-2.255,100,0,0,285,0.153,120.3,64.61,-2.54,1.8,0.217,0.049,2.282,0.34
"2021-12-20 18:00:00",1737,-2.422,100,0,0,285.8,0.365,349.8,76.36,-2.667,1.803,0.217,0.049,2.281,0.78
"2021-12-20 18:10:00",1738,-2.044,100,0,0,286.9,0.723,12.56,20.97,-2.536,1.803,0.217,0.049,2.282,1.51
"2021-12-20 18:20:00",1739,-2.193,100,0,0,287.5,0.556,33.05,20.65,-2.711,1.798,0.217,0.049,2.284,0.87
"2021-12-20 18:30:00",1740,-2.42,100,0,0,287.9,0.5,42.06,30.26,-2.816,1.796,0.217,0.049,2.282,0.72
"2021-12-20 18:40:00",1741,-2.385,100,0,0,288.2,0.481,96.9,47.31,-2.995,1.793,0.217,0.049,2.279,0.97
"2021-12-20 18:50:00",1742,-2.596,100,0,0,288.8,0.455,46.35,17.6,-2.984,1.786,0.217,0.049,2.277,1.04
"2021-12-20 19:00:00",1743,-2.587,100,0,0,289.2,0.707,45.01,14.36,-3.197,1.78,0.217,0.049,2.278,1.01
"2021-12-20 19:10:00",1744,-2.431,100,0,0,290,1.018,33.7,6.594,-3.669,1.772,0.217,0.049,2.276,1.27
"2021-12-20 19:20:00",1745,-2.592,100,0,0,290.2,0.686,39.51,20.12,-3.581,1.764,0.217,0.049,2.278,1.14
"2021-12-20 19:30:00",1746,-2.407,100,0,0,290.8,0.991,24.61,8.62,-3.727,1.759,0.217,0.049,2.27,1.33
"2021-12-20 19:40:00",1747,-2.435,100,0,0,291,0.846,27.23,10.03,-3.449,1.751,0.217,0.049,2.274,1.19
"2021-12-20 19:50:00",1748,-2.658,100,0,0,291.5,0.927,30.55,12.42,-3.728,1.74,0.217,0.049,2.274,1.35
"2021-12-20 20:00:00",1749,-2.921,100,0,0,291.6,0.909,37.35,9.49,-3.852,1.734,0.217,0.049,2.271,1.26
"2021-12-20 20:10:00",1750,-2.885,100,0,0,291.7,0.72,43.72,18.5,-3.713,1.722,0.217,0.049,2.27,1.39
"2021-12-20 20:20:00",1751,-2.984,100,0,0,292.2,0.58,40.65,24.72,-3.608,1.717,0.217,0.049,2.26,1.39
"2021-12-20 20:30:00",1752,-3.075,100,0,0,292.1,0.25,0,0,-3.446,1.71,0.217,0.049,2.265,0.74
"2021-12-20 20:40:00",1753,-3.057,100,0,0,292.3,0.306,0,0,-3.264,1.704,0.217,0.049,2.255,1.01
"2021-12-20 20:50:00",1754,-2.997,100,0,0,292.6,0.393,321.4,19.45,-3.312,1.694,0.217,0.049,2.252,0.89
"2021-12-20 21:00:00",1755,-3.077,100,0,0,293,0.583,337.8,16.66,-3.655,1.687,0.217,0.049,2.253,0.87
"2021-12-20 21:10:00",1756,-3.142,100,0,0,293,0.602,4.583,11.26,-3.606,1.68,0.217,0.049,2.25,0.83
"2021-12-20 21:20:00",1757,-3.129,100,0,0,293.2,0.988,336,6.857,-3.956,1.667,0.217,0.049,2.245,1.29
"2021-12-20 21:30:00",1758,-3.339,100,0,0,293,0.422,0,0,-3.953,1.657,0.217,0.049,2.235,1.07
"2021-12-20 21:40:00",1759,-3.402,100,0,0,293.3,0.603,0,0,-3.983,1.648,0.217,0.049,2.238,1.11
"2021-12-20 21:50:00",1760,-3.426,100,0,0,293.7,1.042,16.5,7.9,-4.469,1.639,0.217,0.049,2.233,1.5
"2021-12-20 22:00:00",1761,-3.646,100,0,0,293.7,1.162,11.17,9.15,-4.678,1.633,0.217,0.049,2.231,1.64
"2021-12-20 22:10:00",1762,-3.634,100,0,0,293.7,1.479,17.37,6.565,-4.796,1.62,0.217,0.049,2.221,2.24
"2021-12-20 22:20:00",1763,-3.527,100,0,0,293.8,1.675,14.7,5.33,-4.62,1.606,0.216,0.049,2.221,2.99
"2021-12-20 22:30:00",1764,-3.466,100,0,0,293.9,1.621,20.45,6.451,-4.361,1.592,0.216,0.049,2.218,2.25
"2021-12-20 22:40:00",1765,-3.546,100,0,0,294.1,1.565,23.85,8.24,-4.666,1.575,0.216,0.049,2.217,2.92
"2021-12-20 22:50:00",1766,-3.678,100,0,0,294.1,1.489,30.75,7.477,-4.798,1.558,0.216,0.049,2.21,1.85
"2021-12-20 23:00:00",1767,-3.597,100,0,0,294.2,1.511,40.04,11.47,-4.342,1.544,0.216,0.049,2.202,3.01
"2021-12-20 23:10:00",1768,-3.621,100,0,0,294.1,1.006,52.15,20.08,-4.25,1.526,0.216,0.049,2.198,1.83
"2021-12-20 23:20:00",1769,-3.37,99.8,0,0,294.4,1.995,37.54,8.58,-4.005,1.513,0.216,0.049,2.199,3.77
"2021-12-20 23:30:00",1770,-3.442,98.8,0,0,294.4,1.659,47.12,11.44,-3.899,1.501,0.216,0.049,2.198,2.58
"2021-12-20 23:40:00",1771,-3.592,99.1,0,0,294.4,1.777,40.37,8.06,-4.26,1.489,0.216,0.049,2.187,2.8
"2021-12-20 23:50:00",1772,-3.616,99,0,0,294.4,1.869,47.32,8.64,-4.228,1.471,0.216,0.049,2.184,2.98
"2021-12-21 00:00:00",1773,-3.645,98.9,0,0,294.4,1.933,44.6,9.45,-4.189,1.457,0.216,0.049,2.176,3.21
"2021-12-21 00:10:00",1774,-3.717,98.6,0,0,294.4,1.808,45.54,8.61,-4.301,1.441,0.216,0.049,2.174,3.05
"2021-12-21 00:20:00",1775,-3.829,98.8,0,0,294.4,1.88,47.65,7.697,-4.442,1.425,0.216,0.049,2.161,3.2
"2021-12-21 00:30:00",1776,-3.93,99.1,0,0,294.4,1.939,47.57,10.73,-4.515,1.412,0.216,0.049,2.162,2.85
"2021-12-21 00:40:00",1777,-4.003,99,0,0,294.4,1.935,43.32,9.15,-4.548,1.396,0.216,0.049,2.157,2.61
"2021-12-21 00:50:00",1778,-4.15,98.9,0,0,294.4,1.827,47.64,9.9,-4.613,1.381,0.216,0.049,2.15,3.11
"2021-12-21 01:00:00",1779,-4.18,99.3,0,0,294.4,1.641,49.95,11.02,-4.755,1.366,0.216,0.053,2.146,2.78
"2021-12-21 01:10:00",1780,-4.315,99.5,0,0,294.4,1.568,40.17,8.56,-5.211,1.351,0.216,0.049,2.136,2.6
"2021-12-21 01:20:00",1781,-4.332,99.4,0,0,294.4,1.586,53.58,10.65,-4.985,1.339,0.216,0.049,2.13,2.78
"2021-12-21 01:30:00",1782,-4.479,99.7,0,0,294.4,1.722,42.44,9.47,-5.235,1.325,0.216,0.049,2.127,3.25
"2021-12-21 01:40:00",1783,-4.396,99.4,0,0,294.4,2.074,35.69,9.32,-4.911,1.312,0.216,0.049,2.114,3.79
"2021-12-21 01:50:00",1784,-4.42,99.4,0,0,294.4,1.782,39.33,12.29,-4.793,1.297,0.216,0.049,2.11,3.5
"2021-12-21 02:00:00",1785,-4.413,99.3,0,0,294.4,1.862,31.99,11.09,-4.841,1.284,0.216,0.049,2.104,2.94
"2021-12-21 02:10:00",1786,-4.481,99.2,0,0,294.4,1.687,34.32,10.93,-4.952,1.27,0.216,0.049,2.094,3.38
"2021-12-21 02:20:00",1787,-4.493,99.5,0,0,294.4,1.789,45.61,11.27,-5.04,1.258,0.216,0.049,2.089,3.25
"2021-12-21 02:30:00",1788,-4.478,99.6,0,0,294.4,2.07,42.93,9.86,-5.068,1.244,0.216,0.049,2.083,3.84
"2021-12-21 02:40:00",1789,-4.438,99.3,0,0,294.4,1.791,46.92,10.21,-4.84,1.231,0.216,0.049,2.072,3.43
"2021-12-21 02:50:00",1790,-4.469,99.4,0,0,294.3,1.573,44.58,7.743,-5.031,1.216,0.216,0.049,2.064,2.47
"2021-12-21 03:00:00",1791,-4.599,99.5,0,0,294.1,0.939,50.48,19.81,-5.189,1.205,0.216,0.049,2.062,1.72
"2021-12-21 03:10:00",1792,-4.723,99.8,0,0,293.9,0.788,49.27,15.8,-5.415,1.194,0.216,0.049,2.064,1.38
"2021-12-21 03:20:00",1793,-4.881,99.9,0,0,293.8,0.667,52.31,19.23,-5.602,1.188,0.216,0.049,2.047,0.95
"2021-12-21 03:30:00",1794,-4.975,100,0,0,294,0.817,60.97,11.84,-5.59,1.179,0.216,0.049,2.049,1.22
"2021-12-21 03:40:00",1795,-4.979,100,0,0,294.3,0.969,54.89,9.37,-5.309,1.174,0.216,0.049,2.036,1.64
"2021-12-21 03:50:00",1796,-4.767,100,0,0,294.4,1.24,45.76,8.52,-4.817,1.168,0.216,0.049,2.031,1.64
"2021-12-21 04:00:00",1797,-4.712,100,0,0,294.4,1.059,51.01,10.46,-4.702,1.165,0.216,0.049,2.024,1.57
"2021-12-21 04:10:00",1798,-4.615,100,0,0,294.4,1.058,37.45,17.66,-4.576,1.157,0.216,0.049,2.013,2.08
"2021-12-21 04:20:00",1799,-4.432,100,0,0,294.4,1.156,38.04,12.08,-4.22,1.151,0.216,0.049,2.01,2.3
"2021-12-21 04:30:00",1800,-4.373,100,0,0,294.4,1.298,28.89,13.83,-4.159,1.146,0.216,0.049,2.004,1.96
"2021-12-21 04:40:00",1801,-4.341,100,0,0,294.4,1.438,25.26,8.36,-4.091,1.139,0.216,0.049,1.994,2.26
"2021-12-21 04:50:00",1802,-4.522,99.9,0,0,294.3,1.251,21.79,10.67,-4.516,1.13,0.216,0.049,1.992,1.86
"2021-12-21 05:00:00",1803,-4.823,100,0,0,294.2,1.42,2.082,5.725,-5.238,1.122,0.216,0.049,1.987,2.15
"2021-12-21 05:10:00",1804,-4.822,100,0,0,294.4,1.775,7.408,7.405,-4.717,1.115,0.216,0.049,1.979,2.37
"2021-12-21 05:20:00",1805,-4.533,100,0,0,294.4,2.128,11.39,7.543,-4.078,1.107,0.216,0.049,1.976,2.78
"2021-12-21 05:30:00",1806,-4.321,100,0,0,294.4,1.861,18.11,7.605,-3.801,1.097,0.216,0.049,1.97,2.6
"2021-12-21 05:40:00",1807,-4.22,100,0,0,294.4,1.643,15.17,9.7,-3.704,1.087,0.216,0.049,1.962,2.33
"2021-12-21 05:50:00",1808,-4.136,100,0,0,294.4,2.121,26.72,13.97,-3.559,1.077,0.216,0.049,1.962,2.82
"2021-12-21 06:00:00",1809,-4.188,100,0,0,294.4,2.306,16.98,16.86,-3.584,1.07,0.216,0.049,1.953,4.02
"2021-12-21 06:10:00",1810,-4.223,100,0,0,294.4,1.929,19.87,10.37,-3.63,1.058,0.216,0.049,1.945,3.02
"2021-12-21 06:20:00",1811,-4.176,100,0,0,294.4,2.605,33.51,11.28,-3.598,1.047,0.216,0.049,1.938,4.18
"2021-12-21 06:30:00",1812,-4.221,100,0,0,294.4,2.604,36.43,16,-3.601,1.038,0.216,0.049,1.937,4.12
"2021-12-21 06:40:00",1813,-4.3,100,0,0,294.4,3,42.65,12.63,-3.632,1.028,0.216,0.049,1.927,4.4
"2021-12-21 06:50:00",1814,-4.362,100,0,0,294.4,3.279,41.54,11.71,-3.68,1.016,0.216,0.049,1.924,4.74
"2021-12-21 07:00:00",1815,-4.439,100,0,0,294.4,2.747,51.78,16.72,-3.748,1.008,0.216,0.049,1.918,3.82
"2021-12-21 07:10:00",1816,-4.566,100,0,0,294.4,2.786,61.37,14.61,-3.865,0.996,0.216,0.049,1.915,4.77
"2021-12-21 07:20:00",1817,-4.637,100,0,0,294.4,3.043,57.79,12.47,-3.914,0.988,0.216,0.049,1.903,4.68
"2021-12-21 07:30:00",1818,-4.709,100,0,0,294.4,2.711,54.05,13.42,-3.954,0.981,0.216,0.049,1.907,4.47
"2021-12-21 07:40:00",1819,-4.761,100,0,0,294.4,3.202,40.78,15.04,-3.974,0.973,0.216,0.049,1.901,5.14
"2021-12-21 07:50:00",1820,-4.884,100,0,0.19,294.4,3.68,47.56,16.93,-4.07,0.963,0.216,0.049,1.893,5.86
"2021-12-21 08:00:00",1821,-4.86,100,0,0.661,294.4,2.816,55.05,19.47,-4.106,0.958,0.216,0.049,1.887,4.72
"2021-12-21 08:10:00",1822,-4.758,100,0,1.445,294.4,2.282,58,10.91,-4.025,0.946,0.216,0.049,1.883,3.18
"2021-12-21 08:20:00",1823,-4.756,100,0,2.855,294.4,2.961,45.67,15.8,-3.983,0.94,0.216,0.049,1.878,4.89
"2021-12-21 08:30:00",1824,-4.746,100,0,6.819,294.4,2.688,46.46,10.31,-3.951,0.934,0.216,0.049,1.872,4.64
"2021-12-21 08:40:00",1825,-4.754,100,0,11.44,294.4,2.83,62.56,15.64,-3.976,0.927,0.216,0.049,1.863,4.63
"2021-12-21 08:50:00",1826,-4.601,100,0,13.26,294.4,2.312,45.12,17.05,-3.812,0.921,0.216,0.049,1.86,3.79
"2021-12-21 09:00:00",1827,-4.583,100,0,18.43,294.4,2.857,43.09,16.75,-3.741,0.916,0.216,0.049,1.857,4.49
"2021-12-21 09:10:00",1828,-4.593,100,0,19.51,294.4,2.546,34.35,10.37,-3.726,0.909,0.216,0.049,1.85,3.79
"2021-12-21 09:20:00",1829,-4.596,100,0,31.4,294.4,2.898,39.07,10.78,-3.715,0.903,0.216,0.049,1.845,4.11
"2021-12-21 09:30:00",1830,-4.516,100,0,37.32,294.4,2.34,53.73,17.81,-3.639,0.898,0.216,0.049,1.845,3.31
"2021-12-21 09:40:00",1831,-4.473,100,0,33.31,294.4,2.51,34.71,10.8,-3.562,0.89,0.216,0.049,1.831,3.67
"2021-12-21 09:50:00",1832,-4.483,100,0,40.89,294.3,2.943,41.23,13.56,-3.55,0.885,0.216,0.048,1.833,4.94
"2021-12-21 10:00:00",1833,-4.443,100,0,43.07,294.2,2.466,50.4,26.08,-3.509,0.884,0.216,0.048,1.827,3.51
"2021-12-21 10:10:00",1834,-4.353,100,0,42.09,294.1,2.236,38.35,15.99,-3.399,0.88,0.216,0.048,1.821,3.64
"2021-12-21 10:20:00",1835,-4.302,100,0,54.81,294.1,2.46,40.02,16.1,-3.32,0.876,0.216,0.048,1.821,3.84
"2021-12-21 10:30:00",1836,-4.183,100,0,60.46,293.8,2.778,29.64,13.06,-3.188,0.871,0.216,0.048,1.815,4.08
"2021-12-21 10:40:00",1837,-4.218,100,0,61.09,293.7,2.348,28.63,10.36,-3.201,0.867,0.216,0.048,1.812,3.88
"2021-12-21 10:50:00",1838,-4.136,100,0,66.67,293.7,2.273,34.58,13.44,-3.112,0.863,0.215,0.048,1.803,3.43
"2021-12-21 11:00:00",1839,-4.122,99.9,0,65.22,293.7,2.53,47.42,13.99,-3.081,0.862,0.215,0.048,1.801,3.9
"2021-12-21 11:10:00",1840,-4.09,99.6,0,74.15,293.7,2.522,41.52,13.82,-3.054,0.857,0.215,0.048,1.798,4.56
"2021-12-21 11:20:00",1841,-3.915,99.2,0,78.2,293.7,2.247,48.53,16.12,-2.878,0.854,0.215,0.049,1.795,3.79
"2021-12-21 11:30:00",1842,-3.912,98.8,0,92.2,293.7,2.717,46.41,17.3,-2.822,0.851,0.215,0.048,1.79,4.29
"2021-12-21 11:40:00",1843,-3.828,98.8,0,87.5,293.6,2.42,38.65,23.49,-2.73,0.849,0.215,0.048,1.783,3.74
"2021-12-21 11:50:00",1844,-3.855,98.8,0,80.5,293.3,3.162,19.6,10.17,-2.767,0.846,0.215,0.048,1.784,4.26
"2021-12-21 12:00:00",1845,-3.9,98.8,0,87,293.1,2.875,33.55,13.99,-2.791,0.846,0.215,0.048,1.782,4.16
"2021-12-21 12:10:00",1846,-3.996,98.4,0,107.7,293,2.547,52.43,19.3,-2.893,0.844,0.215,0.048,1.773,4.7
"2021-12-21 12:20:00",1847,-3.802,98.6,0,91.8,293,2.827,25.78,13.38,-2.697,0.843,0.215,0.048,1.773,4.44
"2021-12-21 12:30:00",1848,-3.853,97.7,0,98.2,293,2.719,41.94,20.25,-2.751,0.84,0.215,0.048,1.768,4.37
"2021-12-21 12:40:00",1849,-3.863,97.5,0,93.6,293,2.476,58.38,18.35,-2.841,0.837,0.215,0.048,1.761,3.56
"2021-12-21 12:50:00",1850,-3.683,97.3,0,144.2,293,1.496,61.91,17.94,-2.637,0.834,0.215,0.048,1.76,3.46
"2021-12-21 13:00:00",1851,-3.64,96.6,0,136,292.4,1.888,57.89,17.62,-2.46,0.835,0.215,0.048,1.76,4.22
"2021-12-21 13:10:00",1852,-3.546,97.3,0,111.8,292.3,1.512,41.24,18.82,-2.457,0.834,0.215,0.048,1.753,3.16
"2021-12-21 13:20:00",1853,-3.514,96.4,0,238.9,292.4,2.78,55.32,14.91,-2.171,0.833,0.215,0.048,1.754,4.12
"2021-12-21 13:30:00",1854,-3.491,96.1,0,170.7,291.8,2.278,67.58,14.76,-2.219,0.833,0.215,0.048,1.755,3.93
"2021-12-21 13:40:00",1855,-3.549,95.9,0,138.1,291.6,2.029,59.58,16.42,-2.33,0.834,0.215,0.048,1.743,3.55
"2021-12-21 13:50:00",1856,-3.461,95.5,0,123.7,291.5,2.557,58.41,14.93,-2.277,0.836,0.215,0.048,1.743,4.12
"2021-12-21 14:00:00",1857,-3.617,95.3,0,109.9,291,2.409,57.94,14.53,-2.55,0.838,0.215,0.048,1.74,4.1
"2021-12-21 14:10:00",1858,-3.578,95.3,0,119.2,290.9,2.182,52.69,14.02,-2.521,0.838,0.215,0.048,1.74,3.03
"2021-12-21 14:20:00",1859,-3.45,95.6,0,95.2,291,2.217,50.25,15.19,-2.395,0.839,0.215,0.048,1.736,3.09
"2021-12-21 14:30:00",1860,-3.329,96.4,0,74.73,290.9,2.64,27.83,14.33,-2.331,0.841,0.215,0.048,1.73,4.31
"2021-12-21 14:40:00",1861,-3.34,96.1,0,60.06,290.3,"NAN",0,0,-2.398,0.839,0.215,0.048,1.73,"NAN"
"2021-12-21 14:50:00",1862,-3.407,96,0,50.31,290.3,3.468,16.9,10.41,-2.475,0.839,0.215,0.048,1.729,4.65
"2021-12-21 15:00:00",1863,-3.421,95.1,0,44.13,290.3,4.053,27.45,11.47,-2.549,0.84,0.215,0.048,1.721,5.14
"2021-12-21 15:10:00",1864,-3.577,94.8,0,44.64,289.7,3.56,38,17.45,-2.801,0.835,0.215,0.048,1.723,5.09
"2021-12-21 15:20:00",1865,-3.575,94.8,0,40.71,289.6,2.886,53.14,13.61,-2.79,0.83,0.215,0.048,1.725,4.89
"2021-12-21 15:30:00",1866,-3.516,94.8,0,29.72,289.6,2.343,62.14,11.82,-2.765,0.827,0.215,0.048,1.725,3.43
"2021-12-21 15:40:00",1867,-3.356,95.3,0,23.11,289.6,2.182,48.04,12.35,-2.66,0.824,0.215,0.048,1.718,3.14
"2021-12-21 15:50:00",1868,-3.357,95,0,16.68,289.1,2.502,58.99,11.98,-2.678,0.821,0.215,0.048,1.71,4.06
"2021-12-21 16:00:00",1869,-3.36,94,0,14.41,288.9,3.316,50.11,12.12,-2.724,0.823,0.215,0.048,1.713,5.12
"2021-12-21 16:10:00",1870,-3.349,94.1,0,8.81,288.9,2.713,47.79,9.25,-2.762,0.821,0.215,0.048,1.711,4.13
"2021-12-21 16:20:00",1871,-3.297,94.5,0,5.582,288.3,3.341,35.82,18.51,-2.721,0.82,0.215,0.048,1.707,5.66
"2021-12-21 16:30:00",1872,-3.401,94.5,0,2.475,288.2,3.546,33.51,16.25,-2.832,0.819,0.215,0.048,1.705,5.72
"2021-12-21 16:40:00",1873,-3.4,94.5,0,1.383,287.6,3.354,37.54,18.56,-2.85,0.815,0.215,0.048,1.703,4.9
"2021-12-21 16:50:00",1874,-3.407,95,0,0.482,287.5,2.343,43.91,10.41,-2.871,0.805,0.215,0.048,1.705,4.42
"2021-12-21 17:00:00",1875,-3.502,93.5,0,0.112,286.9,3.722,30.26,15.14,-2.959,0.804,0.215,0.048,1.696,4.89
"2021-12-21 17:10:00",1876,-3.449,93.4,0,0,286.3,3.893,37.26,18.3,-2.916,0.8,0.215,0.048,1.692,5.31
"2021-12-21 17:20:00",1877,-3.518,92.7,0,0,285.7,3.126,61.25,14.29,-3.008,0.798,0.215,0.048,1.692,4.61
"2021-12-21 17:30:00",1878,-3.499,92.9,0,0,285.1,3.362,52,14.43,-2.992,0.793,0.215,0.048,1.694,6.39
"2021-12-21 17:40:00",1879,-3.489,93.1,0,0,284.4,2.648,58.44,16.58,-2.978,0.785,0.215,0.048,1.691,4.31
"2021-12-21 17:50:00",1880,-3.447,94.2,0,0,284.1,2.517,35.71,17.12,-2.924,0.782,0.215,0.048,1.689,4.14
"2021-12-21 18:00:00",1881,-3.472,95,0,0,283.5,3.7,26.23,14.52,-2.88,0.782,0.215,0.048,1.692,5.21
"2021-12-21 18:10:00",1882,-3.619,93.9,0,0,282.6,3.753,30.23,12.48,-3.027,0.776,0.215,0.048,1.686,5.17
"2021-12-21 18:20:00",1883,-3.606,94.4,0,0,282.1,2.624,28.86,14.47,-3.033,0.769,0.215,0.048,1.682,4.42
"2021-12-21 18:30:00",1884,-3.644,94,0,0,281.4,2.558,39.05,13.67,-3.069,0.765,0.215,0.048,1.676,3.69
"2021-12-21 18:40:00",1885,-3.636,94.2,0,0,280.9,2.699,45.3,15.56,-3.064,0.764,0.215,0.048,1.677,4.48
"2021-12-21 18:50:00",1886,-3.711,94.4,0,0,280.8,2.24,63.18,12.3,-3.147,0.76,0.215,0.048,1.674,3.36
"2021-12-21 19:00:00",1887,-3.783,94,0,0,280.3,2.794,59.1,12.59,-3.191,0.759,0.215,0.048,1.667,4.42
"2021-12-21 19:10:00",1888,-3.831,93.8,0,0,279.8,2.746,63.93,19.08,-3.244,0.754,0.215,0.048,1.669,4.36
"2021-12-21 19:20:00",1889,-3.911,93.2,0,0,279.4,2.725,63.52,23.29,-3.337,0.75,0.215,0.048,1.665,5.7
"2021-12-21 19:30:00",1890,-3.939,92.6,0,0,278.9,3.179,53.2,14.98,-3.373,0.75,0.215,0.048,1.665,5.59
"2021-12-21 19:40:00",1891,-3.847,92.6,0,0,278.6,2.592,57.36,15.04,-3.323,0.747,0.215,0.048,1.652,4.3
"2021-12-21 19:50:00",1892,-3.75,93,0,0,278.1,2.594,61.33,13.08,-3.243,0.744,0.215,0.048,1.653,3.67
"2021-12-21 20:00:00",1893,-3.681,93.4,0,0,278,2.084,55.19,18.06,-3.182,0.744,0.215,0.048,1.647,3.66
"2021-12-21 20:10:00",1894,-3.631,93.3,0,0,278,2.731,56.64,15.27,-3.122,0.743,0.215,0.048,1.655,5.5
"2021-12-21 20:20:00",1895,-3.598,92.9,0,0,277.7,2.127,59.13,20.35,-3.109,0.741,0.215,0.048,1.648,5.35
"2021-12-21 20:30:00",1896,-3.573,91.3,0,0,277.4,2.862,59.15,19.57,-3.094,0.74,0.215,0.048,1.641,4.74
"2021-12-21 20:40:00",1897,-3.594,90.7,0,0,277,3.224,60.27,18.24,-3.131,0.738,0.215,0.048,1.64,5.54
"2021-12-21 20:50:00",1898,-3.57,91.1,0,0,276.7,2.908,54.38,14.42,-3.108,0.735,0.215,0.048,1.637,5.16
"2021-12-21 21:00:00",1899,-3.564,91.2,0,0,276.7,2.376,55.17,15.21,-3.104,0.733,0.215,0.048,1.639,4.32
"2021-12-21 21:10:00",1900,-3.581,91.7,0,0,276.7,1.493,76.55,24.05,-3.129,0.731,0.215,0.048,1.637,2.74
"2021-12-21 21:20:00",1901,-3.603,90.9,0,0,276.7,1.699,92.5,21.5,-3.138,0.727,0.215,0.048,1.637,2.68
"2021-12-21 21:30:00",1902,-3.636,90.8,0,0,276.7,1.797,93.4,22.45,-3.156,0.728,0.215,0.048,1.626,2.98
"2021-12-21 21:40:00",1903,-3.649,90.8,0,0,276.7,1.322,75.3,25.46,-3.189,0.728,0.215,0.048,1.625,3.49
"2021-12-21 21:50:00",1904,-3.677,91.5,0,0,276.7,0.991,70.38,26.99,-3.244,0.726,0.215,0.048,1.627,1.99
"2021-12-21 22:00:00",1905,-3.728,91.2,0,0,276.7,1.089,71.85,18.04,-3.292,0.729,0.215,0.048,1.619,2.04
"2021-12-21 22:10:00",1906,-3.762,90.8,0,0,276.7,1.252,85.6,27.01,-3.303,0.728,0.215,0.048,1.625,2.24
"2021-12-21 22:20:00",1907,-3.802,90.8,0,0,276.7,1.314,83.9,21.41,-3.364,0.729,0.215,0.048,1.616,2.46
"2021-12-21 22:30:00",1908,-3.858,90.6,0,0,276.7,1.57,107.7,21.33,-3.435,0.73,0.215,0.048,1.62,3.12
"2021-12-21 22:40:00",1909,-3.947,90.2,0,0,276.7,1.281,83.3,25.27,-3.677,0.733,0.215,0.048,1.615,2.16
"2021-12-21 22:50:00",1910,-4.084,90.6,0,0,277,0.823,116.4,31.65,-3.937,0.73,0.215,0.048,1.612,1.35
"2021-12-21 23:00:00",1911,-4.192,90.8,0,0,277.4,0.708,104.8,26.22,-4.099,0.731,0.215,0.048,1.609,1.86
"2021-12-21 23:10:00",1912,-4.233,90.4,0,0,277.3,0.656,99.3,30.3,-4.167,0.731,0.214,0.048,1.6,1.16
"2021-12-21 23:20:00",1913,-4.223,91.4,0,0,276.9,0.805,90,48.14,-4.056,0.733,0.214,0.048,1.613,1.54
"2021-12-21 23:30:00",1914,-4.261,91.5,0,0,276.7,0.946,56.35,31.91,-4.053,0.735,0.214,0.048,1.604,1.65
"2021-12-21 23:40:00",1915,-4.259,92.2,0,0,277,0.73,107.1,19.96,-3.989,0.736,0.214,0.048,1.597,1.06
"2021-12-21 23:50:00",1916,-4.297,91.8,0,0,276.7,1.04,75.39,18.85,-3.913,0.733,0.214,0.048,1.601,2.33
"2021-12-22 00:00:00",1917,-4.399,91.3,0,0,276.7,2.006,47.87,31.56,-3.869,0.736,0.214,0.048,1.598,4.59
"2021-12-22 00:10:00",1918,-4.472,91.3,0,0,276.7,1.599,45.15,18.1,-3.932,0.736,0.214,0.048,1.596,2.81
"2021-12-22 00:20:00",1919,-4.54,91.7,0,0,276.7,2.073,10.62,11.36,-3.955,0.733,0.214,0.048,1.591,3.63
"2021-12-22 00:30:00",1920,-4.537,92,0,0,276.7,1.753,43.49,16.81,-3.966,0.732,0.214,0.048,1.592,2.71
"2021-12-22 00:40:00",1921,-4.659,91.8,0,0,276.7,1.835,38.59,18.89,-4.073,0.731,0.214,0.048,1.588,3.9
"2021-12-22 00:50:00",1922,-4.703,91.7,0,0,276.7,1.628,65.88,30.05,-4.133,0.728,0.214,0.048,1.587,2.64
"2021-12-22 01:00:00",1923,-4.738,91.1,0,0,276.7,1.177,94.2,33.61,-4.157,0.726,0.214,0.048,1.589,2.45
"2021-12-22 01:10:00",1924,-4.839,91.3,0,0,276.7,0.855,53.72,32.84,-4.274,0.722,0.214,0.048,1.582,2.51
"2021-12-22 01:20:00",1925,-4.875,91.6,0,0,276.7,1.853,48.73,12.75,-4.344,0.72,0.214,0.048,1.583,3.23
"2021-12-22 01:30:00",1926,-4.858,91.2,0,0,276.7,0.723,43.65,29.18,-4.401,0.717,0.214,0.048,1.583,1.39
"2021-12-22 01:40:00",1927,-4.918,91.8,0,0,276.8,0.49,77.39,31.21,-4.509,0.714,0.214,0.048,1.578,1.09
"2021-12-22 01:50:00",1928,-4.83,91.4,0,0,276.7,1.266,122.8,15.48,-4.472,0.712,0.214,0.048,1.58,2.59
"2021-12-22 02:00:00",1929,-4.826,91.8,0,0,276.7,1.028,57.51,37.71,-4.429,0.713,0.214,0.048,1.577,1.64
"2021-12-22 02:10:00",1930,-4.822,92,0,0,276.7,2.143,30.95,19.7,-4.363,0.711,0.214,0.048,1.575,4.02
"2021-12-22 02:20:00",1931,-4.824,91.6,0,0,276.7,1.724,37.76,21.19,-4.271,0.71,0.214,0.048,1.573,3.57
"2021-12-22 02:30:00",1932,-4.748,92.1,0,0,276.7,1.958,41.76,18.94,-4.172,0.708,0.214,0.048,1.57,3.58
"2021-12-22 02:40:00",1933,-4.755,91.7,0,0,276.7,1.498,50.49,25.83,-4.178,0.704,0.214,0.048,1.567,2.8
"2021-12-22 02:50:00",1934,-4.775,92.1,0,0,276.7,2.174,47.36,15.36,-4.198,0.699,0.214,0.048,1.564,3.21
"2021-12-22 03:00:00",1935,-4.823,91.7,0,0,276.7,1.676,53.94,23.59,-4.234,0.696,0.214,0.048,1.565,2.79
"2021-12-22 03:10:00",1936,-4.803,92.1,0,0,276.7,2.275,40.92,15.13,-4.197,0.693,0.214,0.048,1.564,3.51
"2021-12-22 03:20:00",1937,-4.839,91.9,0,0,276.7,2.284,37.6,12.63,-4.225,0.69,0.214,0.048,1.566,3.8
"2021-12-22 03:30:00",1938,-4.888,91.6,0,0,276.7,1.95,71.35,28.07,-4.26,0.686,0.214,0.048,1.558,4.09
"2021-12-22 03:40:00",1939,-4.874,92,0,0,276.7,1.469,64.25,28.25,-4.279,0.685,0.214,0.048,1.557,3.34
"2021-12-22 03:50:00",1940,-4.941,91.9,0,0,276.7,2.088,50.34,18.9,-4.299,0.68,0.214,0.048,1.553,3.09
"2021-12-22 04:00:00",1941,-5.016,91.8,0,0,276.7,2.012,50.36,19.04,-4.374,0.676,0.214,0.048,1.552,3.25
"2021-12-22 04:10:00",1942,-5.067,91.8,0,0,276.7,2.351,55.08,19.25,-4.419,0.674,0.214,0.048,1.547,4.45
"2021-12-22 04:20:00",1943,-5.143,91.6,0,0,276.7,3.08,41.38,12.62,-4.464,0.672,0.214,0.048,1.546,4.33
"2021-12-22 04:30:00",1944,-5.156,91.4,0,0,276.7,2.37,65.91,31.22,-4.505,0.667,0.214,0.048,1.547,3.76
"2021-12-22 04:40:00",1945,-5.205,91.6,0,0,276.7,1.733,61.58,24.58,-4.564,0.663,0.214,0.048,1.543,3.37
"2021-12-22 04:50:00",1946,-5.241,91.8,0,0,276.7,2.264,55.65,15.26,-4.627,0.657,0.214,0.048,1.543,4.19
"2021-12-22 05:00:00",1947,-5.269,91.4,0,0,276.7,2.286,69.73,21.97,-4.654,0.655,0.214,0.048,1.54,4.48
"2021-12-22 05:10:00",1948,-5.236,91.8,0,0,276.7,1.612,70.28,18.49,-4.661,0.653,0.214,0.048,1.539,3.53
"2021-12-22 05:20:00",1949,-5.306,91.5,0,0,276.7,2.09,82.2,20.23,-4.728,0.653,0.214,0.048,1.535,3.68
"2021-12-22 05:30:00",1950,-5.336,91.5,0,0,276.7,1.643,63.8,19.18,-4.763,0.653,0.214,0.048,1.533,2.72
"2021-12-22 05:40:00",1951,-5.41,91.9,0,0,276.7,2.09,64.32,29.98,-4.843,0.65,0.214,0.048,1.527,3.29
"2021-12-22 05:50:00",1952,-5.523,92.2,0,0,276.7,2.529,57.03,11.88,-4.95,0.646,0.214,0.048,1.531,4.98
"2021-12-22 06:00:00",1953,-5.684,92.2,0,0,276.7,1.569,81.8,19.63,-5.224,0.644,0.214,0.048,1.531,2.77
"2021-12-22 06:10:00",1954,-5.655,92.2,0,0,276.7,2.308,61.26,15.5,-5.168,0.639,0.214,0.048,1.522,4.69
"2021-12-22 06:20:00",1955,-5.621,92.6,0,0,276.7,1.637,66.55,19.51,-5.163,0.636,0.214,0.048,1.523,2.94
"2021-12-22 06:30:00",1956,-5.63,93.2,0,0,276.7,1.937,56.37,13.13,-5.187,0.635,0.214,0.048,1.525,3.27
"2021-12-22 06:40:00",1957,-5.622,93,0,0,276.7,1.633,94.8,27.62,-5.132,0.634,0.214,0.048,1.517,3.51
"2021-12-22 06:50:00",1958,-5.659,93,0,0,276.7,1.404,98,30.91,-5.139,0.628,0.214,0.048,1.516,2.51
"2021-12-22 07:00:00",1959,-5.687,93.4,0,0,276.7,1.253,98.2,21.15,-5.165,0.627,0.214,0.048,1.509,2.33
"2021-12-22 07:10:00",1960,-5.723,93.5,0,0,276.8,1.474,51.57,16.95,-5.196,0.626,0.214,0.048,1.509,2.92
"2021-12-22 07:20:00",1961,-5.76,93.7,0,0,277,1.811,56.73,12.92,-5.255,0.625,0.214,0.048,1.506,3.15
"2021-12-22 07:30:00",1962,-5.86,93.7,0,0,277.4,1.776,61.21,18.17,-5.501,0.622,0.214,0.048,1.504,3.45
"2021-12-22 07:40:00",1963,-5.899,93.6,0,0,277.4,2.089,63.27,14.64,-5.589,0.621,0.214,0.048,1.502,3.71
"2021-12-22 07:50:00",1964,-5.975,94.2,0,0.465,277.4,1.304,69.1,26.33,-5.729,0.618,0.214,0.048,1.502,2.41
"2021-12-22 08:00:00",1965,-6.006,94.2,0,1.456,277.5,0.911,84.8,21.94,-5.87,0.615,0.214,0.048,1.5,1.43
"2021-12-22 08:10:00",1966,-6.091,94.7,0,3.332,278,1.111,88.7,17.65,-6.089,0.613,0.214,0.048,1.493,1.75
"2021-12-22 08:20:00",1967,-6.226,95.4,0,7.102,278.1,0.899,132.1,29.17,-6.205,0.612,0.214,0.048,1.496,1.78
"2021-12-22 08:30:00",1968,-6.296,95.8,0,13.53,278.6,0.769,147.6,12.61,-6.261,0.608,0.214,0.048,1.489,1.6
"2021-12-22 08:40:00",1969,-6.546,96.7,0,21.34,278.8,0.587,179.3,31.93,-6.433,0.605,0.214,0.048,1.49,1.24
"2021-12-22 08:50:00",1970,-6.561,97.1,0,32.86,279,0.347,182.2,48.49,-6.457,0.602,0.214,0.048,1.486,0.8
"2021-12-22 09:00:00",1971,-6.577,97.2,0,40.95,279.4,0.501,171.2,36.47,-6.368,0.602,0.214,0.048,1.49,0.89
"2021-12-22 09:10:00",1972,-6.451,97.2,0,52.08,279.4,0.239,0,0,-6.221,0.599,0.214,0.047,1.486,0.74
"2021-12-22 09:20:00",1973,-6.363,96.8,0,57.62,279.9,0.441,0,0,-6.075,0.595,0.214,0.048,1.476,0.98
"2021-12-22 09:30:00",1974,-6.166,96.9,0,65.88,280.1,0.489,0,0,-5.608,0.593,0.214,0.048,1.481,1.05
"2021-12-22 09:40:00",1975,-5.967,96.6,0,78.62,280.8,0.195,0,0,-5.364,0.588,0.214,0.048,1.477,0.6
"2021-12-22 09:50:00",1976,-5.54,95.7,0,85.2,280.2,0.192,0,0,-4.893,0.585,0.214,0.048,1.478,0.39
"2021-12-22 10:00:00",1977,-5.514,94.3,0,76.79,280.3,0.652,62.03,35.03,-4.816,0.587,0.214,0.048,1.47,1.67
"2021-12-22 10:10:00",1978,-5.755,94.7,0,89.1,280.8,1.258,55.95,18.9,-5.049,0.584,0.214,0.047,1.474,2.35
"2021-12-22 10:20:00",1979,-5.743,95.3,0,105.9,280.8,1.817,55.78,15.84,-4.991,0.584,0.214,0.047,1.465,2.91
"2021-12-22 10:30:00",1980,-5.307,94.3,0,220,280.1,1.279,54.16,19.46,-4.342,0.582,0.214,0.047,1.47,2.16
"2021-12-22 10:40:00",1981,-4.364,91.6,0,313.2,278.3,1.361,41.04,21.33,-3.26,0.581,0.213,0.047,1.463,2.34
"2021-12-22 10:50:00",1982,-4.109,90,0,282.6,276.8,1.573,69.28,30.84,-2.777,0.578,0.213,0.047,1.461,3.33
"2021-12-22 11:00:00",1983,-4.204,89.8,0,270,275.9,1.681,99.4,25.44,-2.517,0.577,0.213,0.047,1.468,2.57
"2021-12-22 11:10:00",1984,-4.261,90,0,228.5,275.3,1.551,123.8,31.21,-1.869,0.573,0.213,0.047,1.453,2.64
"2021-12-22 11:20:00",1985,-4.513,91.2,0,139.9,276,1.249,103.1,25.32,-2.707,0.572,0.213,0.047,1.453,2.21
"2021-12-22 11:30:00",1986,-4.294,90.5,0,214.2,275.5,1.063,65.66,27.69,-2.923,0.57,0.213,0.048,1.457,2.15
"2021-12-22 11:40:00",1987,-4.207,90.4,0,275.9,275.3,1.512,52.08,9.97,-2.929,0.567,0.213,0.047,1.455,2.27
"2021-12-22 11:50:00",1988,-3.72,89.5,0,339.2,274.9,1.677,89.9,54.86,-2.156,0.567,0.213,0.047,1.446,2.91
"2021-12-22 12:00:00",1989,-3.097,87.1,0,300.5,274.5,1.311,82.9,50.17,-1.405,0.569,0.213,0.047,1.451,2.79
"2021-12-22 12:10:00",1990,-3.561,87.9,0,314.7,274.3,1.759,45.75,14.71,-2.13,0.567,0.213,0.047,1.445,2.76
"2021-12-22 12:20:00",1991,-3.487,88.3,0,318.7,274.1,1.489,67.58,31.76,-2.016,0.569,0.213,0.047,1.446,2.17
"2021-12-22 12:30:00",1992,-3.319,87.3,0,310.5,273.9,1.616,49.93,20.58,-1.73,0.565,0.213,0.047,1.443,2.7
"2021-12-22 12:40:00",1993,-3.268,88.6,0,282.5,273.9,1.156,109.5,63.68,-1.589,0.563,0.213,0.047,1.444,2.07
"2021-12-22 12:50:00",1994,-2.726,85.6,0,275.6,273.4,0.569,286.9,70.61,-1.029,0.566,0.213,0.047,1.445,1.28
"2021-12-22 13:00:00",1995,-2.85,87,0,293.2,273.1,1.03,233.2,16.82,-1.587,0.566,0.213,0.047,1.437,1.84
"2021-12-22 13:10:00",1996,-2.468,86.8,0,300,273,0.552,191.6,48.84,-0.954,0.566,0.213,0.047,1.438,1.28
"2021-12-22 13:20:00",1997,-1.799,82.8,0,295.5,272.3,0.444,0,0,0.275,0.568,0.213,0.047,1.442,1.08
"2021-12-22 13:30:00",1998,-1.921,83.5,0,287.7,272.4,0.681,198.7,43.46,-0.224,0.565,0.213,0.047,1.443,1.27
"2021-12-22 13:40:00",1999,-2.009,83.8,0,279.2,271.9,0.464,0,0,-0.341,0.566,0.213,0.047,1.441,1.07
"2021-12-22 13:50:00",2000,-2.543,85.4,0,261.4,272.1,1.066,279.4,26.5,-0.882,0.568,0.213,0.047,1.434,1.88
"2021-12-22 14:00:00",2001,-2.814,88,0,248.7,272.9,1.089,222.7,22.03,-1.184,0.567,0.213,0.047,1.437,1.97
"2021-12-22 14:10:00",2002,-2.687,87.3,0,244.1,272.7,1.014,244.7,18.03,-1.002,0.57,0.213,0.047,1.438,1.63
"2021-12-22 14:20:00",2003,-2.566,86.8,0,232.7,272.5,0.887,270.7,38.34,-1.051,0.572,0.213,0.047,1.435,2.15
"2021-12-22 14:30:00",2004,-2.569,86.1,0,215.5,272.5,1.148,313.3,22.07,-1.621,0.572,0.213,0.047,1.431,2.65
"2021-12-22 14:40:00",2005,-2.359,85.7,0,202,272.1,0.669,317.4,52.09,-1.632,0.574,0.213,0.047,1.43,1.56
"2021-12-22 14:50:00",2006,-2.387,86,0,183.1,271.9,0.487,356.2,38.45,-1.724,0.579,0.213,0.047,1.427,1.31
"2021-12-22 15:00:00",2007,-2.101,85,0,158.8,272.1,0.387,0,0,-1.463,0.58,0.213,0.047,1.434,0.96
"2021-12-22 15:10:00",2008,-1.625,84.3,0,133.9,272.8,0.333,182.7,52.92,-0.563,0.584,0.213,0.047,1.432,0.69
"2021-12-22 15:20:00",2009,-1.753,83.9,0,122.1,272.6,0.466,317.9,57.48,-0.82,0.587,0.213,0.047,1.427,1.29
"2021-12-22 15:30:00",2010,-2.327,86.3,0,90.7,273.5,0.76,284.2,35.28,-1.799,0.589,0.213,0.047,1.426,1.57
"2021-12-22 15:40:00",2011,-2.6,87.6,0,68.1,274.8,1.006,234.1,10.56,-1.857,0.591,0.213,0.047,1.428,1.44
"2021-12-22 15:50:00",2012,-2.87,89.5,0,49.93,275.9,0.681,267.1,36.95,-2.321,0.594,0.213,0.047,1.429,1.03
"2021-12-22 16:00:00",2013,-2.965,88.8,0,45.93,276.2,0.409,276.8,38.28,-2.646,0.593,0.213,0.047,1.425,0.82
"2021-12-22 16:10:00",2014,-3.066,89.6,0,33.85,276.8,0.593,232.1,26.69,-2.734,0.597,0.213,0.047,1.427,0.86
"2021-12-22 16:20:00",2015,-3.296,91.6,0,21.31,277.4,0.69,203.5,5.68,-2.855,0.6,0.213,0.047,1.422,0.9
"2021-12-22 16:30:00",2016,-3.658,93.2,0,12.21,277.7,0.341,0,0,-3.312,0.601,0.213,0.049,1.423,0.65
"2021-12-22 16:40:00",2017,-3.691,93,0,7.413,278,0.755,23.27,16.89,-3.963,0.603,0.213,0.047,1.419,1.11
"2021-12-22 16:50:00",2018,-3.969,92.6,0,2.755,278.2,0.369,355.6,41.28,-4.318,0.608,0.213,0.047,1.42,0.75
"2021-12-22 17:00:00",2019,-4.107,93.7,0,0.426,278.7,0.599,245,55.6,-4.277,0.611,0.213,0.047,1.419,1.34
"2021-12-22 17:10:00",2020,-4.291,94.8,0,0,279,0.945,197.7,8.23,-4.041,0.612,0.213,0.047,1.419,1.16
"2021-12-22 17:20:00",2021,-4.498,95.7,0,0,279.4,0.605,249.1,16.88,-4.441,0.615,0.213,0.047,1.418,0.84
"2021-12-22 17:30:00",2022,-4.549,96.5,0,0,280,0.938,230.8,6.072,-4.455,0.616,0.213,0.047,1.42,1.1
"2021-12-22 17:40:00",2023,-4.773,97.4,0,0,280.1,1.02,216.6,10.84,-4.39,0.617,0.213,0.047,1.42,1.22
"2021-12-22 17:50:00",2024,-4.922,98,0,0,280.7,0.607,212.2,12.3,-4.517,0.62,0.213,0.047,1.418,0.91
"2021-12-22 18:00:00",2025,-5.114,98.4,0,0,280.8,0.659,224.1,10.72,-4.815,0.622,0.213,0.047,1.415,1.08
"2021-12-22 18:10:00",2026,-5.256,98.4,0,0,281.3,0.671,189.6,32.25,-4.923,0.626,0.213,0.047,1.416,1.14
"2021-12-22 18:20:00",2027,-5.619,98.8,0,0,281.4,0.298,209.1,38.07,-5.281,0.629,0.213,0.047,1.418,0.45
"2021-12-22 18:30:00",2028,-5.776,99.2,0,0,281.6,0.371,108.1,24.95,-5.751,0.631,0.213,0.047,1.415,0.57
"2021-12-22 18:40:00",2029,-5.96,99.5,0,0,282.1,0.411,170.6,11.58,-5.904,0.631,0.213,0.047,1.414,0.73
"2021-12-22 18:50:00",2030,-6.026,99.8,0,0,282.1,0.586,176.6,5.571,-5.742,0.635,0.213,0.047,1.413,0.68
"2021-12-22 19:00:00",2031,-6.097,99.8,0,0,282.5,0.58,152.9,12.34,-5.809,0.637,0.213,0.047,1.411,0.74
"2021-12-22 19:10:00",2032,-6.336,99.7,0,0,282.7,0.386,187.7,11.81,-6.044,0.635,0.213,0.047,1.416,0.71
"2021-12-22 19:20:00",2033,-6.332,99.9,0,0,282.9,1.001,199.7,5.723,-5.962,0.636,0.213,0.047,1.41,1.26
"2021-12-22 19:30:00",2034,-6.313,99.5,0,0,283.5,0.976,225,6.737,-5.939,0.636,0.213,0.047,1.413,1.22
"2021-12-22 19:40:00",2035,-6.559,99.1,0,0,283.5,1.009,196.1,17.23,-6.11,0.637,0.213,0.047,1.418,1.33
"2021-12-22 19:50:00",2036,-6.935,99.2,0,0,283.6,0.485,214,14.8,-6.487,0.634,0.213,0.047,1.414,0.79
"2021-12-22 20:00:00",2037,-7.02,99.4,0,0,284.2,0.747,202.7,8.18,-6.656,0.634,0.213,0.047,1.409,0.96
"2021-12-22 20:10:00",2038,-7.318,99.3,0,0,284.2,0.69,180,7.4,-6.868,0.631,0.213,0.047,1.41,0.81
"2021-12-22 20:20:00",2039,-7.464,99.6,0,0,284.2,0.462,164.6,16.08,-7.272,0.63,0.213,0.047,1.406,0.84
"2021-12-22 20:30:00",2040,-7.74,99.7,0,0,284.9,0.56,193.5,10.8,-7.386,0.63,0.213,0.047,1.403,0.81
"2021-12-22 20:40:00",2041,-7.437,99.9,0,0,284.9,1.172,219.8,6.82,-7.043,0.627,0.213,0.047,1.404,1.53
"2021-12-22 20:50:00",2042,-7.472,99.2,0,0,284.9,0.694,181.2,23.35,-6.95,0.623,0.213,0.047,1.407,1.05
"2021-12-22 21:00:00",2043,-7.758,99.1,0,0,285.4,0.39,143.3,27.79,-7.401,0.621,0.213,0.047,1.405,0.62
"2021-12-22 21:10:00",2044,-7.829,99.2,0,0,285.6,0.773,166.2,13.16,-7.578,0.622,0.213,0.047,1.403,1.18
"2021-12-22 21:20:00",2045,-7.783,99.3,0,0,285.8,0.951,167.5,12.66,-7.354,0.618,0.213,0.047,1.4,1.24
"2021-12-22 21:30:00",2046,-7.564,99.5,0,0,286.2,0.985,163,24.48,-7.048,0.613,0.213,0.047,1.396,1.54
"2021-12-22 21:40:00",2047,-7.397,100,0,0,286.2,0.69,160.2,17.08,-6.789,0.609,0.212,0.047,1.402,0.95
"2021-12-22 21:50:00",2048,-7.423,100,0,0,286.3,0.884,188.1,31.04,-6.754,0.603,0.212,0.047,1.391,1.75
"2021-12-22 22:00:00",2049,-7.329,100,0,0,286.8,0.871,210.5,16.99,-6.645,0.601,0.212,0.047,1.392,1.45
"2021-12-22 22:10:00",2050,-7.246,100,0,0,286.9,0.88,213.3,18.66,-6.485,0.596,0.212,0.047,1.391,1.4
"2021-12-22 22:20:00",2051,-7.201,100,0,0,286.9,1.055,182.9,25.7,-6.379,0.594,0.212,0.047,1.392,1.97
"2021-12-22 22:30:00",2052,-7.199,100,0,0,286.9,0.705,221,27.65,-6.381,0.59,0.212,0.047,1.389,1.29
"2021-12-22 22:40:00",2053,-7.166,100,0,0,287.4,1.179,201.9,15.46,-6.362,0.585,0.212,0.047,1.387,2.01
"2021-12-22 22:50:00",2054,-7.132,100,0,0,287.6,1.35,200.5,21.96,-6.26,0.583,0.212,0.047,1.384,2.21
"2021-12-22 23:00:00",2055,-7.22,100,0,0,287.6,1.482,197.6,15.34,-6.307,0.582,0.212,0.047,1.387,1.94
"2021-12-22 23:10:00",2056,-7.095,100,0,0,287.6,1.597,201.8,22.14,-6.169,0.576,0.212,0.047,1.379,2.74
"2021-12-22 23:20:00",2057,-7.013,100,0,0,287.6,1.506,211.2,11.93,-6.06,0.573,0.212,0.047,1.381,2.42
"2021-12-22 23:30:00",2058,-6.824,100,0,0,287.9,1.28,190.9,34.72,-5.885,0.568,0.212,0.047,1.38,1.86
"2021-12-22 23:40:00",2059,-6.66,100,0,0,288.3,0.973,189.1,24.97,-5.716,0.564,0.212,0.047,1.38,1.75
"2021-12-22 23:50:00",2060,-6.553,100,0,0,288.3,0.987,181,31.99,-5.62,0.557,0.212,0.047,1.375,1.87
"2021-12-23 00:00:00",2061,-6.536,100,0,0,288.2,1.477,179.9,35.69,-5.54,0.556,0.212,0.047,1.377,3.42
"2021-12-23 00:10:00",2062,-6.577,100,0,0,288.2,1.714,177.8,23.24,-5.564,0.551,0.212,0.047,1.37,2.9
"2021-12-23 00:20:00",2063,-6.564,100,0,0,288.2,2.82,212.1,17.51,-5.491,0.548,0.212,0.047,1.365,3.95
"2021-12-23 00:30:00",2064,-6.551,100,0,0,288.2,2.746,221.4,11.06,-5.493,0.544,0.212,0.047,1.367,4.22
"2021-12-23 00:40:00",2065,-6.51,100,0,0,288.2,2.437,211.4,14.85,-5.455,0.54,0.212,0.047,1.367,3.55
"2021-12-23 00:50:00",2066,-6.499,100,0,0,288.2,1.718,195.4,22.44,-5.491,0.536,0.212,0.047,1.366,2.61
"2021-12-23 01:00:00",2067,-6.598,100,0,0,288.2,1.847,183.2,28.37,-5.594,0.53,0.212,0.047,1.361,4.08
"2021-12-23 01:10:00",2068,-6.733,100,0,0,288.3,2.82,212,15.28,-5.707,0.528,0.212,0.047,1.36,4.38
"2021-12-23 01:20:00",2069,-6.685,100,0,0,288.7,2.164,204.3,17.92,-5.693,0.523,0.212,0.047,1.358,3.74
"2021-12-23 01:30:00",2070,-6.603,100,0,0,288.9,2.442,209.2,12.85,-5.638,0.519,0.212,0.047,1.357,4.69
"2021-12-23 01:40:00",2071,-6.594,100,0,0,288.9,1.83,194.3,23.46,-5.648,0.516,0.212,0.047,1.354,3.93
"2021-12-23 01:50:00",2072,-6.463,100,0,0,288.9,2.228,212.1,16.33,-5.522,0.51,0.212,0.047,1.352,3.49
"2021-12-23 02:00:00",2073,-6.403,100,0,0,288.9,2.192,193.5,21.67,-5.465,0.507,0.212,0.047,1.353,4.2
"2021-12-23 02:10:00",2074,-6.229,100,0,0,288.9,1.862,194.8,26.34,-5.357,0.505,0.212,0.047,1.347,3.82
"2021-12-23 02:20:00",2075,-6.096,100,0,0,288.9,2.304,183.1,20.63,-5.191,0.503,0.212,0.047,1.346,4.88
"2021-12-23 02:30:00",2076,-5.891,100,0,0,288.9,1.73,194.4,31.85,-5.03,0.498,0.212,0.047,1.342,3.09
"2021-12-23 02:40:00",2077,-5.725,100,0,0,288.9,2.08,200,26.15,-4.843,0.495,0.212,0.047,1.343,2.93
"2021-12-23 02:50:00",2078,-5.59,100,0,0,288.9,1.907,188.2,22.79,-4.736,0.489,0.212,0.047,1.341,4.64
"2021-12-23 03:00:00",2079,-5.471,100,0,0,288.9,2.351,196.5,17.52,-4.598,0.487,0.212,0.047,1.337,3.4
"2021-12-23 03:10:00",2080,-5.321,100,0,0,288.9,2.74,202.1,18.99,-4.474,0.485,0.212,0.047,1.338,4.96
"2021-12-23 03:20:00",2081,-5.217,100,0,0,288.9,2.718,193.9,23.88,-4.418,0.479,0.212,0.047,1.335,5.49
"2021-12-23 03:30:00",2082,-5.138,100,0,0,289,2.172,194.5,25.7,-4.399,0.477,0.212,0.047,1.331,3.69
"2021-12-23 03:40:00",2083,-5.117,100,0,0,289.3,2.762,194.9,16.14,-4.39,0.474,0.212,0.047,1.334,5.68
"2021-12-23 03:50:00",2084,-5.135,99.8,0,0,289.6,2.472,191.6,16.86,-4.491,0.47,0.212,0.047,1.325,3.6
"2021-12-23 04:00:00",2085,-5.149,99.7,0,0,289.6,1.773,207.7,24.21,-4.531,0.466,0.212,0.047,1.326,3.82
"2021-12-23 04:10:00",2086,-5.16,99.7,0,0,289.6,1.945,207,17.61,-4.561,0.464,0.212,0.047,1.327,3.68
"2021-12-23 04:20:00",2087,-5.141,99.5,0,0,289.6,2.719,201.3,22.32,-4.571,0.463,0.212,0.047,1.319,5.13
"2021-12-23 04:30:00",2088,-5.191,99.5,0,0,289.6,2.189,206.9,23.5,-4.66,0.462,0.212,0.047,1.32,4.01
"2021-12-23 04:40:00",2089,-5.251,99.5,0,0,290,1.73,192.2,30.58,-4.753,0.459,0.212,0.047,1.315,3.34
"2021-12-23 04:50:00",2090,-5.297,99.5,0,0,290.3,1.584,231,24.94,-4.844,0.455,0.212,0.047,1.312,2.94
"2021-12-23 05:00:00",2091,-5.291,99.3,0,0,290.3,2.173,195.6,27,-4.703,0.455,0.212,0.047,1.318,4.51
"2021-12-23 05:10:00",2092,-5.321,99.5,0,0,290.3,2.122,208.2,24.14,-4.668,0.452,0.212,0.047,1.311,3.85
"2021-12-23 05:20:00",2093,-5.264,99.4,0,0,290.3,2.361,209.5,19.67,-4.64,0.448,0.212,0.047,1.311,5.32
"2021-12-23 05:30:00",2094,-5.251,99,0,0,290.3,1.832,199.4,22.28,-4.673,0.449,0.212,0.047,1.308,3.79
"2021-12-23 05:40:00",2095,-5.248,98.8,0,0,290.3,1.77,202.6,39.5,-4.787,0.449,0.212,0.047,1.303,3.98
"2021-12-23 05:50:00",2096,-5.139,98.2,0,0,290.6,2.217,201.5,21.82,-4.68,0.445,0.212,0.047,1.301,4.12
"2021-12-23 06:00:00",2097,-5.2,98,0,0,290.7,1.167,204.1,43.08,-4.874,0.443,0.212,0.047,1.305,2.61
"2021-12-23 06:10:00",2098,-5.184,98,0,0,291,1.925,202.8,28.42,-4.851,0.442,0.212,0.047,1.301,5.34
"2021-12-23 06:20:00",2099,-5.122,97.7,0,0,291,1.949,201.2,32.92,-4.724,0.44,0.212,0.047,1.297,4.23
"2021-12-23 06:30:00",2100,-5,97.3,0,0,291,2.885,196.4,26.63,-4.558,0.439,0.212,0.047,1.301,5.99
"2021-12-23 06:40:00",2101,-4.916,96.8,0,0,291,3.074,199.1,12.62,-4.406,0.435,0.212,0.047,1.296,4.9
"2021-12-23 06:50:00",2102,-4.921,96.7,0,0,291.2,2.901,206.5,19.66,-4.455,0.431,0.212,0.047,1.299,5.83
"2021-12-23 07:00:00",2103,-4.823,96,0,0,291.4,3.198,209.9,17.75,-4.382,0.433,0.212,0.047,1.287,5.67
"2021-12-23 07:10:00",2104,-4.608,94.7,0,0,291.6,4.026,208.1,16.25,-4.198,0.43,0.212,0.047,1.288,7.23
"2021-12-23 07:20:00",2105,-4.468,93.9,0,0,291.5,3.861,208.6,14.31,-4.113,0.427,0.212,0.047,1.288,7.73
"2021-12-23 07:30:00",2106,-4.391,93.4,0,0,291.2,3.764,209.2,13.65,-4.07,0.425,0.212,0.047,1.281,6.16
"2021-12-23 07:40:00",2107,-4.353,93,0,0,291,3.614,196.1,17.18,-4.027,0.422,0.212,0.047,1.277,7.5
"2021-12-23 07:50:00",2108,-4.3,92.6,0,0.185,291,3.045,197.9,15.69,-4.023,0.418,0.212,0.047,1.283,5.24
"2021-12-23 08:00:00",2109,-4.076,91.7,0,0.986,291,3.914,203,18.73,-3.81,0.416,0.212,0.047,1.279,7.62
"2021-12-23 08:10:00",2110,-3.93,91,0,3.965,291,3.666,191,19.39,-3.663,0.409,0.212,0.047,1.278,7.69
"2021-12-23 08:20:00",2111,-3.791,91.1,0,10.65,290.7,3.21,195.8,17.24,-3.524,0.408,0.212,0.047,1.276,5.19
"2021-12-23 08:30:00",2112,-3.515,90.9,0,23.42,290.3,3.976,203.2,21.22,-3.265,0.407,0.212,0.047,1.272,8.08
"2021-12-23 08:40:00",2113,-3.301,90.8,0,44.22,290.2,3.948,203.5,16.02,-2.981,0.405,0.212,0.047,1.274,6.8
"2021-12-23 08:50:00",2114,-3.256,91.7,0,59.93,289.6,3.96,200.9,15.15,-2.776,0.4,0.212,0.047,1.272,6.98
"2021-12-23 09:00:00",2115,-3.479,93.3,0,56.67,288.9,4.535,200.6,14.62,-2.924,0.398,0.212,0.047,1.268,7.62
"2021-12-23 09:10:00",2116,-3.667,94.5,0,55.95,288.5,3.923,200.9,17.97,-3.081,0.395,0.212,0.047,1.266,6.78
"2021-12-23 09:20:00",2117,-3.692,95.1,0,56.15,288.2,3.657,201.2,16.02,-3.085,0.394,0.212,0.047,1.268,5.92
"2021-12-23 09:30:00",2118,-3.559,95.2,0,53.72,287.6,4.661,201.4,14.41,-2.94,0.39,0.212,0.047,1.26,8.07
"2021-12-23 09:40:00",2119,-3.431,95.1,0,64.22,286.9,4.611,198.9,13.22,-2.829,0.385,0.212,0.047,1.258,8.1
"2021-12-23 09:50:00",2120,-3.258,95.1,0,111.3,286.3,4.877,205,13.34,-2.598,0.383,0.212,0.047,1.256,7.54
"2021-12-23 10:00:00",2121,-2.81,93.8,0,214.4,285.2,5.023,200.1,15.95,-2.037,0.383,0.212,0.047,1.254,7.62
"2021-12-23 10:10:00",2122,-2.448,92.8,0,180,283.7,5.254,199.1,17.59,-1.691,0.381,0.211,0.047,1.258,8.11
"2021-12-23 10:20:00",2123,-2.364,92.7,0,172,282.3,5.376,198.3,14.91,-1.64,0.382,0.211,0.047,1.255,8.68
"2021-12-23 10:30:00",2124,-2.08,91.8,0,156.5,280.6,4.471,195.6,16.67,-1.371,0.381,0.211,0.047,1.25,7.73
"2021-12-23 10:40:00",2125,-1.807,91.2,0,136.5,278.8,4.89,194,18.25,-1.182,0.38,0.211,0.047,1.247,8.9
"2021-12-23 10:50:00",2126,-1.459,89.9,0,166.9,277.2,4.739,200.7,16.17,-0.832,0.38,0.211,0.047,1.247,8.05
"2021-12-23 11:00:00",2127,-1.212,89.1,0,171.4,276.1,4.826,198,16.08,-0.569,0.382,0.211,0.047,1.245,7.91
"2021-12-23 11:10:00",2128,-1.047,88.7,0,164.3,276,5.13,197.7,16.01,-0.446,0.379,0.211,0.047,1.242,9.14
"2021-12-23 11:20:00",2129,-0.858,88,0,165.4,276,5.001,200.3,16.73,-0.234,0.377,0.211,0.047,1.24,7.22
"2021-12-23 11:30:00",2130,-0.649,87.2,0,135.1,275.9,4.895,205.5,14.39,-0.093,0.377,0.211,0.047,1.241,9.56
"2021-12-23 11:40:00",2131,-0.374,86,0,148.3,275.3,4.943,200.8,16.1,0.173,0.375,0.211,0.047,1.24,8.69
"2021-12-23 11:50:00",2132,-0.116,84.3,0,149.6,275.3,5.305,199.3,19.55,0.393,0.375,0.211,0.047,1.236,9.02
"2021-12-23 12:00:00",2133,0.041,83.8,0,160.2,275.2,5.147,204.1,16.5,0.539,0.376,0.211,0.047,1.234,8.65
"2021-12-23 12:10:00",2134,0.279,82.8,0,214.1,275.2,5.106,204.1,15.6,0.82,0.376,0.211,0.047,1.232,9.44
"2021-12-23 12:20:00",2135,0.762,80.7,0,261.6,274.6,4.902,204.3,14.75,1.329,0.378,0.211,0.047,1.223,7.71
"2021-12-23 12:30:00",2136,1.012,79.48,0,263.6,274.6,5.111,195.7,16.62,1.604,0.377,0.211,0.047,1.232,8.68
"2021-12-23 12:40:00",2137,1.362,77.68,0,253.3,274.5,5.001,200.8,19.48,1.951,0.376,0.211,0.047,1.227,8.5
"2021-12-23 12:50:00",2138,1.624,76.92,0,260,274.5,5.085,198.3,20.65,2.156,0.376,0.211,0.047,1.226,11.35
"2021-12-23 13:00:00",2139,1.779,76.25,0,256.9,274.5,4.87,200.2,17.23,2.392,0.376,0.211,0.047,1.228,9.23
"2021-12-23 13:10:00",2140,1.767,76.83,0,233.6,274.5,4.35,199.6,23.1,2.352,0.376,0.211,0.047,1.224,9.19
"2021-12-23 13:20:00",2141,1.819,77.02,0,197.8,274.5,3.987,202.9,17.89,2.411,0.379,0.211,0.047,1.227,9.09
"2021-12-23 13:30:00",2142,1.892,77.35,0,201.3,274.5,3.942,207.1,16.62,2.403,0.379,0.211,0.047,1.22,6.09
"2021-12-23 13:40:00",2143,2.021,76.78,0,184.5,274.5,4.322,203.9,17.03,2.505,0.38,0.211,0.047,1.223,7.83
"2021-12-23 13:50:00",2144,2.021,77.07,0,177.9,274.5,3.717,201.1,20.83,2.548,0.382,0.211,0.047,1.217,6.37
"2021-12-23 14:00:00",2145,1.921,77.01,0,213.8,274.2,3.83,198.8,15.69,2.512,0.384,0.211,0.047,1.224,6.84
"2021-12-23 14:10:00",2146,1.834,77.35,0,195.2,274,3.691,199.9,20.67,2.514,0.386,0.211,0.047,1.221,5.96
"2021-12-23 14:20:00",2147,1.624,78.28,0,142.6,274.5,4.195,194.9,15.76,2.097,0.388,0.211,0.047,1.218,7.27
"2021-12-23 14:30:00",2148,1.58,78.46,0,105.6,274.5,4.103,190.7,19.9,1.97,0.387,0.211,0.047,1.218,7.95
"2021-12-23 14:40:00",2149,1.565,78.88,0,92.4,274.5,3.989,190.4,18.14,1.891,0.387,0.211,0.046,1.216,7.14
"2021-12-23 14:50:00",2150,1.503,79.54,0,78.26,274.5,4,193,19.9,1.826,0.388,0.211,0.047,1.219,7.99
"2021-12-23 15:00:00",2151,1.51,80,0,63.21,274.5,3.846,195.1,19.77,1.782,0.389,0.211,0.047,1.216,7.71
"2021-12-23 15:10:00",2152,1.547,80.3,0,62.62,274.5,3.564,197.9,20.73,1.797,0.389,0.211,0.046,1.216,6.33
"2021-12-23 15:20:00",2153,1.617,80.2,0,58.88,274.5,4.46,201.4,15.29,1.84,0.391,0.211,0.047,1.215,8.4
"2021-12-23 15:30:00",2154,1.668,80.2,0,39.46,274.6,3.745,204,13.25,1.851,0.39,0.211,0.047,1.216,6.32
"2021-12-23 15:40:00",2155,1.804,79.58,0,25.78,274.5,4.043,199.7,20.58,1.95,0.392,0.211,0.046,1.213,6.7
"2021-12-23 15:50:00",2156,1.854,79.64,0,16.29,274.5,3.714,198.4,15.92,1.958,0.394,0.211,0.047,1.215,8.03
"2021-12-23 16:00:00",2157,2.018,78.9,0,10.87,274.5,3.953,203.2,19.44,2.141,0.395,0.211,0.047,1.214,7.71
"2021-12-23 16:10:00",2158,2.198,78.09,0,7.752,274.5,3.854,201.7,21.54,2.359,0.399,0.211,0.047,1.215,8.5
"2021-12-23 16:20:00",2159,2.227,77.94,0,6.375,274.5,3.57,189.7,21.91,2.363,0.402,0.211,0.047,1.216,6.23
"2021-12-23 16:30:00",2160,2.354,77.48,0,2.586,274.5,4.146,193.5,18.59,2.431,0.401,0.211,0.047,1.209,6.87
"2021-12-23 16:40:00",2161,2.455,77.02,0,2.06,274.5,3.856,192.4,22.11,2.566,0.402,0.211,0.046,1.211,6.24
"2021-12-23 16:50:00",2162,2.682,76.01,0,0.912,274.5,3.622,194.7,21.95,2.777,0.403,0.211,0.047,1.212,6.92
"2021-12-23 17:00:00",2163,2.902,74.87,0,0.14,274.5,3.98,199.8,19.08,2.949,0.406,0.211,0.046,1.21,7.4
"2021-12-23 17:10:00",2164,3.07,73.54,0,0,274.5,4.739,198.2,17.92,3.034,0.407,0.211,0.047,1.207,8.64
"2021-12-23 17:20:00",2165,3.059,73.11,0,0,274.5,4.599,197.7,19.38,2.965,0.409,0.211,0.047,1.213,9.96
"2021-12-23 17:30:00",2166,2.934,73.25,0,0,274.5,4.394,199.9,19.64,2.883,0.409,0.211,0.047,1.208,7.6
"2021-12-23 17:40:00",2167,2.863,73.81,0,0,274.5,4.153,202.5,15.55,2.9,0.409,0.211,0.047,1.208,8.1
"2021-12-23 17:50:00",2168,2.896,73.76,0,0,274.5,4.411,199.8,17.54,2.96,0.411,0.211,0.047,1.211,6.97
"2021-12-23 18:00:00",2169,3.066,72.96,0,0,274.5,4.373,197.4,21.59,3.131,0.414,0.211,0.047,1.209,7.69
"2021-12-23 18:10:00",2170,3.34,71.72,0,0,274.5,4.692,204.4,21.25,3.346,0.416,0.211,0.047,1.211,7.36
"2021-12-23 18:20:00",2171,3.477,71.34,0,0,274,4.385,208.8,16.46,3.475,0.417,0.211,0.047,1.21,7.78
"2021-12-23 18:30:00",2172,3.468,71.6,0,0,273.9,3.698,203.1,15.05,3.429,0.416,0.211,0.046,1.209,6.75
"2021-12-23 18:40:00",2173,3.453,71.58,0,0,273.9,4.193,202.9,16.37,3.425,0.418,0.211,0.046,1.212,6.83
"2021-12-23 18:50:00",2174,3.494,71.53,0,0,273.9,3.949,196.5,14.57,3.463,0.42,0.211,0.047,1.208,6.32
"2021-12-23 19:00:00",2175,3.559,71.57,0,0,273.9,3.528,195.7,19.31,3.542,0.418,0.211,0.047,1.209,5.59
"2021-12-23 19:10:00",2176,3.595,70.73,0,0,273.9,3.822,196.4,20.93,3.615,0.42,0.211,0.046,1.208,7.73
"2021-12-23 19:20:00",2177,3.666,70.31,0,0,273.9,4.09,195.8,23.34,3.667,0.422,0.211,0.047,1.205,7.27
"2021-12-23 19:30:00",2178,3.747,70.25,0,0,273.9,4.1,194.7,23.94,3.702,0.421,0.211,0.047,1.199,8.62
"2021-12-23 19:40:00",2179,3.872,69.31,0,0,273.9,4.513,193.8,23.46,3.809,0.422,0.211,0.046,1.21,8.16
"2021-12-23 19:50:00",2180,3.917,68.8,0,0,273.9,4.537,192.4,19.98,3.877,0.423,0.211,0.047,1.208,9.75
"2021-12-23 20:00:00",2181,4.047,67.82,0,0,273.9,4.809,192.5,21.93,3.971,0.423,0.211,0.047,1.21,8.81
"2021-12-23 20:10:00",2182,4.128,67.15,0,0,273.9,4.433,191.6,22.9,4.052,0.427,0.211,0.047,1.204,8.99
"2021-12-23 20:20:00",2183,4.228,66.18,0,0,273.9,4.446,190.4,21.07,4.155,0.432,0.211,0.047,1.209,7.58
"2021-12-23 20:30:00",2184,4.144,66.55,0,0,273.9,4.551,193.4,18.42,4.065,0.431,0.211,0.047,1.202,7.41
"2021-12-23 20:40:00",2185,4.145,66.95,0,0,273.9,4.897,196.6,18.13,4.047,0.432,0.211,0.046,1.204,7.95
"2021-12-23 20:50:00",2186,4.257,67.11,0,0,273.9,4.782,195.7,19.92,4.184,0.435,0.211,0.046,1.21,8.41
"2021-12-23 21:00:00",2187,4.327,67.73,0,0,273.9,5.064,202.1,14.18,4.237,0.434,0.211,0.047,1.21,7.38
"2021-12-23 21:10:00",2188,4.335,68.49,0,0,273.9,4.721,201,13.78,4.225,0.435,0.211,0.047,1.204,8.97
"2021-12-23 21:20:00",2189,4.35,68.95,0,0,273.9,4.292,200.1,15.6,4.225,0.437,0.211,0.047,1.21,6.98
"2021-12-23 21:30:00",2190,4.418,68.54,0,0,273.9,4.877,203.4,14.7,4.292,0.436,0.211,0.047,1.21,10.11
"2021-12-23 21:40:00",2191,4.435,68.13,0,0,273.9,4.93,208.5,15.09,4.286,0.439,0.211,0.047,1.209,8.55
"2021-12-23 21:50:00",2192,4.357,68.2,0,0,273.9,4.391,205.2,17.82,4.233,0.445,0.211,0.046,1.206,7.29
"2021-12-23 22:00:00",2193,4.271,68.34,0,0,273.9,4.501,199.9,19.56,4.154,0.447,0.211,0.046,1.207,7.28
"2021-12-23 22:10:00",2194,4.209,68.8,0,0,273.9,4.49,198.6,16.14,4.129,0.449,0.211,0.046,1.212,8.43
"2021-12-23 22:20:00",2195,4.167,69.22,0,0,273.9,4.734,195.7,15.14,4.111,0.451,0.211,0.047,1.212,9.32
"2021-12-23 22:30:00",2196,4.059,69.69,0,0,273.9,4.147,195.9,18.12,4.049,0.451,0.211,0.046,1.209,7.76
"2021-12-23 22:40:00",2197,4.041,69.76,0,0,273.9,4.221,201.2,16.27,3.975,0.453,0.211,0.046,1.21,8.07
"2021-12-23 22:50:00",2198,4.094,69.49,0,0,273.9,3.885,199.3,17.19,4.04,0.455,0.211,0.047,1.211,6.97
"2021-12-23 23:00:00",2199,4.174,69.47,0,0,273.9,4.059,197.2,19.97,4.115,0.456,0.211,0.046,1.212,7.12
"2021-12-23 23:10:00",2200,4.36,69.45,0,0,273.9,4.201,197,20.02,4.264,0.46,0.211,0.047,1.211,7.51
"2021-12-23 23:20:00",2201,4.605,69.66,0,0,273.9,4.45,191.3,19.39,4.473,0.467,0.211,0.046,1.213,7.34
"2021-12-23 23:30:00",2202,4.691,70.41,0,0,273.9,4.346,196.7,18.26,4.561,0.468,0.211,0.047,1.205,7.64
"2021-12-23 23:40:00",2203,4.869,70.2,0,0,273.9,5.141,200.4,16.11,4.718,0.47,0.211,0.046,1.212,10.63
"2021-12-23 23:50:00",2204,4.835,70.71,0,0,273.9,4.801,204,15.64,4.66,0.474,0.211,0.046,1.214,7.13
"2021-12-24 00:00:00",2205,4.941,70.32,0,0,273.8,5.455,203.5,15.3,4.713,0.479,0.211,0.046,1.209,8.55
"2021-12-24 00:10:00",2206,4.801,70.91,0,0,273.8,4.923,206.4,16.96,4.542,0.482,0.211,0.046,1.211,9.45
"2021-12-24 00:20:00",2207,4.566,71.92,0,0,273.8,4.267,205.4,15.36,4.246,0.487,0.211,0.047,1.212,8.26
"2021-12-24 00:30:00",2208,4.257,73.1,0,0,273.9,4.025,200.9,19.07,3.914,0.488,0.211,0.046,1.217,7.66
"2021-12-24 00:40:00",2209,4.105,73.63,0,0,273.9,3.896,197.4,17.28,3.805,0.491,0.211,0.046,1.217,6.91
"2021-12-24 00:50:00",2210,4.093,73.61,0,0,273.9,4.066,204.5,13.88,3.769,0.494,0.211,0.047,1.213,6.15
"2021-12-24 01:00:00",2211,4.137,73.5,0,0,273.9,3.565,201.7,15.96,3.791,0.496,0.211,0.046,1.213,5.53
"2021-12-24 01:10:00",2212,4.257,73.13,0,0,273.9,3.903,197.5,16.25,4.002,0.505,0.211,0.046,1.215,6.77
"2021-12-24 01:20:00",2213,4.468,72.02,0,0,273.9,4.1,208.4,16.6,4.148,0.509,0.211,0.046,1.214,5.69
"2021-12-24 01:30:00",2214,4.575,71.19,0,0,273.9,3.867,207.1,11.3,4.306,0.511,0.21,0.047,1.219,6.63
"2021-12-24 01:40:00",2215,4.455,71.3,0,0,273.9,3.76,211.3,12.84,4.151,0.518,0.21,0.046,1.214,6.46
"2021-12-24 01:50:00",2216,4.413,71.22,0,0,273.9,4.04,208.6,15.04,4.109,0.527,0.21,0.046,1.215,6.3
"2021-12-24 02:00:00",2217,4.478,70.82,0,0,273.9,3.736,215.5,14.57,4.139,0.529,0.21,0.046,1.216,7.41
"2021-12-24 02:10:00",2218,4.43,71.11,0,0,273.9,3.553,213,18.52,4.066,0.534,0.21,0.046,1.214,6.6
"2021-12-24 02:20:00",2219,4.521,70.83,0,0,273.9,3.54,213.6,14.55,4.21,0.543,0.21,0.046,1.214,7.4
"2021-12-24 02:30:00",2220,4.763,69.82,0,0,273.9,4.314,205.3,16.79,4.497,0.546,0.21,0.046,1.214,7.69
"2021-12-24 02:40:00",2221,5.058,68.25,0,0,273.9,5.026,199.8,15.54,4.814,0.552,0.21,0.047,1.218,8.38
"2021-12-24 02:50:00",2222,5.045,67.66,0,0,273.9,4.706,198.7,15.06,4.84,0.564,0.21,0.047,1.22,7.65
"2021-12-24 03:00:00",2223,5.286,66.22,0,0,273.9,5.316,197.1,17.47,5.06,0.571,0.21,0.046,1.221,8.36
"2021-12-24 03:10:00",2224,5.311,66.11,0,0,273.9,5.004,195.3,19.59,5.139,0.587,0.21,0.046,1.222,10.6
"2021-12-24 03:20:00",2225,5.378,65.87,0,0,273.8,4.378,192.6,17.56,5.134,0.601,0.21,0.046,1.216,10.01
"2021-12-24 03:30:00",2226,5.233,66.85,0,0,273.8,4.211,192.8,23.82,4.976,0.614,0.21,0.046,1.217,8.92
"2021-12-24 03:40:00",2227,5.209,67.32,0,0,273.8,4.317,195.3,19.51,4.933,0.627,0.21,0.047,1.223,8.87
"2021-12-24 03:50:00",2228,5.073,68.17,0,0,273.8,4.564,197.6,19.35,4.852,0.64,0.21,0.046,1.223,7.18
"2021-12-24 04:00:00",2229,5.01,69.46,0,0,273.8,4.455,189.7,19.05,4.79,0.645,0.21,0.046,1.226,8.09
"2021-12-24 04:10:00",2230,4.907,70.81,0,0,273.8,4.217,194.3,24.63,4.728,0.66,0.21,0.046,1.224,7.93
"2021-12-24 04:20:00",2231,4.927,71.13,0,0,273.8,4.043,190.7,18.09,4.742,0.669,0.21,0.046,1.228,7.63
"2021-12-24 04:30:00",2232,4.935,71.63,0,0,273.8,3.803,200.3,17.54,4.73,0.678,0.209,0.046,1.225,6.92
"2021-12-24 04:40:00",2233,4.986,72.25,0,0,273.8,4.193,200.3,15.64,4.736,0.688,0.189,0.044,1.233,7.36
"2021-12-24 04:50:00",2234,5.108,72.74,0,0,273.8,4.675,192.7,20.99,4.903,0.7,0.184,0.039,1.25,9.37
"2021-12-24 05:00:00",2235,5.112,73.33,0,0,273.8,4.459,192.9,16.99,4.894,0.712,0.184,0.039,1.245,8
"2021-12-24 05:10:00",2236,5.079,73.47,0,0,273.8,4.202,197.5,24.27,4.825,0.726,0.184,0.038,1.251,7.62
"2021-12-24 05:20:00",2237,5.005,73.94,0,0,273.8,2.747,187.6,25.1,4.864,0.74,0.185,0.038,1.248,5.03
"2021-12-24 05:30:00",2238,5.044,73.83,0,0,273.8,3.263,194.4,19.15,4.829,0.753,0.185,0.038,1.25,6.57
"2021-12-24 05:40:00",2239,4.945,74.02,0,0,273.8,3.509,189.9,22.37,4.77,0.762,0.185,0.038,1.251,7.75
"2021-12-24 05:50:00",2240,4.902,74.45,0,0,273.8,3.999,185.3,19.7,4.813,0.778,0.185,0.038,1.25,7.98
"2021-12-24 06:00:00",2241,4.954,74.78,0,0,273.8,4.236,191.5,22.85,4.899,0.792,0.185,0.038,1.257,7.03
"2021-12-24 06:10:00",2242,5.025,74.49,0,0,273.8,3.939,197.4,19.07,4.942,0.807,0.185,0.038,1.252,7.54
"2021-12-24 06:20:00",2243,5.043,74.52,0,0,273.8,4.057,197.9,21.93,4.972,0.823,0.185,0.038,1.26,7.93
"2021-12-24 06:30:00",2244,5.119,74.57,0,0,273.8,4.183,194.7,20.39,5.068,0.836,0.185,0.038,1.264,8.7
"2021-12-24 06:40:00",2245,5.111,74.92,0,0,273.8,4.488,197.5,19.74,5.044,0.854,0.185,0.038,1.261,8.58
"2021-12-24 06:50:00",2246,5.194,74.84,0,0,273.8,5.582,199.6,21.78,5.114,0.87,0.185,0.038,1.257,8.71
"2021-12-24 07:00:00",2247,5.247,75.06,0,0,273.8,4.366,196.3,18.86,5.19,0.883,0.185,0.038,1.264,7.68
"2021-12-24 07:10:00",2248,5.233,75.81,0,0,273.8,4.288,193.7,19.52,5.148,0.901,0.185,0.038,1.267,8.29
"2021-12-24 07:20:00",2249,5.196,75.95,0,0,273.9,4.758,192.3,17.65,5.126,0.917,0.185,0.038,1.274,7.54
"2021-12-24 07:30:00",2250,5.174,75.82,0,0,273.8,4.786,188.9,20.77,5.132,0.931,0.185,0.038,1.276,8.77
"2021-12-24 07:40:00",2251,5.143,75.64,0,0,273.8,4.659,195.2,17.27,5.125,0.949,0.185,0.038,1.278,7.38
"2021-12-24 07:50:00",2252,5.175,75.49,0,0,273.8,4.83,194.9,20.18,5.122,0.969,0.185,0.038,1.283,7.95
"2021-12-24 08:00:00",2253,5.256,75.03,0,0.353,273.8,4.576,196,19.31,5.207,0.984,0.185,0.039,1.289,8.4
"2021-12-24 08:10:00",2254,5.355,74.82,0,0.823,273.8,5.295,200.1,20.58,5.271,1.002,0.185,0.039,1.295,9.17
"2021-12-24 08:20:00",2255,5.374,75.61,0,1.712,292.7,4.474,195,23.97,5.291,1.019,0.185,0.039,1.286,9.44
"2021-12-24 08:30:00",2256,5.346,76.62,0,5.517,279.6,4.493,197.6,17.49,5.227,1.036,0.185,0.039,1.297,8.04
"2021-12-24 08:40:00",2257,5.384,76.34,0,10.26,278.8,4.272,191.6,19.13,5.309,1.056,0.185,0.038,1.302,9.19
"2021-12-24 08:50:00",2258,5.399,76.59,0,14.29,279.6,4.848,189.8,21.83,5.304,1.075,0.185,0.039,1.308,9.02
"2021-12-24 09:00:00",2259,5.389,77.09,0,18.3,293.8,4.32,196.7,18.36,5.333,1.093,0.185,0.039,1.317,7.12
"2021-12-24 09:10:00",2260,5.219,79.14,0,33.21,283.8,4.027,191.7,20.99,5.137,1.118,0.185,0.039,1.316,7.43
"2021-12-24 09:20:00",2261,5.354,78.13,0,33.95,279.5,4.103,198.2,21.16,5.314,1.141,0.185,0.039,1.321,6.99
"2021-12-24 09:30:00",2262,5.362,78.07,0,37.6,320.7,4.335,201.7,19.78,5.283,1.16,0.186,0.039,1.337,7.37
"2021-12-24 09:40:00",2263,5.367,78.07,0,44.12,315.7,5.013,198.5,23.76,5.263,1.183,0.186,0.039,1.343,9.79
"2021-12-24 09:50:00",2264,5.151,80.3,0,32.17,445.1,4.542,205.2,18.09,5.025,1.207,0.186,0.039,1.347,7.53
"2021-12-24 10:00:00",2265,4.709,84.3,0.2,34.7,705.3,4.111,196.8,16.61,4.599,1.228,0.186,0.039,1.365,7.44
"2021-12-24 10:10:00",2266,4.267,88.6,0.3,32.98,839,3.684,202.9,16.65,4.237,1.25,0.186,0.039,1.37,5.96
"2021-12-24 10:20:00",2267,4.02,90.8,0.3,32.64,851,4.088,205,17.42,4.047,1.274,0.186,0.039,1.382,7.42
"2021-12-24 10:30:00",2268,3.886,91.9,0.1,34.62,627.2,3.93,206,15.95,3.965,1.293,0.186,0.039,1.386,6.2
"2021-12-24 10:40:00",2269,3.834,92.6,0.2,37.43,640.4,3.533,199.6,21.42,3.939,1.313,0.186,0.039,1.402,7.02
"2021-12-24 10:50:00",2270,3.801,92.9,0.1,32.19,609.6,3.805,200.7,17.01,3.929,1.334,0.186,0.039,1.412,6.84
"2021-12-24 11:00:00",2271,3.796,93.2,0.1,53,621.6,3.568,197.2,19.37,3.916,1.357,0.186,0.039,1.42,6.36
"2021-12-24 11:10:00",2272,3.849,93.6,0.1,73.97,591.9,3.168,185.1,18.11,4.033,1.379,0.186,0.039,1.435,5.72
"2021-12-24 11:20:00",2273,3.943,93.6,0.2,67.96,631.3,3.618,189.6,15.6,4.134,1.402,0.186,0.039,1.441,6.57
"2021-12-24 11:30:00",2274,3.997,94.2,0.2,71.43,634.7,3.651,188.9,14.62,4.208,1.426,0.186,0.039,1.456,7.36
"2021-12-24 11:40:00",2275,4.157,93.1,0.2,73,634.5,4.231,197,17.13,4.36,1.455,0.186,0.039,1.471,8.05
"2021-12-24 11:50:00",2276,4.122,93.9,0.1,64.96,616,3.256,194.2,17.34,4.305,1.485,0.186,0.039,1.478,7.13
"2021-12-24 12:00:00",2277,4.175,94,0.3,50.09,647.7,3.085,188.9,19.85,4.322,1.516,0.186,0.039,1.493,5.34
"2021-12-24 12:10:00",2278,4.247,93.9,0.2,48.36,625.7,3.42,192.1,17.76,4.38,1.546,0.186,0.039,1.505,5.91
"2021-12-24 12:20:00",2279,4.317,93.6,0.2,38.86,602.5,3.743,203.1,17.18,4.437,1.575,0.186,0.039,1.518,6.86
"2021-12-24 12:30:00",2280,4.246,94.3,0.4,37.86,616.3,3.512,207.5,15.98,4.367,1.604,0.186,0.039,1.532,5.61
"2021-12-24 12:40:00",2281,4.25,94.5,0.2,44.81,614.9,4.316,203.1,16.3,4.343,1.631,0.186,0.039,1.543,7.27
"2021-12-24 12:50:00",2282,4.234,95.1,0.1,54.75,581.8,3.734,204,14.89,4.388,1.659,0.186,0.039,1.554,6.29
"2021-12-24 13:00:00",2283,4.211,95.7,0.1,38.13,601.2,4.019,204.2,15.71,4.364,1.685,0.186,0.039,1.564,6.71
"2021-12-24 13:10:00",2284,4.169,95.7,0.2,55.57,644.5,4.041,200.2,20.33,4.331,1.709,0.186,0.039,1.577,6.82
"2021-12-24 13:20:00",2285,4.122,95.8,0.1,59.91,610.4,3.503,193.1,18.53,4.345,1.737,0.186,0.039,1.588,7.01
"2021-12-24 13:30:00",2286,4.144,95.7,0.2,60.98,611.6,3.7,199.7,16.98,4.354,1.76,0.186,0.039,1.599,6.26
"2021-12-24 13:40:00",2287,4.141,96.4,0.2,51.04,613.7,3.477,195.4,15.32,4.359,1.786,0.186,0.039,1.614,5.55
"2021-12-24 13:50:00",2288,4.136,96.8,0.3,46.75,610.1,3.155,195.8,20,4.341,1.812,0.186,0.039,1.633,4.63
"2021-12-24 14:00:00",2289,4.209,96.8,0.1,59.45,597.6,3.318,189,21.13,4.42,1.835,0.186,0.039,1.645,6.38
"2021-12-24 14:10:00",2290,4.253,96.5,0.1,40.9,548,3.6,193.3,25.76,4.449,1.857,0.186,0.039,1.659,8.85
"2021-12-24 14:20:00",2291,4.275,96.4,0,44.03,503.9,3.909,190,18.14,4.436,1.884,0.186,0.039,1.677,6.42
"2021-12-24 14:30:00",2292,4.346,96.2,0,52.9,458.6,4.006,193.3,17.07,4.523,1.906,0.186,0.039,1.687,7.3
"2021-12-24 14:40:00",2293,4.376,95.7,0,45.24,402.7,3.917,198.8,20.65,4.552,1.93,0.186,0.039,1.695,6.74
"2021-12-24 14:50:00",2294,4.41,96,0,35.01,461.1,4.149,204.5,15.94,4.56,1.954,0.186,0.039,1.707,6.88
"2021-12-24 15:00:00",2295,4.424,96.7,0.1,49.68,543.8,3.991,199.1,20.07,4.587,1.975,0.186,0.039,1.721,6.27
"2021-12-24 15:10:00",2296,4.448,97.1,0.1,53.06,557.1,3.54,201.2,18.89,4.648,1.996,0.186,0.039,1.737,7.5
"2021-12-24 15:20:00",2297,4.359,97.2,0,41.25,404.7,3.135,195.1,23.67,4.552,2.015,0.186,0.039,1.753,5.16
"2021-12-24 15:30:00",2298,4.33,97.4,0,24.84,478.3,3.636,191.1,18.95,4.471,2.032,0.186,0.039,1.764,5.79
"2021-12-24 15:40:00",2299,4.292,97.9,0,22.69,476.1,3.744,195.4,15.87,4.417,2.051,0.186,0.039,1.78,6.3
"2021-12-24 15:50:00",2300,4.24,98.2,0,20.53,404.5,3.355,196.8,18.71,4.379,2.069,0.186,0.039,1.792,6.61
"2021-12-24 16:00:00",2301,4.23,98.1,0,9.89,438.7,4.16,196.1,15.61,4.365,2.085,0.186,0.039,1.799,7.04
"2021-12-24 16:10:00",2302,4.177,98.1,0.1,3.816,525.4,3.873,194.6,19.43,4.299,2.098,0.186,0.039,1.814,6.53
"2021-12-24 16:20:00",2303,4.134,98.6,0.1,1.735,602.2,3.556,191.3,17.17,4.261,2.115,0.186,0.039,1.83,5.66
"2021-12-24 16:30:00",2304,4.154,99,0,1.074,532.1,3.567,191.6,26.64,4.298,2.127,0.186,0.039,1.841,5.82
"2021-12-24 16:40:00",2305,4.202,99.2,0.1,0.52,540.3,3.8,189,17.8,4.34,2.139,0.186,0.04,1.854,6.62
"2021-12-24 16:50:00",2306,4.313,98.9,0,0.073,532.8,3.467,189.3,18.35,4.442,2.152,0.187,0.04,1.866,7.09
"2021-12-24 17:00:00",2307,4.309,98.4,0,0,458.6,3.511,191.2,21.54,4.413,2.166,0.187,0.04,1.876,5.9
"2021-12-24 17:10:00",2308,4.259,98,0.1,0,411.6,3.7,186.6,19.43,4.392,2.178,0.187,0.04,1.892,8.43
"2021-12-24 17:20:00",2309,4.334,96.9,0,0,402.3,3.6,186.1,20.05,4.389,2.191,0.187,0.04,1.902,6.94
"2021-12-24 17:30:00",2310,4.407,95.9,0,0,412.8,3.299,187.5,23.5,4.414,2.202,0.187,0.04,1.916,6.35
"2021-12-24 17:40:00",2311,4.398,96,0,0,386,3.14,187.7,20.92,4.376,2.213,0.187,0.04,1.926,6.44
"2021-12-24 17:50:00",2312,4.48,96.3,0,0,374.7,3.8,183.7,24.77,4.447,2.224,0.187,0.04,1.938,6.37
"2021-12-24 18:00:00",2313,4.603,96.3,0,0,368.3,3.768,193.4,17.67,4.614,2.234,0.187,0.04,1.944,7.06
"2021-12-24 18:10:00",2314,4.755,95.5,0,0,356,3.813,192.5,19.89,4.751,2.242,0.187,0.04,1.953,5.47
"2021-12-24 18:20:00",2315,4.903,94.8,0,0,342.6,3.338,189.8,20.76,4.839,2.255,0.187,0.04,1.967,5.45
"2021-12-24 18:30:00",2316,4.964,94.6,0,0,320.7,3.37,191.9,19.45,4.903,2.265,0.187,0.04,1.976,7.04
"2021-12-24 18:40:00",2317,5.15,94.2,0,0,294.8,3.704,181.4,19.47,5.062,2.276,0.187,0.04,1.984,7.23
"2021-12-24 18:50:00",2318,5.422,93,0,0,278.5,3.914,196.6,20.61,5.325,2.289,0.187,0.04,1.999,6.34
"2021-12-24 19:00:00",2319,5.5,92.9,0,0,496.7,3.882,184.3,18.61,5.381,2.303,0.188,0.04,2.004,7.27
"2021-12-24 19:10:00",2320,5.354,94,0,0,614,3.424,194.3,16.47,5.263,2.315,0.188,0.04,2.016,6.19
"2021-12-24 19:20:00",2321,5.382,93.8,0,0,566.2,3.324,193.6,19.06,5.27,2.334,0.188,0.04,2.028,5.6
"2021-12-24 19:30:00",2322,5.432,92.7,0,0,522,3.768,194.7,21.4,5.289,2.346,0.188,0.04,2.035,6.73
"2021-12-24 19:40:00",2323,5.372,92,0,0,487.4,3.624,202.7,18.62,5.213,2.36,0.188,0.04,2.049,7.55
"2021-12-24 19:50:00",2324,5.36,91.4,0,0,451.2,4.222,199.4,19.57,5.182,2.376,0.188,0.04,2.054,8.38
"2021-12-24 20:00:00",2325,5.328,91.5,0,0,411.5,4.232,199.3,19.4,5.191,2.385,0.188,0.04,2.064,9.32
"2021-12-24 20:10:00",2326,5.336,91.5,0,0,380.6,4.7,199.2,17.22,5.242,2.394,0.188,0.04,2.076,8.34
"2021-12-24 20:20:00",2327,5.298,92.4,0,0,475.5,4.548,195.8,19.56,5.269,2.405,0.188,0.04,2.089,7.82
"2021-12-24 20:30:00",2328,5.133,94.4,0.1,0,631.1,3.953,191.2,16.4,5.13,2.415,0.188,0.04,2.092,8.08
"2021-12-24 20:40:00",2329,5.067,95,0.1,0,736.7,4.086,191.2,17.39,5.058,2.428,0.188,0.04,2.107,7.98
"2021-12-24 20:50:00",2330,5.014,95.3,0.3,0,818,4.301,193.1,19.99,5.02,2.441,0.188,0.04,2.115,9.38
"2021-12-24 21:00:00",2331,4.951,95.6,0,0,748,4.02,191.1,22.37,4.919,2.455,0.188,0.04,2.127,7.82
"2021-12-24 21:10:00",2332,4.978,95.7,0,0,705.2,4.207,191.6,19.99,4.971,2.464,0.189,0.04,2.133,7.14
"2021-12-24 21:20:00",2333,4.952,96,0,0,687.6,4.411,190.5,17.25,4.88,2.479,0.189,0.041,2.139,7.67
"2021-12-24 21:30:00",2334,4.974,96.4,0,0,638,4.632,195.6,18.02,4.965,2.489,0.189,0.041,2.144,7.64
"2021-12-24 21:40:00",2335,5,96.7,0,0,624,4.288,200.1,16.26,4.987,2.499,0.189,0.041,2.16,7.63
"2021-12-24 21:50:00",2336,5.136,96.3,0,0,621.8,4.233,204.7,15.97,5.15,2.511,0.189,0.041,2.164,8.11
"2021-12-24 22:00:00",2337,5.058,96.7,0,0,627.8,3.431,199,13.79,5.048,2.521,0.189,0.041,2.177,5.12
"2021-12-24 22:10:00",2338,5.023,96.7,0,0,607.9,3.734,207.1,14.67,4.994,2.53,0.189,0.041,2.188,5.91
"2021-12-24 22:20:00",2339,5.009,96.2,0,0,589.9,3.59,205.4,14.9,4.984,2.539,0.189,0.041,2.198,6.18
"2021-12-24 22:30:00",2340,5.131,95.7,0,0,648.5,3.787,207.3,15.25,5.116,2.543,0.189,0.041,2.205,7.49
"2021-12-24 22:40:00",2341,4.874,97.2,0,0,704.4,3.126,196.1,17.31,4.88,2.55,0.189,0.041,2.214,5.69
"2021-12-24 22:50:00",2342,4.696,98,0,0,684.5,2.985,207.3,18.99,4.636,2.559,0.19,0.041,2.223,4.58
"2021-12-24 23:00:00",2343,4.708,97.8,0,0,660,3.093,205.1,16.23,4.683,2.562,0.19,0.041,2.23,5.17
"2021-12-24 23:10:00",2344,4.671,97.9,0,0,644.8,2.947,204.7,22.02,4.657,2.566,0.189,0.041,2.235,5.2
"2021-12-24 23:20:00",2345,4.83,97.4,0,0,632.9,3.437,204,16.13,4.855,2.569,0.189,0.041,2.248,6.97
"2021-12-24 23:30:00",2346,4.887,97.3,0.1,0,762.8,3.309,197.4,19.16,4.908,2.57,0.189,0.041,2.251,5.62
"2021-12-24 23:40:00",2347,4.908,97.4,0.1,0,849,3.44,203.6,16.02,4.924,2.573,0.189,0.041,2.261,5.58
"2021-12-24 23:50:00",2348,4.884,97.5,0,0,844,3.17,201.2,16.9,4.87,2.58,0.19,0.041,2.269,5.24
"2021-12-25 00:00:00",2349,4.921,97.4,0,0,772.5,3.437,201.6,16.14,4.919,2.583,0.19,0.041,2.277,6.8
"2021-12-25 00:10:00",2350,4.958,97.4,0,0,736.1,2.992,197.6,14.34,4.959,2.587,0.18,0.041,2.285,5.75
"2021-12-25 00:20:00",2351,5.034,97.1,0,0,709.9,3.205,201.1,14.32,5.052,2.599,0.174,0.04,2.296,5.81
"2021-12-25 00:30:00",2352,5.047,96.9,0.1,0,692.4,3.014,194.2,19.98,4.999,2.604,0.175,0.04,2.296,5.67
"2021-12-25 00:40:00",2353,4.948,97.3,0,0,682,2.538,198.4,20.11,4.889,2.61,0.175,0.04,2.307,4.71
"2021-12-25 00:50:00",2354,4.885,97.3,0,0,673.3,2.524,214.5,13.7,4.796,2.618,0.175,0.04,2.317,4.73
"2021-12-25 01:00:00",2355,4.845,97.4,0,0,665.6,2.102,208.5,15.93,4.786,2.621,0.175,0.04,2.318,4.63
"2021-12-25 01:10:00",2356,4.804,97.5,0,0,658.1,1.498,211.1,14.53,4.731,2.624,0.175,0.04,2.331,3.42
"2021-12-25 01:20:00",2357,4.791,97.5,0,0,653,1.657,195.6,19.52,4.637,2.625,0.175,0.04,2.33,2.89
"2021-12-25 01:30:00",2358,4.747,97.7,0,0,649.9,1.513,180.6,18.29,4.503,2.623,0.175,0.04,2.342,2.64
"2021-12-25 01:40:00",2359,4.675,97.8,0,0,650.2,1.51,193.2,18.9,4.45,2.625,0.175,0.04,2.35,3.59
"2021-12-25 01:50:00",2360,4.717,97.7,0,0,649.4,1.67,201.8,18.59,4.439,2.626,0.176,0.04,2.353,3.77
"2021-12-25 02:00:00",2361,4.721,97.5,0,0,648.3,1.704,198.3,17.28,4.179,2.624,0.176,0.041,2.362,3.04
"2021-12-25 02:10:00",2362,4.554,97.8,0,0,647.1,1.522,188.7,19.94,4.095,2.624,0.176,0.04,2.366,2.61
"2021-12-25 02:20:00",2363,4.788,97.6,0,0,642.2,2.04,204.3,14.77,4.558,2.621,0.176,0.041,2.368,4.08
"2021-12-25 02:30:00",2364,5.115,96.4,0,0,634.3,2.581,206.8,15.04,4.887,2.616,0.176,0.04,2.376,4.89
"2021-12-25 02:40:00",2365,5.245,96,0,0,628.1,2.633,209.7,18.53,5.022,2.612,0.176,0.041,2.377,5.42
"2021-12-25 02:50:00",2366,5.3,95.7,0,0,622.2,2.329,205.3,13.91,5.039,2.611,0.176,0.041,2.389,4.36
"2021-12-25 03:00:00",2367,5.259,95.9,0,0,615.9,2.569,211,16.18,5.032,2.61,0.176,0.041,2.397,5.14
"2021-12-25 03:10:00",2368,5.448,95.1,0,0,606.5,2.382,210,18.42,5.291,2.613,0.177,0.041,2.393,3.85
"2021-12-25 03:20:00",2369,5.366,95.5,0,0,598,2.129,209.6,17.99,5.161,2.614,0.177,0.041,2.402,3.4
"2021-12-25 03:30:00",2370,5.351,95.6,0,0,590.2,1.824,201.8,19.94,5.168,2.616,0.177,0.041,2.406,3.41
"2021-12-25 03:40:00",2371,5.278,96,0,0,582.4,2.15,201.5,16.73,5.094,2.619,0.177,0.041,2.408,5
"2021-12-25 03:50:00",2372,5.439,95.4,0,0,572.5,2.653,195.1,23.01,5.263,2.621,0.177,0.041,2.414,6.04
"2021-12-25 04:00:00",2373,5.64,94.6,0,0,558.9,3.169,194.5,19.47,5.499,2.622,0.177,0.041,2.416,5.18
"2021-12-25 04:10:00",2374,5.721,94.1,0,0,540.6,2.769,198,18.6,5.552,2.635,0.177,0.041,2.42,5.38
"2021-12-25 04:20:00",2375,5.822,93.7,0,0,525.3,3.014,199.7,20.28,5.627,2.643,0.177,0.041,2.425,6.42
"2021-12-25 04:30:00",2376,5.82,93.7,0,0,506.7,3.297,201.1,17.4,5.62,2.655,0.177,0.041,2.433,5.4
"2021-12-25 04:40:00",2377,5.809,93.5,0,0,484,2.996,206.2,19.73,5.606,2.663,0.177,0.041,2.435,5.54
"2021-12-25 04:50:00",2378,5.809,93.2,0,0,458.6,3.233,206.1,13.71,5.615,2.676,0.177,0.041,2.432,5.51
"2021-12-25 05:00:00",2379,5.837,92.9,0,0,429.5,3.306,202,16.92,5.608,2.685,0.177,0.041,2.445,5.59
"2021-12-25 05:10:00",2380,5.676,93.2,0,0,410.3,3.172,200.1,15.05,5.412,2.692,0.178,0.041,2.447,5.34
"2021-12-25 05:20:00",2381,5.491,93.7,0,0,395.7,2.716,213.4,13.81,5.075,2.698,0.178,0.041,2.455,4.08
"2021-12-25 05:30:00",2382,5.493,93.7,0,0,383.4,2.915,201.5,17.52,5.093,2.705,0.178,0.041,2.462,5.06
"2021-12-25 05:40:00",2383,5.293,94.3,0,0,370.9,2.128,196.5,18.41,5.004,2.709,0.178,0.041,2.465,4.21
"2021-12-25 05:50:00",2384,5.305,94.3,0,0,357.2,2.878,190.3,18.84,5.047,2.712,0.178,0.041,2.467,4.76
"2021-12-25 06:00:00",2385,5.224,94.7,0,0,340.4,2.651,207.6,15.46,4.993,2.715,0.178,0.041,2.47,4.51
"2021-12-25 06:10:00",2386,5.288,94.6,0,0,325.5,3.262,218.8,13.3,5.024,2.718,0.178,0.041,2.479,4.61
"2021-12-25 06:20:00",2387,5.198,95.3,0,0,310.8,2.433,211.4,11.83,4.995,2.723,0.178,0.041,2.482,4.28
"2021-12-25 06:30:00",2388,5.352,95.1,0,0,297.4,2.704,215.7,16.91,5.123,2.72,0.178,0.041,2.492,4.77
"2021-12-25 06:40:00",2389,5.581,94.3,0,0,282.7,3.026,207.9,11.18,5.331,2.721,0.178,0.041,2.494,4.94
"2021-12-25 06:50:00",2390,5.5,94.7,0,0,278,2.467,189.5,21.03,5.314,2.723,0.178,0.041,2.497,6.52
"2021-12-25 07:00:00",2391,5.409,95.4,0,0,277.9,2.231,190.8,19.45,5.301,2.725,0.178,0.041,2.503,4.8
"2021-12-25 07:10:00",2392,5.488,95.1,0,0,277.8,2.795,206.7,14.27,5.383,2.731,0.178,0.041,2.511,4.65
"2021-12-25 07:20:00",2393,5.553,94.6,0,0,277.9,3.356,201.4,20.6,5.324,2.736,0.178,0.041,2.517,6.01
"2021-12-25 07:30:00",2394,5.507,94.5,0,0,277.7,2.934,206.7,16.48,5.294,2.74,0.178,0.041,2.515,4.68
"2021-12-25 07:40:00",2395,5.553,94.4,0,0,277.2,2.808,203.5,17.92,5.386,2.748,0.179,0.041,2.521,4.48
"2021-12-25 07:50:00",2396,5.527,94.5,0,0,277.2,2.65,192.7,15.62,5.422,2.753,0.179,0.041,2.526,4.39
"2021-12-25 08:00:00",2397,5.598,94.4,0,0.28,277.2,3.154,196.2,17.09,5.481,2.758,0.179,0.041,2.528,6.18
"2021-12-25 08:10:00",2398,5.611,94.3,0,0.985,277.2,2.613,199.2,17.13,5.499,2.767,0.179,0.041,2.531,4.37
"2021-12-25 08:20:00",2399,5.565,94.7,0,1.953,277.3,2.961,197.9,21.09,5.445,2.774,0.179,0.041,2.538,5.09
"2021-12-25 08:30:00",2400,5.587,95,0,4.046,279.8,3.048,198.9,18.07,5.488,2.784,0.179,0.041,2.539,5.95
"2021-12-25 08:40:00",2401,5.535,95.7,0,8.21,282.5,3.252,195.6,19.76,5.504,2.79,0.179,0.041,2.549,5.96
"2021-12-25 08:50:00",2402,5.554,95.9,0,7.324,279.1,3.433,201.4,17.25,5.565,2.803,0.179,0.041,2.555,5.71
"2021-12-25 09:00:00",2403,5.653,95.4,0,13.38,277.7,4.004,200.7,16.31,5.659,2.812,0.179,0.041,2.558,6.82
"2021-12-25 09:10:00",2404,5.652,95,0,28.37,277.5,4.137,201.9,15.02,5.692,2.825,0.179,0.041,2.562,7.48
"2021-12-25 09:20:00",2405,5.679,94.8,0,39.77,277.6,4.043,202.1,14.07,5.722,2.839,0.179,0.042,2.566,7.59
"2021-12-25 09:30:00",2406,5.7,94.8,0,46.61,277.2,3.609,207.7,14.49,5.774,2.85,0.179,0.041,2.568,6.46
"2021-12-25 09:40:00",2407,5.787,94.4,0,42.25,277.2,3.267,212.6,11.23,5.885,2.863,0.179,0.041,2.58,4.79
"2021-12-25 09:50:00",2408,5.793,94.6,0,47.81,278.3,3.401,202.1,18.46,5.921,2.878,0.18,0.041,2.581,7.05
"2021-12-25 10:00:00",2409,5.784,95.4,0,60.96,278.2,3.465,203.7,15.68,5.954,2.887,0.18,0.041,2.593,6.36
"2021-12-25 10:10:00",2410,5.858,95.7,0,69.07,277.6,3.368,198.5,19.44,6.058,2.902,0.18,0.041,2.591,7.02
"2021-12-25 10:20:00",2411,5.874,96.2,0,69.79,277.3,3.033,191.6,19.11,6.061,2.917,0.18,0.042,2.6,5.02
"2021-12-25 10:30:00",2412,5.955,96.4,0,96.3,277.2,3.661,202.3,15.19,6.161,2.932,0.18,0.041,2.606,6.33
"2021-12-25 10:40:00",2413,6.144,95.6,0,100.3,277.2,3.875,199.8,17.37,6.376,2.952,0.18,0.042,2.614,7.72
"2021-12-25 10:50:00",2414,6.286,94.7,0,91.8,277.2,3.87,197.3,17.14,6.511,2.973,0.18,0.042,2.62,7.85
"2021-12-25 11:00:00",2415,6.41,93.9,0,92.7,276.9,3.968,197.9,21.23,6.617,2.993,0.18,0.042,2.629,7.1
"2021-12-25 11:10:00",2416,6.508,93.5,0,95.3,276.5,3.524,200.2,15.52,6.738,3.023,0.18,0.042,2.63,6.04
"2021-12-25 11:20:00",2417,6.576,93.1,0,87.5,287.9,3.767,199,15.4,6.805,3.044,0.18,0.042,2.64,8.26
"2021-12-25 11:30:00",2418,6.582,93.1,0,81.3,293.2,3.701,205.7,17.21,6.788,3.067,0.18,0.042,2.649,6.71
"2021-12-25 11:40:00",2419,6.585,93.2,0,90.9,277.1,3.12,206,17.44,6.807,3.093,0.18,0.042,2.653,5.72
"2021-12-25 11:50:00",2420,6.599,93.1,0,97.1,276.5,2.681,209.6,18.78,6.882,3.117,0.18,0.042,2.667,5.36
"2021-12-25 12:00:00",2421,6.605,93,0,103.2,276.5,3.255,216.6,17.6,6.927,3.135,0.18,0.042,2.673,4.91
"2021-12-25 12:10:00",2422,6.651,92.5,0,110,276.5,3.661,213.9,12.52,6.979,3.154,0.179,0.042,2.682,5.63
"2021-12-25 12:20:00",2423,6.649,93,0,91.8,276.5,2.802,215.5,10.99,7.015,3.17,0.179,0.042,2.697,5.15
"2021-12-25 12:30:00",2424,6.576,93.2,0,64.74,276.5,3.029,213.1,12.33,6.898,3.184,0.179,0.042,2.703,5
"2021-12-25 12:40:00",2425,6.539,93.2,0,71.52,276.5,3.048,206.2,14.61,6.867,3.204,0.179,0.042,2.715,5.27
"2021-12-25 12:50:00",2426,6.646,93,0,97.8,276.5,2.843,201.5,17.62,7.004,3.222,0.179,0.042,2.72,5.3
"2021-12-25 13:00:00",2427,6.72,93.3,0,117.9,276.5,2.534,200.5,21.65,7.139,3.237,0.179,0.042,2.728,5.8
"2021-12-25 13:10:00",2428,6.713,93.6,0,100.7,276.5,2.943,189.3,21.08,7.154,3.257,0.179,0.042,2.746,5.64
"2021-12-25 13:20:00",2429,6.724,94.1,0,72.56,276.5,3.012,209.9,17.81,7.103,3.281,0.179,0.042,2.747,7.74
"2021-12-25 13:30:00",2430,6.686,94.2,0,48.61,276.5,2.562,203.6,18.06,7.013,3.3,0.179,0.042,2.759,4.49
"2021-12-25 13:40:00",2431,6.573,94.5,0,35.15,276.5,2.858,206.8,17.27,6.826,3.321,0.179,0.042,2.775,5.57
"2021-12-25 13:50:00",2432,6.526,94.8,0,38.08,276.7,2.548,198.7,20.57,6.799,3.339,0.179,0.042,2.78,5.92
"2021-12-25 14:00:00",2433,6.513,94.9,0,60.37,276.8,3.01,207,13.39,6.824,3.355,0.179,0.042,2.792,5.23
"2021-12-25 14:10:00",2434,6.487,95.2,0,80.2,276.6,2.139,195.6,20,6.897,3.368,0.179,0.042,2.8,5.69
"2021-12-25 14:20:00",2435,6.448,95.6,0,46.32,276.9,2.191,194.6,26.19,6.839,3.382,0.18,0.042,2.812,3.57
"2021-12-25 14:30:00",2436,6.387,96,0,31.56,277.2,1.942,202.3,19.43,6.716,3.395,0.18,0.042,2.82,4.21
"2021-12-25 14:40:00",2437,6.346,96.3,0,29.55,277.2,2.217,204.2,19.76,6.659,3.409,0.18,0.042,2.831,4.12
"2021-12-25 14:50:00",2438,6.338,96.4,0,31.75,277.2,2.858,201.5,21.09,6.651,3.417,0.18,0.042,2.84,5.4
"2021-12-25 15:00:00",2439,6.339,96.4,0,33.76,277.2,3.051,196.4,17.37,6.63,3.431,0.18,0.042,2.85,5.52
"2021-12-25 15:10:00",2440,6.289,96.6,0,22.79,277.2,3.109,213.9,16.51,6.567,3.44,0.18,0.042,2.858,5.75
"2021-12-25 15:20:00",2441,6.207,96.9,0,18.34,277.2,2.901,205.8,17.43,6.471,3.451,0.18,0.042,2.87,6.91
"2021-12-25 15:30:00",2442,6.1,97.2,0,10.35,278.2,2.826,216.7,13.6,6.367,3.456,0.18,0.042,2.882,4.91
"2021-12-25 15:40:00",2443,5.981,97.7,0,6.339,303.4,2.907,216.1,14.81,6.233,3.466,0.18,0.042,2.886,4.44
"2021-12-25 15:50:00",2444,5.936,98,0,5.271,297.9,3.325,218.6,15.37,6.18,3.472,0.18,0.042,2.897,5.83
"2021-12-25 16:00:00",2445,5.884,98.3,0,3.799,282.3,2.739,219.7,11.66,6.122,3.473,0.18,0.042,2.908,3.85
"2021-12-25 16:10:00",2446,5.846,98.5,0,1.807,278.4,2.252,219,11.63,6.076,3.476,0.18,0.042,2.914,3.49
"2021-12-25 16:20:00",2447,5.824,98.6,0,1.209,278.2,2.182,209.8,11.77,6.046,3.482,0.18,0.042,2.927,3.75
"2021-12-25 16:30:00",2448,5.808,98.7,0,0.464,278.7,2.012,211.6,10.1,6.022,3.484,0.18,0.042,2.93,2.95
"2021-12-25 16:40:00",2449,5.851,98.5,0,0.336,282.9,2.155,201.6,16.57,6.067,3.485,0.18,0.042,2.94,3.12
"2021-12-25 16:50:00",2450,5.819,98.7,0,0.017,287.7,1.822,198.6,19.07,6.032,3.487,0.18,0.042,2.949,4.09
"2021-12-25 17:00:00",2451,5.758,98.9,0,0,311.3,1.847,198.2,13.9,5.972,3.486,0.18,0.042,2.959,3.21
"2021-12-25 17:10:00",2452,5.655,99.2,0,0,439.5,2.101,190,12.55,5.851,3.488,0.18,0.042,2.958,3.53
"2021-12-25 17:20:00",2453,5.632,99.5,0,0,596.6,2.067,202,11.83,5.814,3.489,0.18,0.042,2.969,3.3
"2021-12-25 17:30:00",2454,5.622,99.4,0,0,565.7,1.507,183.9,14.16,5.74,3.49,0.18,0.042,2.978,2.14
"2021-12-25 17:40:00",2455,5.532,99.8,0,0,546.2,1.386,185.5,11.63,5.645,3.49,0.18,0.043,2.981,1.89
"2021-12-25 17:50:00",2456,5.443,99.9,0,0,534.9,1.262,187.4,10.3,5.555,3.49,0.18,0.043,2.991,1.93
"2021-12-25 18:00:00",2457,5.363,100,0,0,528.9,1.222,177.7,9.55,5.433,3.49,0.18,0.042,2.993,2.19
"2021-12-25 18:10:00",2458,5.403,100,0,0,529,1.225,183.1,18.33,5.512,3.49,0.18,0.043,3.005,1.88
"2021-12-25 18:20:00",2459,5.284,100,0,0,533.3,1.017,158.1,13.25,5.318,3.489,0.18,0.043,3.009,1.43
"2021-12-25 18:30:00",2460,5.105,100,0,0,538.3,0.875,157.1,10.49,5.023,3.487,0.18,0.043,3.013,1.62
"2021-12-25 18:40:00",2461,5.099,100,0,0,541.5,0.754,180.2,17.41,5.044,3.484,0.18,0.043,3.021,1.51
"2021-12-25 18:50:00",2462,5.126,100,0,0,548.7,0.923,192.9,9.41,5.071,3.478,0.18,0.043,3.026,1.68
"2021-12-25 19:00:00",2463,5.021,100,0,0,579.7,0.531,0,0,4.972,3.473,0.18,0.043,3.031,1.03
"2021-12-25 19:10:00",2464,4.69,100,0,0,646.3,0.426,0,0,4.839,3.467,0.181,0.043,3.03,0.9
"2021-12-25 19:20:00",2465,4.467,100,0,0,682.5,0.296,62.21,32.2,4.659,3.459,0.181,0.043,3.034,0.65
"2021-12-25 19:30:00",2466,4.582,100,0,0,706.8,0.686,162.4,18.6,4.55,3.454,0.181,0.043,3.039,1.08
"2021-12-25 19:40:00",2467,4.631,100,0.1,0,741.4,0.576,187.6,16.74,4.595,3.448,0.181,0.043,3.046,0.92
"2021-12-25 19:50:00",2468,4.624,100,0,0,814,0.527,124.2,71.52,4.575,3.439,0.181,0.043,3.048,1.11
"2021-12-25 20:00:00",2469,4.309,100,0,0,868,0.502,25.49,18.24,4.459,3.434,0.181,0.043,3.047,0.65
"2021-12-25 20:10:00",2470,4.375,100,0.1,0,894,0.409,20.85,22.25,4.558,3.424,0.181,0.043,3.05,0.7
"2021-12-25 20:20:00",2471,4.274,100,0,0,970,0.211,44.25,21.33,4.534,3.419,0.181,0.043,3.056,0.55
"2021-12-25 20:30:00",2472,4.264,100,0.1,0,1017,0.192,0,0,4.444,3.409,0.181,0.043,3.06,0.38
"2021-12-25 20:40:00",2473,4.215,100,0,0,1025,0.217,0,0,4.329,3.402,0.181,0.043,3.059,0.43
"2021-12-25 20:50:00",2474,4.316,100,0.1,0,1030,0.207,0,0,4.324,3.397,0.181,0.043,3.06,0.62
"2021-12-25 21:00:00",2475,4.272,100,0,0,1036,0.232,0,0,4.28,3.386,0.181,0.043,3.06,0.57
"2021-12-25 21:10:00",2476,4.105,100,0,0,1034,0.253,99.5,60.86,4.19,3.381,0.181,0.043,3.064,0.48
"2021-12-25 21:20:00",2477,4.075,100,0,0,1031,0.195,0,0,4.12,3.374,0.181,0.043,3.066,0.34
"2021-12-25 21:30:00",2478,4.11,100,0,0,1030,0.497,212.6,27.58,4.174,3.368,0.181,0.043,3.068,0.76
"2021-12-25 21:40:00",2479,4.188,100,0,0,1032,0.394,211.1,31.89,4.152,3.361,0.181,0.043,3.067,0.61
"2021-12-25 21:50:00",2480,4.004,100,0.1,0,1033,0.219,20.86,54.58,4.157,3.357,0.181,0.043,3.065,0.37
"2021-12-25 22:00:00",2481,4.112,100,0,0,1037,0.712,10.32,12.58,4.288,3.346,0.181,0.043,3.071,1.24
"2021-12-25 22:10:00",2482,4.075,100,0,0,1037,0.283,87.1,67.18,4.416,3.343,0.181,0.043,3.068,0.54
"2021-12-25 22:20:00",2483,4.045,100,0,0,1038,0.501,237.6,8.37,4.238,3.34,0.181,0.043,3.075,0.65
"2021-12-25 22:30:00",2484,4.202,100,0,0,1036,0.232,0,0,4.307,3.332,0.181,0.043,3.074,0.4
"2021-12-25 22:40:00",2485,3.998,100,0,0,1037,0.667,151.2,11.26,4.27,3.326,0.181,0.043,3.073,0.98
"2021-12-25 22:50:00",2486,3.804,100,0.1,0,1046,0.695,188.4,7.585,4.01,3.324,0.181,0.043,3.069,0.93
"2021-12-25 23:00:00",2487,3.817,100,0.1,0,1051,0.5,192.7,10.74,4.09,3.32,0.181,0.043,3.071,0.81
"2021-12-25 23:10:00",2488,3.875,100,0,0,1048,0.734,137.1,13.27,4.121,3.313,0.181,0.043,3.073,1.15
"2021-12-25 23:20:00",2489,3.78,100,0,0,1050,0.624,183.5,21.82,4.064,3.31,0.181,0.043,3.076,1.13
"2021-12-25 23:30:00",2490,4.142,100,0.2,0,1048,0.551,211.1,21.46,4.314,3.306,0.181,0.043,3.076,0.89
"2021-12-25 23:40:00",2491,3.975,100,0,0,1047,0.437,139.5,15.37,4.277,3.305,0.181,0.043,3.076,0.66
"2021-12-25 23:50:00",2492,3.807,100,0.1,0,1063,0.197,0,0,4.147,3.303,0.181,0.043,3.071,0.42
"2021-12-26 00:00:00",2493,3.99,100,0.1,0,1075,0.349,0,0,4.233,3.303,0.182,0.043,3.075,0.63
"2021-12-26 00:10:00",2494,4.086,100,0.1,0,1070,0.317,0,0,4.295,3.299,0.182,0.043,3.074,0.88
"2021-12-26 00:20:00",2495,4.082,100,0,0,1060,0.151,301.6,52.66,4.282,3.297,0.182,0.043,3.078,0.29
"2021-12-26 00:30:00",2496,4.242,100,0.1,0,1046,0.298,343.3,57.83,4.352,3.293,0.182,0.043,3.075,0.53
"2021-12-26 00:40:00",2497,3.917,100,0,0,1043,0.748,133.5,23.32,4.268,3.29,0.182,0.043,3.072,0.92
"2021-12-26 00:50:00",2498,3.939,100,0,0,1043,0.591,143.6,12.61,4.005,3.288,0.182,0.043,3.077,0.8
"2021-12-26 01:00:00",2499,3.705,100,0,0,1043,0.66,175.2,10.19,3.991,3.287,0.182,0.043,3.074,1
"2021-12-26 01:10:00",2500,3.91,100,0.1,0,1042,0.628,96.8,63.31,4.066,3.286,0.182,0.043,3.074,1.34
"2021-12-26 01:20:00",2501,3.874,100,0,0,1037,0.897,344.2,13.42,4.289,3.286,0.182,0.043,3.078,1.3
"2021-12-26 01:30:00",2502,4.04,100,0,0,1035,0.463,347.7,14.64,4.433,3.286,0.182,0.043,3.076,0.97
"2021-12-26 01:40:00",2503,4.03,100,0,0,1034,0.955,32.25,12.82,4.413,3.283,0.182,0.043,3.076,1.78
"2021-12-26 01:50:00",2504,4.04,100,0,0,1030,1.002,66.54,16.26,4.458,3.284,0.182,0.043,3.078,1.64
"2021-12-26 02:00:00",2505,4.054,100,0,0,1032,1.423,42.77,14.96,4.473,3.284,0.182,0.043,3.078,2.19
"2021-12-26 02:10:00",2506,4.028,100,0,0,1030,1.541,42.86,18.23,4.466,3.282,0.183,0.043,3.076,2.99
"2021-12-26 02:20:00",2507,4.018,100,0,0,1028,1.623,49.75,11.01,4.465,3.285,0.183,0.043,3.076,2.58
"2021-12-26 02:30:00",2508,3.998,100,0,0,1026,1.31,55.62,12.97,4.449,3.284,0.183,0.043,3.084,2.06
"2021-12-26 02:40:00",2509,3.978,100,0,0,1026,1.349,56.66,11.08,4.428,3.284,0.183,0.043,3.075,2.05
"2021-12-26 02:50:00",2510,3.931,100,0,0,1027,0.783,88.6,20.82,4.387,3.286,0.183,0.043,3.08,1.67
"2021-12-26 03:00:00",2511,3.898,100,0,0,1026,1.03,55.65,9.41,4.349,3.287,0.183,0.043,3.08,1.93
"2021-12-26 03:10:00",2512,3.861,100,0,0,1027,0.871,67.33,17.62,4.33,3.288,0.182,0.043,3.074,1.43
"2021-12-26 03:20:00",2513,3.811,100,0,0,1028,0.856,57.62,9.54,4.276,3.287,0.182,0.043,3.085,1.17
"2021-12-26 03:30:00",2514,3.776,100,0,0,1027,0.977,59.58,11.88,4.239,3.286,0.182,0.043,3.082,1.37
"2021-12-26 03:40:00",2515,3.737,100,0,0,1030,0.624,63.98,17.06,4.202,3.287,0.183,0.043,3.082,0.95
"2021-12-26 03:50:00",2516,3.707,100,0.1,0,1037,0.855,44.14,17.75,4.169,3.287,0.182,0.043,3.083,1.33
"2021-12-26 04:00:00",2517,3.664,100,0,0,1041,1.118,65.72,11.67,4.136,3.285,0.183,0.043,3.085,1.7
"2021-12-26 04:10:00",2518,3.621,100,0,0,1015,0.705,86.7,18.98,4.099,3.285,0.183,0.043,3.089,1.36
"2021-12-26 04:20:00",2519,3.578,100,0.1,0,908,0.791,67.16,16.37,4.056,3.285,0.182,0.043,3.089,1.32
"2021-12-26 04:30:00",2520,3.53,100,0.1,0,916,0.576,294.6,54.71,4.001,3.283,0.182,0.043,3.09,1.41
"2021-12-26 04:40:00",2521,3.304,100,0.1,0,914,0.884,277,26.86,3.812,3.283,0.182,0.043,3.091,1.7
"2021-12-26 04:50:00",2522,3.144,100,0.1,0,893,0.796,321.8,26.36,3.683,3.283,0.182,0.043,3.093,1.43
"2021-12-26 05:00:00",2523,3.127,100,0.2,0,869,0.664,340.1,19.61,3.634,3.278,0.182,0.043,3.093,1.23
"2021-12-26 05:10:00",2524,3.073,100,0.2,0,818,0.854,323,19.44,3.595,3.279,0.182,0.043,3.094,1.32
"2021-12-26 05:20:00",2525,2.935,100,0.2,0,817,0.955,313.4,25.8,3.473,3.276,0.182,0.043,3.093,1.59
"2021-12-26 05:30:00",2526,2.743,100,0.1,0,813,0.933,308.8,14.1,3.302,3.275,0.182,0.043,3.095,1.46
"2021-12-26 05:40:00",2527,2.547,100,0.2,0,798.8,1.021,314.6,15.27,3.124,3.275,0.182,0.043,3.099,1.5
"2021-12-26 05:50:00",2528,2.484,100,0.1,0,795.2,0.822,290.5,12.18,3.06,3.275,0.182,0.043,3.099,1.37
"2021-12-26 06:00:00",2529,2.418,100,0,0,783.8,1.047,307.8,12.45,2.988,3.271,0.182,0.043,3.098,1.77
"2021-12-26 06:10:00",2530,2.399,100,0,0,762.9,1.036,305.4,8.59,2.968,3.271,0.182,0.043,3.101,1.49
"2021-12-26 06:20:00",2531,2.392,100,0.1,0,767.7,0.584,290,22.21,2.946,3.271,0.182,0.043,3.097,1.09
"2021-12-26 06:30:00",2532,2.362,100,0.1,0,775.7,0.591,294.8,16.75,2.916,3.266,0.182,0.043,3.103,0.92
"2021-12-26 06:40:00",2533,2.376,100,0.1,0,775.9,0.493,287.5,9.63,2.926,3.26,0.182,0.043,3.105,0.73
"2021-12-26 06:50:00",2534,2.37,100,0.1,0,795.6,0.611,303.5,13.34,2.928,3.258,0.182,0.043,3.099,0.96
"2021-12-26 07:00:00",2535,2.358,100,0.1,0,789.6,0.572,298,16.29,2.917,3.257,0.182,0.043,3.101,0.96
"2021-12-26 07:10:00",2536,2.302,100,0.2,0,805,0.688,303.9,7.741,2.871,3.255,0.182,0.043,3.104,0.87
"2021-12-26 07:20:00",2537,2.302,100,0.1,0,772.2,0.383,296,12.02,2.842,3.253,0.183,0.043,3.105,0.63
"2021-12-26 07:30:00",2538,2.312,100,0,0,768.6,0.43,265.3,14.77,2.851,3.25,0.183,0.043,3.102,0.66
"2021-12-26 07:40:00",2539,2.312,100,0,0,771.5,0.399,269.3,13.3,2.865,3.244,0.183,0.043,3.098,0.65
"2021-12-26 07:50:00",2540,2.262,100,0.1,0.006,766.6,0.774,272,13.65,2.849,3.24,0.183,0.043,3.102,1.14
"2021-12-26 08:00:00",2541,2.219,100,0.1,0.386,779.1,0.65,304.4,17.95,2.8,3.238,0.183,0.043,3.103,0.94
"2021-12-26 08:10:00",2542,2.22,100,0.1,1.035,757.3,0.635,313.3,7.216,2.789,3.238,0.183,0.043,3.102,1.01
"2021-12-26 08:20:00",2543,2.215,100,0,2.272,748.2,0.621,295.6,12.66,2.793,3.235,0.17,0.043,3.105,1.03
"2021-12-26 08:30:00",2544,2.257,100,0,5.519,743.7,0.312,231.6,13.35,2.831,3.231,0.163,0.041,3.113,0.54
"2021-12-26 08:40:00",2545,2.248,100,0,14.31,749.5,0.405,232,13.92,2.864,3.228,0.164,0.041,3.113,0.62
"2021-12-26 08:50:00",2546,2.336,100,0,20.56,751,0.453,268.1,7.606,3.029,3.226,0.164,0.041,3.108,0.66
"2021-12-26 09:00:00",2547,2.484,100,0.1,20.55,736.4,0.194,314.1,49.97,3.171,3.224,0.164,0.041,3.108,0.44
"2021-12-26 09:10:00",2548,2.556,100,0,17.11,745.7,0.549,303.8,14.14,3.258,3.223,0.164,0.041,3.109,0.95
"2021-12-26 09:20:00",2549,2.511,100,0,12.67,746.1,0.551,278.5,12.36,3.25,3.222,0.164,0.041,3.11,1.02
"2021-12-26 09:30:00",2550,2.517,100,0,21.89,716.6,0.653,295.8,8.36,3.251,3.222,0.164,0.041,3.107,0.92
"2021-12-26 09:40:00",2551,2.602,100,0.1,34.56,698.2,0.645,282.3,14.07,3.396,3.218,0.164,0.041,3.108,0.92
"2021-12-26 09:50:00",2552,2.745,100,0,51.31,710.3,0.316,239,40.11,3.56,3.216,0.164,0.041,3.108,0.6
"2021-12-26 10:00:00",2553,3.007,100,0,58.86,728.5,0.168,0,0,3.813,3.217,0.164,0.041,3.11,0.36
"2021-12-26 10:10:00",2554,3.233,100,0,41.61,743.1,0.316,47.57,23.11,4.001,3.217,0.165,0.041,3.107,0.6
"2021-12-26 10:20:00",2555,3.287,100,0.1,53.9,755.6,0.268,0,0,4.079,3.219,0.165,0.041,3.103,0.59
"2021-12-26 10:30:00",2556,3.567,100,0,63.65,722.6,0.285,0,0,4.336,3.222,0.165,0.041,3.102,0.61
"2021-12-26 10:40:00",2557,3.835,100,0,60.59,710.8,0.533,149.2,59.73,4.711,3.223,0.165,0.041,3.105,2.13
"2021-12-26 10:50:00",2558,4.005,100,0,57.02,738.8,0.995,170.8,23.26,4.79,3.224,0.165,0.041,3.103,1.82
"2021-12-26 11:00:00",2559,4.15,100,0.1,67.11,750,0.592,206.2,34.55,4.961,3.232,0.165,0.042,3.105,1.27
"2021-12-26 11:10:00",2560,4.309,100,0,73.45,710.7,0.419,0,0,5.166,3.239,0.165,0.041,3.103,1.01
"2021-12-26 11:20:00",2561,4.302,100,0,73.07,718.2,0.635,252.3,38.35,5.264,3.251,0.165,0.042,3.102,1.41
"2021-12-26 11:30:00",2562,4.388,100,0.1,78.94,729.9,1.124,239.8,23.25,5.357,3.259,0.165,0.042,3.103,3.1
"2021-12-26 11:40:00",2563,4.545,100,0,67.92,763.6,1.106,224.4,34.59,5.454,3.269,0.165,0.042,3.108,2.08
"2021-12-26 11:50:00",2564,4.59,100,0,88.2,764.6,1.256,228.6,25.77,5.512,3.283,0.165,0.042,3.113,3.07
"2021-12-26 12:00:00",2565,4.846,100,0,109.1,730.2,1.546,229.8,26.32,5.753,3.294,0.166,0.042,3.11,3.99
"2021-12-26 12:10:00",2566,4.993,100,0.1,143.2,682.8,1.955,214.7,15.15,5.993,3.309,0.166,0.042,3.112,3.45
"2021-12-26 12:20:00",2567,5.158,100,0,116.1,681.4,2.223,193.3,20.12,6.041,3.327,0.166,0.042,3.112,4.08
"2021-12-26 12:30:00",2568,5.094,100,0,87.5,611,2.473,194.5,14.72,5.819,3.347,0.166,0.042,3.122,5.06
"2021-12-26 12:40:00",2569,5.174,100,0,95.1,585.2,1.755,206.4,15.66,5.905,3.374,0.166,0.042,3.122,2.84
"2021-12-26 12:50:00",2570,5.201,100,0,83.1,571.7,1.636,201.9,17.13,5.878,3.403,0.166,0.042,3.123,3.26
"2021-12-26 13:00:00",2571,5.26,99.5,0,100.1,565.2,1.956,195.3,22.48,5.976,3.429,0.166,0.042,3.133,3.78
"2021-12-26 13:10:00",2572,5.282,98.4,0,98.3,563.8,2.261,199,15.44,5.957,3.454,0.167,0.042,3.135,3.72
"2021-12-26 13:20:00",2573,5.282,98.1,0,94.4,556.4,2.027,198.5,23.79,5.957,3.482,0.167,0.042,3.136,3.28
"2021-12-26 13:30:00",2574,5.2,98.2,0,60.56,541,2.097,195.4,14.06,5.804,3.505,0.167,0.042,3.147,3.24
"2021-12-26 13:40:00",2575,5.232,98.8,0,66.74,526.7,1.586,192.5,19.9,5.812,3.528,0.167,0.042,3.156,2.84
"2021-12-26 13:50:00",2576,5.326,98.6,0,80.7,509.3,1.653,190,21.1,5.926,3.55,0.167,0.042,3.158,3.49
"2021-12-26 14:00:00",2577,5.343,97.6,0,73.34,486.5,1.724,203.4,20.52,5.925,3.571,0.167,0.042,3.164,3.16
"2021-12-26 14:10:00",2578,5.296,98,0,75,468.2,2.148,204.4,14.6,5.872,3.591,0.167,0.042,3.177,3.15
"2021-12-26 14:20:00",2579,5.339,98.1,0,85.5,445.3,1.841,206.4,17.39,5.951,3.609,0.167,0.042,3.183,3.29
"2021-12-26 14:30:00",2580,5.378,97.9,0,70.05,426.1,2.183,208.2,17.88,5.969,3.624,0.167,0.042,3.186,3.72
"2021-12-26 14:40:00",2581,5.413,98,0,45.47,413.1,1.023,192.5,15.67,5.957,3.641,0.167,0.042,3.195,1.98
"2021-12-26 14:50:00",2582,5.382,98.1,0,33.15,404.8,1.25,192.7,20.16,5.869,3.658,0.167,0.042,3.202,2.57
"2021-12-26 15:00:00",2583,5.363,98.1,0,41.92,394.1,1.616,204.7,13.47,5.798,3.671,0.168,0.042,3.209,2.95
"2021-12-26 15:10:00",2584,5.398,98.1,0,53.1,382.3,1.689,200.7,19.15,5.843,3.682,0.168,0.042,3.218,2.75
"2021-12-26 15:20:00",2585,5.412,98.1,0,48.63,369.9,1.599,208.7,20.1,5.838,3.696,0.168,0.042,3.225,2.44
"2021-12-26 15:30:00",2586,5.44,98,0,45.01,359.3,1.3,200.2,20.69,5.854,3.704,0.168,0.042,3.242,2.39
"2021-12-26 15:40:00",2587,5.458,98.5,0,30.02,349.7,0.914,186.5,20.25,5.862,3.715,0.168,0.042,3.245,1.81
"2021-12-26 15:50:00",2588,5.445,98.2,0,18.12,342.7,0.903,149.8,54.65,5.836,3.724,0.168,0.042,3.249,2.06
"2021-12-26 16:00:00",2589,5.334,98.6,0,12.31,337.9,0.829,150.2,14.66,5.683,3.734,0.168,0.042,3.262,1.88
"2021-12-26 16:10:00",2590,5.157,98.9,0,10.81,335.4,1.497,180.7,15.84,5.512,3.74,0.168,0.042,3.265,2.95
"2021-12-26 16:20:00",2591,5.073,98.9,0,9.13,332.4,1.362,167,18.68,5.354,3.747,0.168,0.042,3.269,2.28
"2021-12-26 16:30:00",2592,4.973,99.1,0,3.581,329.1,0.697,0,0,5.215,3.75,0.168,0.042,3.28,1.47
"2021-12-26 16:40:00",2593,4.896,99.2,0,1.365,325.7,0.764,135.3,24.02,5.094,3.754,0.168,0.042,3.282,1.42
"2021-12-26 16:50:00",2594,4.828,99.3,0,0.481,321.3,0.893,143.8,28.53,5.018,3.756,0.168,0.042,3.29,2.16
"2021-12-26 17:00:00",2595,4.758,99.3,0,0.062,316.5,0.795,111.1,26.67,4.928,3.757,0.169,0.042,3.299,1.52
"2021-12-26 17:10:00",2596,4.723,99.1,0,0,313.4,0.937,177.4,14.77,4.891,3.757,0.169,0.042,3.302,2.13
"2021-12-26 17:20:00",2597,4.655,99.3,0,0,307.2,0.985,144.5,23.51,4.862,3.756,0.169,0.042,3.306,1.75
"2021-12-26 17:30:00",2598,4.668,99.3,0,0,300,1.021,192.4,22.55,4.863,3.753,0.169,0.042,3.314,2.44
"2021-12-26 17:40:00",2599,4.75,99.1,0,0,293.3,1.262,186.7,13.61,4.945,3.75,0.169,0.042,3.321,2.14
"2021-12-26 17:50:00",2600,4.817,99.1,0,0,286.5,1.912,214.9,16.56,5.039,3.749,0.169,0.043,3.329,3.03
"2021-12-26 18:00:00",2601,4.875,98.7,0,0,281.2,1.723,201.4,16.33,5.111,3.744,0.169,0.042,3.328,3.41
"2021-12-26 18:10:00",2602,4.877,98.9,0,0,279.6,2.045,191.8,13.99,5.109,3.741,0.169,0.042,3.335,3.81
"2021-12-26 18:20:00",2603,4.88,99,0,0,279.3,1.749,199,15.1,5.145,3.741,0.169,0.043,3.338,3.64
"2021-12-26 18:30:00",2604,4.845,99.3,0,0,282.7,1.2,186.2,18.88,5.097,3.738,0.169,0.042,3.344,2.27
"2021-12-26 18:40:00",2605,4.84,99.5,0,0,308.5,1.399,196,21.03,5.102,3.735,0.169,0.043,3.343,2.45
"2021-12-26 18:50:00",2606,4.919,99.5,0,0,340.6,1.355,196.1,13.56,5.155,3.733,0.169,0.043,3.347,2.27
"2021-12-26 19:00:00",2607,4.903,99.3,0,0,339.8,1.219,171.8,19.51,5.098,3.73,0.169,0.043,3.356,2.08
"2021-12-26 19:10:00",2608,4.866,99.4,0,0,335.2,1.149,162.8,14.72,4.977,3.729,0.169,0.043,3.359,1.99
"2021-12-26 19:20:00",2609,4.797,99.5,0,0,333.3,1.069,159.8,13.77,4.81,3.728,0.169,0.043,3.364,1.86
"2021-12-26 19:30:00",2610,4.701,99.5,0,0,334.4,1.282,158,13.73,4.695,3.725,0.169,0.043,3.363,2.3
"2021-12-26 19:40:00",2611,4.623,99.6,0,0,334.8,1.147,149,13.81,4.695,3.724,0.17,0.043,3.364,1.99
"2021-12-26 19:50:00",2612,4.559,99.6,0,0,335.6,0.843,151.4,22.31,4.618,3.722,0.17,0.043,3.363,1.55
"2021-12-26 20:00:00",2613,4.454,99.6,0,0,357.8,1.205,165.8,20.67,4.443,3.721,0.17,0.043,3.37,2
"2021-12-26 20:10:00",2614,4.455,99.6,0,0,411.9,1.442,180.5,21.65,4.531,3.715,0.17,0.043,3.375,2.77
"2021-12-26 20:20:00",2615,4.528,99.4,0,0,558.3,1.482,178.8,21.27,4.62,3.71,0.17,0.043,3.378,3.36
"2021-12-26 20:30:00",2616,4.535,99.6,0,0,618.8,1.416,167.8,14.16,4.605,3.705,0.17,0.043,3.379,2.27
"2021-12-26 20:40:00",2617,4.53,99.9,0,0,641.7,1.582,170.4,23.22,4.653,3.702,0.17,0.043,3.377,2.75
"2021-12-26 20:50:00",2618,4.433,100,0,0,678.1,1.435,156.1,13.19,4.518,3.697,0.17,0.043,3.383,2.68
"2021-12-26 21:00:00",2619,4.355,100,0,0,700.4,1.642,150.4,18.47,4.369,3.691,0.17,0.043,3.382,3.01
"2021-12-26 21:10:00",2620,4.333,100,0.1,0,818,1.635,161.2,16.19,4.455,3.689,0.17,0.043,3.382,3.22
"2021-12-26 21:20:00",2621,4.376,100,0,0,807,2.034,164.2,18.22,4.545,3.685,0.17,0.043,3.383,3.47
"2021-12-26 21:30:00",2622,4.431,100,0.2,0,834,2.019,181.1,19,4.637,3.682,0.17,0.043,3.392,3.3
"2021-12-26 21:40:00",2623,4.543,99.4,0,0,790.2,1.904,200.6,18.92,4.739,3.68,0.17,0.043,3.384,3.3
"2021-12-26 21:50:00",2624,4.548,99.3,0,0,772,1.907,179.5,20,4.691,3.678,0.17,0.043,3.39,4.37
"2021-12-26 22:00:00",2625,4.549,99.7,0,0,765.2,1.938,183.1,14.4,4.725,3.676,0.186,0.045,3.393,3.79
"2021-12-26 22:10:00",2626,4.621,99.6,0,0,762.5,2.128,175,15.73,4.757,3.675,0.185,0.043,3.396,3.66
"2021-12-26 22:20:00",2627,4.781,98.8,0,0,757.3,2.023,183.5,19.05,4.919,3.675,0.185,0.043,3.401,3.86
"2021-12-26 22:30:00",2628,4.829,98.4,0,0,750.3,2.064,172.7,17.39,4.957,3.673,0.185,0.043,3.4,3.76
"2021-12-26 22:40:00",2629,4.756,98.7,0,0,746.2,1.984,173.5,17.54,4.858,3.672,0.186,0.043,3.406,4.01
"2021-12-26 22:50:00",2630,4.631,98.9,0,0,745.8,1.96,175.1,23.14,4.675,3.674,0.186,0.043,3.401,3.61
"2021-12-26 23:00:00",2631,4.421,99.3,0,0,746.3,1.358,174,17.97,4.37,3.674,0.186,0.043,3.401,2.35
"2021-12-26 23:10:00",2632,4.301,99.7,0,0,749.1,1.601,165.8,19.26,4.179,3.671,0.186,0.043,3.406,2.67
"2021-12-26 23:20:00",2633,4.122,99.8,0,0,750.4,1.106,167.7,16.95,3.962,3.667,0.186,0.043,3.406,2.4
"2021-12-26 23:30:00",2634,4.024,100,0,0,752.5,1.136,175.9,22.68,3.893,3.66,0.186,0.043,3.409,2.16
"2021-12-26 23:40:00",2635,3.979,100,0,0,751.6,1.009,176,26.81,3.903,3.652,0.187,0.043,3.409,1.88
"2021-12-26 23:50:00",2636,4.015,99.8,0,0,750.3,0.509,171.2,49.7,4.031,3.648,0.187,0.043,3.409,1.36
"2021-12-27 00:00:00",2637,4.022,100,0,0,750.6,0.962,167.4,24.65,3.906,3.638,0.187,0.043,3.409,2.36
"2021-12-27 00:10:00",2638,4.247,99.6,0,0,757.1,1.195,193.1,24.34,4.234,3.631,0.187,0.043,3.408,2.63
"2021-12-27 00:20:00",2639,4.191,99.4,0,0,765.6,1.121,191.9,16.28,4.115,3.623,0.187,0.043,3.413,2.16
"2021-12-27 00:30:00",2640,4.04,99.6,0,0,766.8,1.174,163.1,19.54,3.826,3.616,0.188,0.043,3.414,2.51
"2021-12-27 00:40:00",2641,4.004,100,0,0,768.6,1.642,174.2,13.39,3.733,3.606,0.188,0.043,3.408,2.89
"2021-12-27 00:50:00",2642,4.016,99.5,0,0,766.7,1.31,185,22.86,3.906,3.601,0.188,0.043,3.405,3.59
"2021-12-27 01:00:00",2643,4.01,99.3,0,0,765.8,1.512,179.4,23.88,3.957,3.59,0.188,0.043,3.406,3.19
"2021-12-27 01:10:00",2644,4.172,99.2,0,0,774.9,1.853,172.8,16.33,4.213,3.58,0.188,0.043,3.411,3.37
"2021-12-27 01:20:00",2645,4.273,99.2,0,0,825,1.851,171.8,15.42,4.353,3.573,0.188,0.043,3.408,3.49
"2021-12-27 01:30:00",2646,4.34,99.5,0,0,844,1.809,181.3,15.95,4.396,3.565,0.188,0.043,3.408,3.14
"2021-12-27 01:40:00",2647,4.357,99.7,0.1,0,828,1.585,190.3,17.42,4.346,3.56,0.188,0.043,3.412,3.02
"2021-12-27 01:50:00",2648,4.321,99.7,0,0,819,1.302,184.1,19.82,4.319,3.559,0.188,0.043,3.407,3.2
"2021-12-27 02:00:00",2649,4.389,99.8,0,0,822,1.841,186,18.53,4.382,3.556,0.188,0.043,3.412,3.9
"2021-12-27 02:10:00",2650,4.466,99.8,0,0,821,1.944,182.5,16.99,4.442,3.55,0.188,0.043,3.406,3.24
"2021-12-27 02:20:00",2651,4.388,99.9,0,0,822,1.813,178.3,17.97,4.292,3.544,0.188,0.043,3.408,3.57
"2021-12-27 02:30:00",2652,4.34,100,0,0,826,1.51,169.5,18.78,4.239,3.539,0.189,0.043,3.405,3.23
"2021-12-27 02:40:00",2653,4.314,100,0,0,843,1.505,169.3,17.44,4.307,3.536,0.189,0.043,3.408,2.41
"2021-12-27 02:50:00",2654,4.413,100,0,0,843,1.661,181.8,22.86,4.289,3.533,0.189,0.043,3.401,2.89
"2021-12-27 03:00:00",2655,4.429,100,0,0,846,2.103,189.5,19.46,4.362,3.529,0.189,0.043,3.409,4.29
"2021-12-27 03:10:00",2656,4.591,100,0,0,848,2.259,201.3,17.86,4.617,3.527,0.189,0.043,3.403,4.49
"2021-12-27 03:20:00",2657,4.756,99.9,0,0,852,2.762,196.9,15.03,4.855,3.526,0.189,0.043,3.404,4.68
"2021-12-27 03:30:00",2658,4.831,99.6,0,0,853,2.79,200.1,17.71,4.888,3.524,0.189,0.043,3.397,5.17
"2021-12-27 03:40:00",2659,4.882,99.4,0,0,853,2.964,197.4,18.48,4.882,3.524,0.189,0.043,3.4,5.9
"2021-12-27 03:50:00",2660,4.803,99.4,0,0,847,2.665,195,17.2,4.798,3.524,0.189,0.043,3.397,4.54
"2021-12-27 04:00:00",2661,4.667,99.6,0,0,843,2.113,201.6,17.26,4.572,3.524,0.189,0.043,3.401,4.25
"2021-12-27 04:10:00",2662,4.469,99.9,0,0,840,1.789,192.8,17.87,4.316,3.524,0.189,0.043,3.394,3.23
"2021-12-27 04:20:00",2663,4.497,99.9,0,0,841,2.094,190,18.9,4.452,3.525,0.189,0.043,3.399,3.81
"2021-12-27 04:30:00",2664,4.41,100,0,0,841,1.848,198.2,19.55,4.271,3.523,0.189,0.043,3.399,3.35
"2021-12-27 04:40:00",2665,4.419,100,0,0,837,1.742,230.4,19.69,4.236,3.522,0.189,0.043,3.4,2.96
"2021-12-27 04:50:00",2666,4.441,100,0,0,834,1.095,232.4,28.43,4.283,3.518,0.189,0.043,3.403,2.52
"2021-12-27 05:00:00",2667,4.372,100,0,0,835,1.022,219.4,15.06,4.043,3.514,0.189,0.043,3.398,1.94
"2021-12-27 05:10:00",2668,4.451,100,0,0,835,1.015,218.7,10.63,4.17,3.512,0.189,0.043,3.393,1.61
"2021-12-27 05:20:00",2669,4.199,100,0,0,833,0.601,162.9,35.64,3.881,3.502,0.189,0.043,3.397,1.03
"2021-12-27 05:30:00",2670,4.044,100,0,0,831,0.511,155.4,30.24,3.747,3.497,0.189,0.043,3.4,0.93
"2021-12-27 05:40:00",2671,3.892,100,0,0,831,0.533,107.7,22.31,3.851,3.495,0.189,0.043,3.401,1.04
"2021-12-27 05:50:00",2672,3.859,100,0,0,832,0.35,72.4,66.8,3.861,3.49,0.189,0.043,3.395,0.67
"2021-12-27 06:00:00",2673,3.601,100,0,0,834,0.421,152.4,35.24,3.534,3.484,0.189,0.043,3.401,0.66
"2021-12-27 06:10:00",2674,3.434,100,0,0,834,0.801,177,16.76,2.665,3.482,0.189,0.043,3.397,1.21
"2021-12-27 06:20:00",2675,3.255,100,0,0,833,0.666,177.1,25.58,2.583,3.478,0.189,0.043,3.396,1.89
"2021-12-27 06:30:00",2676,3.072,100,0,0,834,0.951,167.4,31.49,2.507,3.468,0.189,0.043,3.402,2.56
"2021-12-27 06:40:00",2677,3.124,100,0,0,836,1.287,199.8,18.41,2.776,3.461,0.189,0.043,3.399,2.37
"2021-12-27 06:50:00",2678,3.017,100,0,0,835,0.879,148.2,19.41,2.793,3.453,0.189,0.043,3.396,1.7
"2021-12-27 07:00:00",2679,2.981,100,0,0,836,0.495,0,0,2.395,3.44,0.189,0.043,3.394,1.1
"2021-12-27 07:10:00",2680,2.705,100,0,0,838,0.643,0,0,1.859,3.428,0.189,0.043,3.398,1.55
"2021-12-27 07:20:00",2681,2.388,100,0,0,840,0.487,132,41.75,1.403,3.417,0.189,0.043,3.391,0.86
"2021-12-27 07:30:00",2682,1.932,100,0,0,844,0.593,49.14,31.71,1.27,3.403,0.189,0.043,3.398,1.08
"2021-12-27 07:40:00",2683,1.886,100,0,0,843,0.977,191.8,25.44,1.098,3.389,0.189,0.043,3.39,1.79
"2021-12-27 07:50:00",2684,2.029,100,0,0.347,833,1.517,156.6,16.48,1.452,3.378,0.189,0.043,3.388,2.5
"2021-12-27 08:00:00",2685,2.214,100,0,1.433,831,1.282,165.9,16.88,1.514,3.365,0.189,0.043,3.385,2.38
"2021-12-27 08:10:00",2686,2.008,100,0,3.638,830,0.89,155,20.23,1.093,3.345,0.189,0.043,3.386,2
"2021-12-27 08:20:00",2687,2.069,100,0,7.063,831,1.011,146.2,14.97,1.233,3.326,0.189,0.043,3.38,1.92
"2021-12-27 08:30:00",2688,1.785,100,0,12.86,832,0.52,166.9,26.43,0.9,3.304,0.189,0.043,3.38,1.2
"2021-12-27 08:40:00",2689,1.814,100,0,36.81,833,0.633,200.6,27.43,0.754,3.286,0.189,0.043,3.376,1.48
"2021-12-27 08:50:00",2690,2.006,100,0,65.07,834,1.213,167.6,18.86,1.125,3.271,0.189,0.043,3.372,2.16
"2021-12-27 09:00:00",2691,1.886,99.5,0,74.1,833,1.106,158.3,12.58,1.424,3.256,0.189,0.043,3.372,1.83
"2021-12-27 09:10:00",2692,2.047,98.9,0,121.2,834,0.649,0,0,1.835,3.238,0.189,0.043,3.364,1.13
"2021-12-27 09:20:00",2693,3.016,96,0,124.8,833,0.198,0,0,2.63,3.223,0.189,0.043,3.359,0.51
"2021-12-27 09:30:00",2694,2.86,94.7,0,120.8,836,0.801,201.2,7.701,2.88,3.209,0.189,0.043,3.357,1.44
"2021-12-27 09:40:00",2695,2.716,97.1,0,147.2,836,0.998,176.3,15.83,2.732,3.198,0.189,0.043,3.355,1.41
"2021-12-27 09:50:00",2696,3.336,96,0,177.8,838,1.089,182.8,9.84,3.335,3.192,0.189,0.043,3.35,1.63
"2021-12-27 10:00:00",2697,4.312,93.8,0,197.6,844,1.018,179.9,15.15,4.089,3.189,0.189,0.043,3.348,2.06
"2021-12-27 10:10:00",2698,5.111,91.6,0,223.2,851,0.578,85.1,66.79,5.454,3.189,0.189,0.043,3.339,1.1
"2021-12-27 10:20:00",2699,5.336,91.5,0,229.2,845,0.638,43.88,13.13,5.682,3.195,0.189,0.043,3.331,0.93
"2021-12-27 10:30:00",2700,5.409,91.7,0,245.1,839,0.823,37.2,13.87,5.687,3.199,0.189,0.043,3.329,1.11
"2021-12-27 10:40:00",2701,6.224,90.4,0,257.3,830,0.544,37.18,34.46,6.256,3.203,0.189,0.043,3.326,0.95
"2021-12-27 10:50:00",2702,7.923,85.4,0,254,823,0.38,86.4,49.78,8.21,3.21,0.189,0.043,3.33,0.83
"2021-12-27 11:00:00",2703,7.51,81.9,0,274.6,816,0.778,262.8,54.55,8.35,3.222,0.189,0.043,3.321,1.36
"2021-12-27 11:10:00",2704,6.247,87.6,0,189.6,810,1.302,336.6,15.31,6.659,3.221,0.19,0.043,3.318,1.97
"2021-12-27 11:20:00",2705,5.909,89.8,0,255.8,798.4,1.605,8.39,9.42,6.542,3.244,0.189,0.043,3.316,2.32
"2021-12-27 11:30:00",2706,6.17,88.3,0,303.1,787.7,1.569,11.19,8.83,6.931,3.277,0.189,0.043,3.309,2.37
"2021-12-27 11:40:00",2707,6.561,86.5,0,307.1,776.1,1.188,16.37,14.7,7.227,3.281,0.189,0.043,3.313,2.1
"2021-12-27 11:50:00",2708,7.154,85.8,0,311.1,761.4,0.986,20.44,30.46,7.666,3.312,0.189,0.043,3.312,1.81
"2021-12-27 12:00:00",2709,7.15,85.7,0,311.8,746.3,0.93,346.5,25.45,7.8,3.338,0.189,0.043,3.308,1.91
"2021-12-27 12:10:00",2710,8.02,82.5,0,317.4,726.2,0.618,312.5,87.9,8.64,3.364,0.189,0.043,3.307,1.19
"2021-12-27 12:20:00",2711,7.729,83.9,0,323.6,709.5,1.003,325.7,37.89,8.29,3.379,0.189,0.043,3.313,2.14
"2021-12-27 12:30:00",2712,7.373,85.3,0,278.3,697.1,0.904,337.3,29.29,7.99,3.417,0.189,0.043,3.314,1.61
"2021-12-27 12:40:00",2713,7.783,84,0,332.2,684.8,0.82,329.8,33.56,8.24,3.436,0.189,0.043,3.313,1.67
"2021-12-27 12:50:00",2714,7.471,85.1,0,178.4,679,0.943,7.477,29.98,8.05,3.468,0.189,0.043,3.318,1.78
"2021-12-27 13:00:00",2715,7.36,86.8,0,271.1,674.7,0.919,14.06,32.25,7.964,3.496,0.189,0.043,3.317,1.32
"2021-12-27 13:10:00",2716,7.829,85.4,0,300.9,658.6,1.119,317.7,20.81,8.77,3.529,0.189,0.043,3.323,1.94
"2021-12-27 13:20:00",2717,7.711,85.9,0,221,647.2,1.294,328.6,12.84,8.54,3.537,0.189,0.043,3.335,2.18
"2021-12-27 13:30:00",2718,7.385,87.2,0,162.4,639.9,1.515,326.5,15.72,7.996,3.577,0.189,0.043,3.333,2.5
"2021-12-27 13:40:00",2719,7.125,87.7,0,164.3,631.2,1.503,318.1,10.17,7.654,3.603,0.189,0.043,3.346,2.18
"2021-12-27 13:50:00",2720,7.245,87.6,0,219,619.6,1.427,324.2,11.58,7.778,3.63,0.189,0.043,3.349,2.15
"2021-12-27 14:00:00",2721,7.812,86.2,0,328.3,601.1,1.296,339.2,22.15,8.53,3.663,0.189,0.043,3.349,2.14
"2021-12-27 14:10:00",2722,7.976,85.6,0,275.5,582.1,1.214,328.9,25.16,8.84,3.694,0.189,0.043,3.358,1.92
"2021-12-27 14:20:00",2723,7.546,88.6,0,161.7,568.9,1.538,310.8,14.34,8.25,3.711,0.189,0.043,3.369,2.47
"2021-12-27 14:30:00",2724,7.247,90,0,175,550.6,1.512,331.6,22.52,7.806,3.748,0.189,0.043,3.378,2.19
"2021-12-27 14:40:00",2725,7.022,91.7,0,145.4,533.7,1.561,356.6,9.38,7.548,3.761,0.189,0.043,3.387,2.05
"2021-12-27 14:50:00",2726,6.987,92.4,0,134.3,519.4,1.354,353.8,13.62,7.467,3.789,0.189,0.043,3.395,2.01
"2021-12-27 15:00:00",2727,7.004,92.3,0,105.5,503.3,1.289,331.5,19.98,7.455,3.819,0.189,0.043,3.401,1.87
"2021-12-27 15:10:00",2728,6.834,93.1,0,71.62,489.9,1.074,321.5,25.83,7.197,3.825,0.189,0.043,3.405,1.73
"2021-12-27 15:20:00",2729,6.628,94.3,0,51.84,479.9,0.64,306.6,29.92,6.993,3.847,0.189,0.043,3.418,1.32
"2021-12-27 15:30:00",2730,6.513,95,0,31.63,474.5,0.488,17.15,92.4,6.782,3.872,0.189,0.043,3.428,0.81
"2021-12-27 15:40:00",2731,6.183,97.1,0,20.2,473,0.793,148.2,21.17,6.436,3.866,0.189,0.043,3.433,1.1
"2021-12-27 15:50:00",2732,5.915,99,0,14.22,472.7,0.817,184.1,72.34,5.976,3.887,0.189,0.043,3.447,1.66
"2021-12-27 16:00:00",2733,5.831,99.3,0,9.68,471.9,0.926,217.8,90,5.632,3.904,0.189,0.043,3.457,1.83
"2021-12-27 16:10:00",2734,5.836,99.3,0,6.227,471.8,0.568,0,0,5.645,3.896,0.189,0.043,3.465,1.1
"2021-12-27 16:20:00",2735,5.708,99,0,5.382,472.5,0.953,282.5,15.76,5.432,3.907,0.189,0.043,3.474,1.31
"2021-12-27 16:30:00",2736,5.583,99,0,2.853,472.6,1.821,230.3,7.313,5.371,3.921,0.189,0.043,3.482,2.48
"2021-12-27 16:40:00",2737,5.521,99.4,0,1.455,469.3,1.648,242.4,5.628,5.488,3.9,0.189,0.044,3.489,2.42
"2021-12-27 16:50:00",2738,5.312,99.6,0,0.587,472.4,0.685,219.3,35.36,5.13,3.913,0.189,0.043,3.496,1.31
"2021-12-27 17:00:00",2739,5.157,100,0,0.056,477.1,0.638,238.9,34.84,4.866,3.915,0.189,0.043,3.498,1.07
"2021-12-27 17:10:00",2740,5.174,100,0,0,482.7,1.797,223.4,4.951,4.855,3.911,0.189,0.043,3.509,2.36
"2021-12-27 17:20:00",2741,5.119,100,0,0,484.3,1.274,220.7,6.204,4.939,3.91,0.189,0.043,3.52,1.8
"2021-12-27 17:30:00",2742,4.908,100,0,0,486.2,0.793,199,24.67,4.763,3.92,0.189,0.043,3.519,1.08
"2021-12-27 17:40:00",2743,5.044,99.9,0,0,487.5,1.591,200.6,27.71,5.066,3.895,0.189,0.043,3.525,3.41
"2021-12-27 17:50:00",2744,5.279,97.9,0,0,478,2.037,200.3,15.33,5.426,3.903,0.189,0.043,3.53,3.43
"2021-12-27 18:00:00",2745,5.339,96.2,0,0,463.1,2.186,199.1,13.32,5.519,3.901,0.189,0.043,3.535,3.3
"2021-12-27 18:10:00",2746,5.321,95.4,0,0,448.4,2.237,208.5,11.53,5.408,3.893,0.189,0.043,3.537,3.33
"2021-12-27 18:20:00",2747,5.223,95.4,0,0,434.9,2.215,204.6,11.72,5.32,3.891,0.189,0.043,3.542,3.59
"2021-12-27 18:30:00",2748,5.191,95.2,0,0,421.5,1.933,196.7,18.04,5.3,3.896,0.189,0.043,3.549,3.91
"2021-12-27 18:40:00",2749,5.14,94.9,0,0,409.9,2.517,199.7,17.19,5.276,3.877,0.189,0.043,3.55,4.3
"2021-12-27 18:50:00",2750,5.064,94.8,0,0,396.4,2.562,202.6,15.39,5.198,3.876,0.189,0.043,3.554,4.4
"2021-12-27 19:00:00",2751,5.01,94.9,0,0,382.5,2.551,205.6,13.56,5.177,3.884,0.189,0.043,3.56,4.47
"2021-12-27 19:10:00",2752,4.927,95.3,0,0,369.6,2.389,195,15.41,5.113,3.868,0.189,0.043,3.553,4.47
"2021-12-27 19:20:00",2753,4.912,95.3,0,0,360,2.626,198.3,16.24,5.125,3.874,0.189,0.043,3.558,5.58
"2021-12-27 19:30:00",2754,4.862,95.8,0,0,400.8,2.653,194.3,18.64,5.085,3.874,0.189,0.043,3.557,4.24
"2021-12-27 19:40:00",2755,4.818,96.4,0,0,476.5,3.069,204.6,17.98,5.05,3.854,0.189,0.043,3.564,5.9
"2021-12-27 19:50:00",2756,4.807,96.7,0.1,0,665.3,2.886,198.9,20.96,5.043,3.864,0.189,0.043,3.573,5.72
"2021-12-27 20:00:00",2757,4.689,97.7,0.2,0,825,2.654,189.9,22.64,4.92,3.863,0.189,0.043,3.57,4.51
"2021-12-27 20:10:00",2758,4.626,98.3,0.2,0,892,3.114,199.1,20.34,4.916,3.859,0.189,0.043,3.571,5.88
"2021-12-27 20:20:00",2759,4.603,98.6,0.2,0,921,3.206,205,18.91,4.907,3.857,0.189,0.044,3.575,4.86
"2021-12-27 20:30:00",2760,4.582,98.9,0.2,0,946,3.539,208.8,17.78,4.888,3.869,0.189,0.043,3.581,6.34
"2021-12-27 20:40:00",2761,4.558,99,0.5,0,946,3.485,197.6,21.27,4.882,3.848,0.189,0.043,3.577,6.32
"2021-12-27 20:50:00",2762,4.495,98.8,0.4,0,906,3.293,181.5,23.66,4.799,3.859,0.189,0.043,3.581,6.33
"2021-12-27 21:00:00",2763,4.427,99.1,0.1,0,854,2.737,189.9,29.15,4.745,3.864,0.189,0.043,3.579,5.44
"2021-12-27 21:10:00",2764,4.403,99.5,0.1,0,801,2.888,175.9,21.69,4.725,3.857,0.189,0.043,3.582,8.14
"2021-12-27 21:20:00",2765,4.415,99.6,0,0,747.3,2.982,169.6,21.27,4.735,3.858,0.189,0.043,3.586,5.44
"2021-12-27 21:30:00",2766,4.468,99.2,0,0,692.3,2.967,176,20.65,4.759,3.872,0.189,0.043,3.586,4.94
"2021-12-27 21:40:00",2767,4.532,98.8,0.1,0,671.8,3.231,164.1,19.46,4.781,3.859,0.189,0.043,3.588,5.04
"2021-12-27 21:50:00",2768,4.549,98.8,0,0,619.7,3.14,176.9,19.74,4.791,3.873,0.189,0.043,3.589,5.42
"2021-12-27 22:00:00",2769,4.674,98.5,0,0,560.3,3.271,181.1,23.89,4.921,3.879,0.189,0.043,3.594,7.13
"2021-12-27 22:10:00",2770,4.792,98.2,0,0,541.2,3.229,178.9,25.79,4.995,3.876,0.189,0.044,3.592,5.95
"2021-12-27 22:20:00",2771,4.872,98,0,0,524.3,3.168,183,22.98,5.068,3.874,0.189,0.043,3.597,6.38
"2021-12-27 22:30:00",2772,4.989,97.8,0,0,534.6,3.435,198.6,19.12,5.201,3.889,0.189,0.043,3.597,6.33
"2021-12-27 22:40:00",2773,5.095,97.5,0,0,584.3,4.073,192.6,22.63,5.285,3.876,0.189,0.043,3.603,6.48
"2021-12-27 22:50:00",2774,5.146,97.1,0,0,495.6,3.961,196.7,18.03,5.295,3.893,0.189,0.043,3.605,7.53
"2021-12-27 23:00:00",2775,5.216,96.4,0,0,432.6,4.151,195,16.05,5.314,3.901,0.189,0.043,3.603,7.96
"2021-12-27 23:10:00",2776,5.149,96.7,0,0,399.5,3.727,198.3,18,5.264,3.896,0.189,0.043,3.605,5.94
"2021-12-27 23:20:00",2777,5.257,96.2,0,0,377.7,3.279,198.9,19.54,5.419,3.903,0.189,0.043,3.61,5.92
"2021-12-27 23:30:00",2778,5.243,95.9,0,0,368.1,3.594,194.6,15.25,5.309,3.91,0.189,0.043,3.607,6.52
"2021-12-27 23:40:00",2779,5.151,95.9,0,0,354.6,3.636,193.8,18.1,5.17,3.898,0.189,0.044,3.614,6.81
"2021-12-27 23:50:00",2780,5.089,96,0,0,340.8,3.905,199.1,16.3,5.058,3.907,0.189,0.044,3.619,8.18
"2021-12-28 00:00:00",2781,5.049,95.7,0,0,325.1,3.304,191.9,20.56,4.981,3.911,0.189,0.043,3.614,5.57
"2021-12-28 00:10:00",2782,4.952,95.8,0,0,313.7,3.261,204.7,17.28,4.883,3.898,0.189,0.044,3.612,6.34
"2021-12-28 00:20:00",2783,4.774,96.3,0,0,304.5,3.083,199.1,18.56,4.635,3.902,0.189,0.044,3.625,4.63
"2021-12-28 00:30:00",2784,4.616,96.6,0,0,299.9,2.304,190.5,18.19,4.453,3.902,0.189,0.044,3.625,4.28
"2021-12-28 00:40:00",2785,4.655,96.7,0,0,294.1,3.239,197.3,21.06,4.615,3.875,0.189,0.044,3.627,6.75
"2021-12-28 00:50:00",2786,4.845,96,0,0,281.5,2.839,191.5,24.03,4.857,3.879,0.189,0.044,3.629,5.05
"2021-12-28 01:00:00",2787,4.922,95.6,0,0,279,3.214,187.4,20.76,4.846,3.875,0.189,0.044,3.632,5.4
"2021-12-28 01:10:00",2788,4.885,95.2,0,0,279.2,2.952,197,18.43,4.755,3.854,0.189,0.044,3.631,5.8
"2021-12-28 01:20:00",2789,4.839,95.1,0,0,278.8,3.582,211.2,15.27,4.718,3.857,0.189,0.044,3.632,5.64
"2021-12-28 01:30:00",2790,4.799,95,0,0,278.7,3.138,201.4,15.17,4.645,3.852,0.189,0.044,3.628,6.53
"2021-12-28 01:40:00",2791,4.859,94.5,0,0,278.6,3.378,205,14.45,4.74,3.831,0.19,0.044,3.632,5.08
"2021-12-28 01:50:00",2792,4.724,94.8,0,0,279.1,2.747,194.2,20.16,4.507,3.833,0.19,0.044,3.634,4.34
"2021-12-28 02:00:00",2793,4.792,94.4,0,0,278.8,2.856,208.5,14.76,4.513,3.833,0.19,0.044,3.637,4.7
"2021-12-28 02:10:00",2794,4.734,94.5,0,0,279.1,2.457,199.8,16.85,4.467,3.804,0.19,0.044,3.637,4.4
"2021-12-28 02:20:00",2795,4.67,94.5,0,0,279,2.225,204.5,17.2,4.441,3.8,0.19,0.044,3.639,4.2
"2021-12-28 02:30:00",2796,4.513,94.9,0,0,279.8,1.725,200.9,20.54,4.122,3.796,0.19,0.044,3.637,3.51
"2021-12-28 02:40:00",2797,4.336,95.1,0,0,279.8,1.217,172.5,26.17,3.968,3.773,0.19,0.044,3.634,2.18
"2021-12-28 02:50:00",2798,3.97,96.2,0,0,283.8,1.224,151.2,16.6,3.311,3.774,0.19,0.044,3.629,2.2
"2021-12-28 03:00:00",2799,3.722,97.3,0,0,289.5,1.272,146.6,21.18,3.101,3.766,0.19,0.044,3.63,2.04
"2021-12-28 03:10:00",2800,3.458,97.6,0,0,294.9,1.216,151.9,14.85,2.83,3.736,0.19,0.044,3.629,2.3
"2021-12-28 03:20:00",2801,3.272,98.4,0,0,300.5,1.332,151.3,20.6,2.654,3.729,0.19,0.044,3.627,2.44
"2021-12-28 03:30:00",2802,3.274,97.9,0,0,303.6,1.022,135.5,27.82,2.616,3.717,0.19,0.044,3.631,2.62
"2021-12-28 03:40:00",2803,3.114,97.7,0,0,307.8,1.188,129.7,15.72,2.408,3.693,0.19,0.044,3.626,2.15
"2021-12-28 03:50:00",2804,3.056,97.5,0,0,311.6,1.614,138.5,16.48,2.279,3.688,0.19,0.044,3.627,2.66
"2021-12-28 04:00:00",2805,2.949,97.7,0,0,315.5,1.459,137.4,12.71,2.226,3.666,0.19,0.044,3.625,2.97
"2021-12-28 04:10:00",2806,2.971,97.6,0,0,319,1.308,141.7,13.32,2.261,3.65,0.19,0.044,3.62,2.53
"2021-12-28 04:20:00",2807,2.783,98,0,0,323.2,1.173,139.6,16.42,2.07,3.622,0.19,0.044,3.611,1.94
"2021-12-28 04:30:00",2808,2.663,98.5,0,0,326.9,1.7,146.6,12.48,1.975,3.616,0.19,0.044,3.611,2.54
"2021-12-28 04:40:00",2809,2.881,97.5,0,0,326.4,1.576,157.5,12.28,2.372,3.582,0.19,0.044,3.61,2.84
"2021-12-28 04:50:00",2810,2.953,97.3,0,0,324.5,1.973,154.2,12.29,2.491,3.571,0.19,0.044,3.606,3.44
"2021-12-28 05:00:00",2811,3.256,96.4,0,0,318.1,2.083,161.5,13.46,2.91,3.562,0.19,0.044,3.606,3.43
"2021-12-28 05:10:00",2812,3.341,96.1,0,0,308.4,1.667,145.9,15.27,3.088,3.529,0.19,0.044,3.601,2.71
"2021-12-28 05:20:00",2813,3.279,96.4,0,0,299.3,1.598,137.8,14.74,3.054,3.529,0.19,0.044,3.601,2.72
"2021-12-28 05:30:00",2814,3.354,96.2,0,0,291.1,1.062,161.1,17.45,3.141,3.522,0.19,0.044,3.599,2.17
"2021-12-28 05:40:00",2815,3.296,96.5,0,0,286.1,1.173,171.7,18.8,3.203,3.503,0.191,0.044,3.599,2.18
"2021-12-28 05:50:00",2816,3.504,95.9,0,0,284.2,1.167,166.5,20.26,3.402,3.51,0.191,0.044,3.586,2.08
"2021-12-28 06:00:00",2817,3.656,95.3,0,0,286.8,1.074,161.4,20.99,3.493,3.506,0.191,0.044,3.583,1.94
"2021-12-28 06:10:00",2818,3.739,95.5,0,0,297.5,0.745,168.5,26.2,3.527,3.489,0.191,0.044,3.58,1.58
"2021-12-28 06:20:00",2819,3.802,95.4,0,0,377.4,0.783,173.3,18.94,3.502,3.492,0.191,0.044,3.571,1.54
"2021-12-28 06:30:00",2820,3.873,96,0.1,0,635.5,0.951,133.5,17.12,3.61,3.497,0.191,0.044,3.575,2.24
"2021-12-28 06:40:00",2821,3.717,96.6,0,0,708.1,0.574,151.4,71.27,3.587,3.481,0.191,0.044,3.569,1
"2021-12-28 06:50:00",2822,3.578,98.4,0,0,814,1.376,190.1,21.86,3.318,3.494,0.191,0.044,3.567,2.53
"2021-12-28 07:00:00",2823,4.011,97.6,0.1,0,866,2.029,179.9,18.82,3.87,3.493,0.191,0.044,3.561,3.75
"2021-12-28 07:10:00",2824,4.228,95.9,0,0,852,1.587,180.4,18.56,4.261,3.49,0.191,0.044,3.559,3.64
"2021-12-28 07:20:00",2825,4.295,95.6,0,0,852,2.175,209.1,17.72,4.342,3.491,0.191,0.044,3.555,3.9
"2021-12-28 07:30:00",2826,4.318,95.6,0,0,842,1.799,195,14.08,4.374,3.501,0.191,0.044,3.552,2.96
"2021-12-28 07:40:00",2827,4.206,96.2,0.3,0,903,2.083,186.1,17.61,4.338,3.487,0.191,0.044,3.549,3.38
"2021-12-28 07:50:00",2828,4.048,97.2,0.1,0,937,1.667,192.8,22,4.21,3.503,0.191,0.044,3.55,3.92
"2021-12-28 08:00:00",2829,3.981,97.5,0.1,0.157,956,2.14,174.2,23.55,4.133,3.506,0.191,0.044,3.548,3.93
"2021-12-28 08:10:00",2830,3.929,98.2,0.4,0.347,1013,1.972,171,23.41,4.126,3.509,0.191,0.044,3.545,3.87
"2021-12-28 08:20:00",2831,3.956,98.9,0.3,0.868,1031,1.761,145.7,20.67,4.11,3.512,0.191,0.044,3.542,3.47
"2021-12-28 08:30:00",2832,3.916,99.6,0.5,1.338,963,1.363,149.6,21.99,4.127,3.53,0.191,0.044,3.541,2.33
"2021-12-28 08:40:00",2833,3.827,100,0.1,1.679,931,1.85,141,26.08,4.098,3.519,0.191,0.044,3.542,4.44
"2021-12-28 08:50:00",2834,3.834,99.9,0,2.395,870,3.025,148.4,20.04,4.079,3.529,0.191,0.044,3.538,4.83
"2021-12-28 09:00:00",2835,3.777,99.7,0,5.972,850,2.874,151.8,18.72,4.03,3.541,0.191,0.044,3.537,5.53
"2021-12-28 09:10:00",2836,3.726,99.7,0,17.34,851,2.852,156.4,17.33,4.038,3.534,0.191,0.044,3.535,5.72
"2021-12-28 09:20:00",2837,3.786,99.6,0.1,35.1,850,2.804,149.5,18.71,4.099,3.553,0.191,0.044,3.541,5.26
"2021-12-28 09:30:00",2838,3.88,99.7,0,29.37,868,3.074,146.9,20.59,4.218,3.544,0.191,0.044,3.541,4.75
"2021-12-28 09:40:00",2839,4.061,99.6,0,53.6,824,3.518,165.3,18.56,4.411,3.56,0.191,0.044,3.538,6.4
"2021-12-28 09:50:00",2840,4.408,98.9,0,81.5,774.2,3.1,171.2,21.89,4.786,3.574,0.191,0.044,3.536,5.25
"2021-12-28 10:00:00",2841,4.603,98.6,0.1,39.04,813,2.915,160,19.97,4.913,3.585,0.191,0.044,3.54,5.24
"2021-12-28 10:10:00",2842,4.667,98.4,0,46.09,807,2.742,160.7,20.81,4.949,3.59,0.191,0.044,3.537,5.84
"2021-12-28 10:20:00",2843,4.686,98.6,0.1,48.32,844,2.434,161.2,15.8,5.025,3.608,0.191,0.044,3.547,4.47
"2021-12-28 10:30:00",2844,5.067,97.5,0,143.2,806,2.301,173.3,23.78,5.517,3.628,0.191,0.044,3.542,4.15
"2021-12-28 10:40:00",2845,5.41,95.8,0,126.6,772.2,2.338,188.7,32.31,5.866,3.634,0.191,0.044,3.54,5.6
"2021-12-28 10:50:00",2846,5.619,95.3,0,153.1,755.3,2.495,192.3,23.83,6.16,3.664,0.191,0.044,3.542,4.73
"2021-12-28 11:00:00",2847,5.813,95.7,0.1,74.65,830,3.836,191.9,20.77,6.191,3.688,0.191,0.044,3.548,6.14
"2021-12-28 11:10:00",2848,5.924,95.8,0,114.5,805,3.707,197.5,21.18,6.247,3.699,0.191,0.044,3.544,6.6
"2021-12-28 11:20:00",2849,6.099,95.1,0,108.4,739.5,3.66,200.5,17.16,6.414,3.73,0.191,0.044,3.557,6.52
"2021-12-28 11:30:00",2850,6.302,94.3,0,102.9,719,3.779,207.6,20.82,6.598,3.765,0.191,0.044,3.552,7.92
"2021-12-28 11:40:00",2851,6.512,93.9,0,131.1,713.1,5.491,199.6,16.78,6.81,3.772,0.191,0.044,3.558,9.9
"2021-12-28 11:50:00",2852,6.577,94.7,0,187.4,674,6.006,205.8,18.83,6.998,3.812,0.192,0.044,3.563,11.78
"2021-12-28 12:00:00",2853,6.741,94.4,0,184.3,578.2,5.194,203.8,16.79,7.265,3.849,0.192,0.044,3.565,8.31
"2021-12-28 12:10:00",2854,6.708,94.4,0,128.7,466.4,5.311,201.4,17.6,7.16,3.875,0.192,0.044,3.573,9.25
"2021-12-28 12:20:00",2855,6.685,94.9,0,109.7,371.1,5.659,203.5,16.44,7.091,3.919,0.192,0.044,3.578,9.07
"2021-12-28 12:30:00",2856,6.655,95.1,0.1,99.9,302,6.042,198.3,17.49,7.022,3.967,0.192,0.044,3.586,13.64
"2021-12-28 12:40:00",2857,6.778,95.2,0,113.2,278.8,5.635,206.9,15.74,7.193,3.986,0.192,0.044,3.597,9.2
"2021-12-28 12:50:00",2858,6.984,95.2,0,158.1,277.5,5.202,201.4,13.78,7.448,4.033,0.192,0.044,3.603,7.97
"2021-12-28 13:00:00",2859,7.267,95,0,126,277.2,5.62,206.3,14,7.678,4.073,0.192,0.044,3.616,9.25
"2021-12-28 13:10:00",2860,7.338,95.2,0,95.3,277.2,5.964,207.7,16.74,7.7,4.1,0.192,0.044,3.622,13.62
"2021-12-28 13:20:00",2861,7.376,95.7,0,102.4,278.6,5.356,201.7,15.39,7.721,4.141,0.192,0.044,3.634,8.8
"2021-12-28 13:30:00",2862,7.313,96.3,0,73.97,283.9,5.323,203.8,17.01,7.614,4.187,0.192,0.044,3.649,9.17
"2021-12-28 13:40:00",2863,7.396,96.2,0,75.38,277.8,5.259,201.1,17.57,7.705,4.202,0.193,0.044,3.657,10.21
"2021-12-28 13:50:00",2864,7.523,95.8,0,89,277.6,5.292,203.9,18.1,7.815,4.247,0.192,0.044,3.669,9.01
"2021-12-28 14:00:00",2865,7.633,95.5,0,88.3,277.2,5.668,201.4,18.97,7.925,4.285,0.193,0.044,3.682,9.51
"2021-12-28 14:10:00",2866,7.674,95.4,0,71.21,277.2,4.045,196.9,19,7.968,4.305,0.193,0.044,3.697,7.66
"2021-12-28 14:20:00",2867,7.71,95.2,0,52.65,277.2,4.504,195.4,21.25,7.961,4.343,0.193,0.044,3.716,8.19
"2021-12-28 14:30:00",2868,7.625,96.2,0,30.59,277.9,4.478,197.4,21.25,7.849,4.382,0.193,0.044,3.723,6.85
"2021-12-28 14:40:00",2869,7.564,97.3,0,30.38,277.9,4.634,203.9,18.04,7.816,4.391,0.193,0.044,3.738,8.24
"2021-12-28 14:50:00",2870,7.64,97.1,0,23.04,277.9,4.268,201.1,20.61,7.883,4.429,0.193,0.044,3.748,8.58
"2021-12-28 15:00:00",2871,7.707,96.9,0,25.26,279.3,4.593,203.3,17.42,7.933,4.451,0.193,0.044,3.767,8.67
"2021-12-28 15:10:00",2872,7.851,96.6,0,26.74,290.1,4.163,197.1,17.63,8.05,4.473,0.193,0.044,3.773,7.89
"2021-12-28 15:20:00",2873,7.873,97.1,0.1,15.16,512.9,5.787,201.7,20.16,8.05,4.492,0.193,0.044,3.793,12.26
"2021-12-28 15:30:00",2874,7.727,98.4,0.2,10.54,729.2,5.299,204.8,14.91,7.909,4.526,0.194,0.044,3.805,10.74
"2021-12-28 15:40:00",2875,7.753,98.7,0.1,7.117,625.3,5.155,205.8,17.64,7.972,4.533,0.194,0.044,3.813,8.16
"2021-12-28 15:50:00",2876,7.817,98.8,0.3,3.256,690.9,5.147,202.3,16.19,8.01,4.564,0.194,0.045,3.829,8.9
"2021-12-28 16:00:00",2877,7.904,98.6,0.1,1.975,653.4,5.187,206.7,13.7,8.08,4.595,0.194,0.045,3.841,8.86
"2021-12-28 16:10:00",2878,8.1,97.3,0.3,1.958,653.4,7.02,211.3,14.98,8.24,4.604,0.194,0.045,3.859,11.21
"2021-12-28 16:20:00",2879,8.06,96.8,0.4,1.309,588.9,6.292,213.7,13.85,8.19,4.633,0.194,0.045,3.873,11.45
"2021-12-28 16:30:00",2880,7.981,96.6,0.2,0.699,488.3,5.345,207.5,16.92,8.1,4.668,0.194,0.045,3.885,10.03
"2021-12-28 16:40:00",2881,8.02,94.7,0,0.425,407.8,5.291,211.9,13.44,8.08,4.675,0.194,0.045,3.9,10.14
"2021-12-28 16:50:00",2882,7.911,93.8,0,0.034,441.3,4.589,212,17.52,7.946,4.712,0.194,0.045,3.907,7.61
"2021-12-28 17:00:00",2883,7.686,94.3,0.5,0,614.1,4.953,206.5,19.59,7.749,4.739,0.194,0.045,3.921,8.11
"2021-12-28 17:10:00",2884,7.558,94.1,0.3,0,550.6,6.234,212.3,11.2,7.656,4.74,0.194,0.045,3.936,9.72
"2021-12-28 17:20:00",2885,7.528,93.4,0,0,527,6.439,206.5,19.27,7.605,4.764,0.194,0.045,3.955,11.07
"2021-12-28 17:30:00",2886,7.477,91.9,0,0,441.1,6.062,203.1,14.96,7.515,4.785,0.194,0.045,3.965,9.84
"2021-12-28 17:40:00",2887,7.375,90.7,0,0,441.8,7.228,210.1,14.98,7.421,4.776,0.194,0.045,3.98,11.41
"2021-12-28 17:50:00",2888,7.226,90.8,0.1,0,490.4,6.233,207.9,16.55,7.26,4.802,0.195,0.045,3.99,9.94
"2021-12-28 18:00:00",2889,6.893,92.5,0.1,0,615.3,7.182,203.9,18.76,6.938,4.812,0.195,0.045,4.005,14.61
"2021-12-28 18:10:00",2890,6.732,92.9,0,0,428.9,6.5,210.5,12.22,6.726,4.808,0.195,0.045,4.012,9.77
"2021-12-28 18:20:00",2891,6.728,92.7,0,0,388.3,5.937,208.9,16.95,6.729,4.813,0.195,0.045,4.026,10.59
"2021-12-28 18:30:00",2892,6.749,93,0,0,353.4,4.738,205.8,14.97,6.777,4.816,0.195,0.045,4.037,9.91
"2021-12-28 18:40:00",2893,6.837,92.7,0.1,0,452.4,5.319,208.4,14.4,6.908,4.792,0.195,0.045,4.043,9.35
"2021-12-28 18:50:00",2894,6.793,93.1,0,0,366.6,4.519,207.7,16.7,6.829,4.793,0.195,0.045,4.063,7.74
"2021-12-28 19:00:00",2895,6.832,92.6,0,0,364.7,5.59,206.4,17.1,6.853,4.791,0.195,0.045,4.067,10.58
"2021-12-28 19:10:00",2896,6.748,93.5,0,0,354.4,5.119,202.9,17.53,6.822,4.783,0.195,0.045,4.077,8.3
"2021-12-28 19:20:00",2897,6.724,94,0,0,338.2,5.076,201.4,14.8,6.836,4.776,0.196,0.045,4.083,8.62
"2021-12-28 19:30:00",2898,6.803,92.7,0,0,326.1,5.152,204.4,15.08,6.882,4.782,0.196,0.045,4.09,7.99
"2021-12-28 19:40:00",2899,6.808,91.9,0,0,293.5,5.1,209.4,14.26,6.878,4.758,0.196,0.045,4.103,8.33
"2021-12-28 19:50:00",2900,6.728,91.6,0,0,277.6,4.266,206.5,16.62,6.781,4.767,0.196,0.045,4.11,6.99
"2021-12-28 20:00:00",2901,6.592,92.2,0,0,277.2,4.084,198.6,25.23,6.677,4.771,0.196,0.045,4.108,7.19
"2021-12-28 20:10:00",2902,6.47,92.8,0,0,277.3,3.891,203.4,26.26,6.601,4.754,0.197,0.045,4.113,7.15
"2021-12-28 20:20:00",2903,6.454,93.3,0,0,277.3,4.326,200.9,16.09,6.569,4.748,0.197,0.045,4.122,7.38
"2021-12-28 20:30:00",2904,6.478,93.9,0,0,277.2,4.175,198.8,19.23,6.615,4.757,0.197,0.046,4.129,9
"2021-12-28 20:40:00",2905,6.435,94.2,0,0,277.2,4.541,192.8,18.1,6.598,4.731,0.198,0.046,4.13,10.34
"2021-12-28 20:50:00",2906,6.493,93.3,0,0,277.2,5.018,197.1,20.07,6.626,4.739,0.198,0.046,4.132,10.64
"2021-12-28 21:00:00",2907,6.551,92.5,0,0,277.2,5.961,196.1,22.15,6.687,4.743,0.198,0.046,4.139,10.76
"2021-12-28 21:10:00",2908,6.579,91.9,0,0,277.3,6.004,197.8,21.33,6.712,4.729,0.198,0.046,4.138,10.86
"2021-12-28 21:20:00",2909,6.567,91.6,0,0,281.3,5.488,201.9,20.55,6.702,4.736,0.198,0.046,4.142,9.74
"2021-12-28 21:30:00",2910,6.613,90.9,0,0,283.4,5.748,198.6,19.38,6.732,4.74,0.198,0.046,4.152,9.11
"2021-12-28 21:40:00",2911,6.53,91.4,0,0,296.9,5.566,203.7,16.66,6.672,4.721,0.198,0.046,4.153,10.44
"2021-12-28 21:50:00",2912,6.383,92.4,0,0,308.2,5.115,203,16.51,6.509,4.732,0.198,0.046,4.157,9.46
"2021-12-28 22:00:00",2913,6.389,92.2,0,0,279,5.457,203.6,21.31,6.507,4.736,0.198,0.046,4.161,9.62
"2021-12-28 22:10:00",2914,6.424,91.5,0,0,277.2,4.659,200.9,16.38,6.531,4.719,0.198,0.046,4.159,6.99
"2021-12-28 22:20:00",2915,6.515,90.5,0,0,276.8,5.461,201,18.21,6.625,4.723,0.199,0.046,4.171,10.51
"2021-12-28 22:30:00",2916,6.493,90.1,0,0,276.5,5.03,198.7,18.12,6.596,4.726,0.199,0.046,4.17,8.67
"2021-12-28 22:40:00",2917,6.487,89.7,0,0,276.5,4.678,198.9,19.29,6.565,4.702,0.199,0.046,4.175,9.2
"2021-12-28 22:50:00",2918,6.496,89.4,0,0,276.5,5.536,206.3,14.91,6.573,4.712,0.199,0.046,4.172,9.62
"2021-12-28 23:00:00",2919,6.507,89,0,0,276.5,5.477,208.7,15.32,6.601,4.712,0.199,0.046,4.182,9.21
"2021-12-28 23:10:00",2920,6.501,88.8,0,0,276.5,5.875,206.9,14.46,6.578,4.704,0.199,0.046,4.178,9.27
"2021-12-28 23:20:00",2921,6.442,88.8,0,0,276.5,5.768,209,12.6,6.53,4.689,0.199,0.046,4.174,11.91
"2021-12-28 23:30:00",2922,6.394,88.5,0,0,276.6,5.753,210.2,10.26,6.455,4.699,0.199,0.046,4.184,8.78
"2021-12-28 23:40:00",2923,6.405,87.6,0,0,276.5,5.774,213.6,12.82,6.437,4.67,0.199,0.046,4.19,9.76
"2021-12-28 23:50:00",2924,6.471,86.4,0,0,276.1,6.512,211.3,12.73,6.492,4.672,0.199,0.046,4.189,11.51
"2021-12-29 00:00:00",2925,6.464,86.3,0,0,275.8,5.908,208.2,15.43,6.484,4.671,0.199,0.046,4.189,10.99
"2021-12-29 00:10:00",2926,6.436,87.5,0,0,275.8,5.791,209.6,14.76,6.488,4.658,0.199,0.046,4.197,11.1
"2021-12-29 00:20:00",2927,6.4,88.6,0,0,275.8,5.258,211.9,13.94,6.478,4.651,0.199,0.046,4.193,10.08
"2021-12-29 00:30:00",2928,6.431,88.3,0,0,275.8,5.885,211.9,16.52,6.489,4.654,0.199,0.046,4.197,9.51
"2021-12-29 00:40:00",2929,6.313,89,0,0,275.9,5.837,207.8,13.96,6.434,4.624,0.199,0.046,4.202,10.41
"2021-12-29 00:50:00",2930,6.188,90.2,0,0,276.5,5.563,208.8,16.06,6.348,4.633,0.199,0.046,4.201,9.68
"2021-12-29 01:00:00",2931,6.193,90.3,0,0,276.5,5.547,208.5,14.48,6.339,4.631,0.199,0.046,4.198,9.93
"2021-12-29 01:10:00",2932,6.178,90.2,0,0,276.5,5.32,207.7,16.27,6.305,4.612,0.199,0.046,4.203,8.93
"2021-12-29 01:20:00",2933,6.093,91.2,0,0,276.5,5.288,204.4,16.77,6.238,4.614,0.199,0.046,4.197,8.41
"2021-12-29 01:30:00",2934,6.059,91.7,0,0,276.5,5.269,208.5,13.66,6.227,4.621,0.199,0.046,4.195,9.93
"2021-12-29 01:40:00",2935,5.973,92.1,0,0,276.5,5.312,207.6,12.91,6.135,4.601,0.199,0.046,4.197,7.63
"2021-12-29 01:50:00",2936,5.977,91.8,0,0,276.5,6.176,207.1,11.56,6.092,4.604,0.199,0.046,4.2,10.08
"2021-12-29 02:00:00",2937,5.987,91.1,0,0,276.5,6.424,208.4,13.2,6.072,4.6,0.199,0.046,4.202,9.41
"2021-12-29 02:10:00",2938,6.015,90.5,0,0,276.5,5.532,214.4,11.94,6.126,4.596,0.199,0.046,4.198,8.84
"2021-12-29 02:20:00",2939,5.967,90.6,0,0,276.5,5.066,208,14.24,6.08,4.594,0.199,0.046,4.202,7.39
"2021-12-29 02:30:00",2940,5.846,90.9,0,0,276.5,5.23,208.3,14.92,5.901,4.598,0.199,0.046,4.201,8.58
"2021-12-29 02:40:00",2941,5.837,90.5,0,0,276.5,5.879,214.8,11.41,5.899,4.569,0.199,0.046,4.202,8.59
"2021-12-29 02:50:00",2942,5.88,90.3,0,0,276.5,5.468,210.3,16.1,5.939,4.576,0.199,0.046,4.196,9.35
"2021-12-29 03:00:00",2943,5.941,90.4,0,0,276.5,5.427,217.6,12.31,6.035,4.57,0.21,0.048,4.207,7.98
"2021-12-29 03:10:00",2944,6.008,90.3,0,0,276.5,5.436,205,14.71,6.148,4.552,0.211,0.048,4.22,8.4
"2021-12-29 03:20:00",2945,6.122,89.9,0,0,276.4,5.478,209.6,13.14,6.259,4.556,0.211,0.048,4.218,9.49
"2021-12-29 03:30:00",2946,6.123,90.2,0,0,276.4,5.399,216.9,13.66,6.255,4.556,0.211,0.048,4.218,9.32
"2021-12-29 03:40:00",2947,6.14,90.4,0,0,276.4,5.707,209.1,15.02,6.291,4.534,0.211,0.048,4.216,8.61
"2021-12-29 03:50:00",2948,6.11,90.7,0,0,276.5,5.238,210.5,15.01,6.277,4.542,0.211,0.048,4.219,7.96
"2021-12-29 04:00:00",2949,6.121,90.7,0,0,276.5,5.204,209.1,15.18,6.282,4.547,0.211,0.048,4.211,10.37
"2021-12-29 04:10:00",2950,6.177,90.3,0,0,276.4,5.366,213.1,13.91,6.36,4.535,0.211,0.048,4.203,8.12
"2021-12-29 04:20:00",2951,6.241,89.9,0,0,276.1,5.711,211.4,11.47,6.413,4.538,0.211,0.048,4.202,9.27
"2021-12-29 04:30:00",2952,6.157,90.7,0,0,277.6,5.075,214.2,13.26,6.316,4.55,0.211,0.048,4.206,7.94
"2021-12-29 04:40:00",2953,6.123,91.2,0,0,286.5,5.304,209.9,12.64,6.291,4.529,0.211,0.048,4.202,8.21
"2021-12-29 04:50:00",2954,6.004,92.4,0,0,301.3,4.355,212.4,15.21,6.136,4.541,0.211,0.048,4.207,6.91
"2021-12-29 05:00:00",2955,5.96,92.8,0,0,284.9,5.829,211.6,14.85,6.116,4.548,0.211,0.048,4.203,9.67
"2021-12-29 05:10:00",2956,5.877,93.5,0,0,280.8,4.288,215.1,14.98,6.072,4.535,0.211,0.048,4.207,8.72
"2021-12-29 05:20:00",2957,5.784,94.2,0,0,324.9,4.37,210.6,14.66,6.001,4.539,0.211,0.048,4.208,7.61
"2021-12-29 05:30:00",2958,5.746,94.4,0,0,321.9,4.078,219.4,15.59,5.928,4.552,0.211,0.048,4.205,6.07
"2021-12-29 05:40:00",2959,5.824,93.7,0,0,287.3,4.471,223.1,13.58,6.001,4.536,0.211,0.048,4.208,6.32
"2021-12-29 05:50:00",2960,5.803,93.7,0,0,278.2,4.138,223.4,11.71,5.946,4.546,0.211,0.048,4.204,6.06
"2021-12-29 06:00:00",2961,5.866,93.2,0,0,281.7,4.54,215.9,12.68,6.031,4.549,0.211,0.048,4.205,8.72
"2021-12-29 06:10:00",2962,5.765,94.3,0,0,421.8,3.98,207.2,13.51,5.945,4.539,0.211,0.048,4.204,6.29
"2021-12-29 06:20:00",2963,5.719,94.8,0,0,409.1,4.453,214,13.94,5.901,4.54,0.213,0.049,4.212,7.81
"2021-12-29 06:30:00",2964,5.624,95.5,0,0,401.1,4.624,210.2,17.2,5.809,4.551,0.214,0.049,4.215,6.75
"2021-12-29 06:40:00",2965,5.636,95.7,0,0,400.6,4.802,206.1,16.03,5.834,4.534,0.214,0.049,4.213,8.87
"2021-12-29 06:50:00",2966,5.675,95.6,0,0,380,5.612,212,11.36,5.866,4.546,0.214,0.049,4.211,10.7
"2021-12-29 07:00:00",2967,5.663,95.8,0,0,359.8,5.214,205.2,14.58,5.84,4.553,0.214,0.049,4.208,8.3
"2021-12-29 07:10:00",2968,5.584,96.6,0,0,379.9,5.301,209.7,13.54,5.81,4.54,0.214,0.049,4.213,9.92
"2021-12-29 07:20:00",2969,5.576,97,0.1,0,566.1,5.261,206.2,12.8,5.81,4.547,0.214,0.049,4.211,8.03
"2021-12-29 07:30:00",2970,5.526,97.5,0,0,657.5,3.91,208.2,14.36,5.752,4.556,0.214,0.049,4.215,6.34
"2021-12-29 07:40:00",2971,5.534,97.5,0,0,663.7,4.235,203.8,15.89,5.749,4.548,0.214,0.049,4.218,6.85
"2021-12-29 07:50:00",2972,5.579,97.2,0,0.168,622.3,4.269,206.2,15.93,5.758,4.562,0.214,0.049,4.213,7.57
"2021-12-29 08:00:00",2973,5.657,96.4,0,1.6,565.5,3.744,200.8,17.29,5.801,4.564,0.214,0.049,4.219,6.65
"2021-12-29 08:10:00",2974,5.709,96,0,3.553,531.8,4.169,201.7,15.54,5.869,4.549,0.214,0.049,4.215,7.9
"2021-12-29 08:20:00",2975,5.724,96,0,4.42,497.9,4.094,203.8,17.07,5.835,4.56,0.214,0.049,4.217,7.35
"2021-12-29 08:30:00",2976,5.68,96.1,0,10.56,490.8,3.243,206.8,14.94,5.799,4.566,0.214,0.049,4.222,6.06
"2021-12-29 08:40:00",2977,5.666,96.1,0,18.8,507.4,3.449,202.4,18.03,5.802,4.548,0.214,0.049,4.221,6.07
"2021-12-29 08:50:00",2978,5.66,96.4,0,41.77,541.1,3.709,201.6,18.53,5.815,4.56,0.214,0.049,4.227,6.89
"2021-12-29 09:00:00",2979,5.758,96.3,0.1,42.07,631.6,3.885,203.7,15.23,5.976,4.559,0.214,0.049,4.222,7.34
"2021-12-29 09:10:00",2980,5.788,96.1,0,35.3,641.8,4.292,205.4,17.02,5.951,4.547,0.214,0.049,4.226,9.28
"2021-12-29 09:20:00",2981,5.825,95.4,0,45.66,618.3,4.263,204.2,14.75,5.977,4.561,0.214,0.049,4.22,7.59
"2021-12-29 09:30:00",2982,6,94.3,0,60.8,570.4,4.234,205.7,13.6,6.181,4.552,0.214,0.049,4.227,7.75
"2021-12-29 09:40:00",2983,6.127,93.8,0,68.86,521,3.767,198,15.32,6.349,4.558,0.214,0.049,4.223,6.2
"2021-12-29 09:50:00",2984,6.195,93.3,0,67.39,474.2,4.055,198.6,19.46,6.42,4.571,0.214,0.049,4.227,6.01
"2021-12-29 10:00:00",2985,6.281,92.7,0,65.93,422.5,4.281,206.3,15.14,6.487,4.568,0.214,0.049,4.232,6.48
"2021-12-29 10:10:00",2986,6.393,92.1,0,70.62,382.4,4.092,201.8,16.06,6.603,4.571,0.214,0.049,4.228,6.84
"2021-12-29 10:20:00",2987,6.447,91.6,0,71.91,340,3.739,198.4,17.39,6.667,4.581,0.214,0.049,4.231,6.13
"2021-12-29 10:30:00",2988,6.536,91.4,0,88.8,292.6,3.467,209.8,14.2,6.775,4.601,0.214,0.049,4.229,5
"2021-12-29 10:40:00",2989,6.611,91,0,93.6,276.7,4.059,211.8,11.53,6.845,4.584,0.214,0.049,4.238,7.04
"2021-12-29 10:50:00",2990,6.788,90.3,0,151.7,276.5,4.083,211.1,14.43,7.114,4.603,0.214,0.049,4.239,7.07
"2021-12-29 11:00:00",2991,6.882,89.7,0,142.4,276.5,4.491,212.3,16.16,7.188,4.623,0.214,0.049,4.234,7.51
"2021-12-29 11:10:00",2992,7.056,88.8,0,143.1,275.9,4.599,219.7,13.32,7.386,4.619,0.214,0.049,4.246,7.77
"2021-12-29 11:20:00",2993,7.285,87.7,0,127.1,275.8,4.654,214.1,15.41,7.663,4.636,0.214,0.049,4.244,7.74
"2021-12-29 11:30:00",2994,7.328,87.2,0,88.9,275.8,4.436,208.1,13.39,7.577,4.663,0.214,0.049,4.251,8.26
"2021-12-29 11:40:00",2995,7.266,86.7,0,128.3,275.7,4.187,208,15.37,7.599,4.658,0.214,0.049,4.253,7.61
"2021-12-29 11:50:00",2996,7.252,86.1,0,144.2,275.5,5.263,215.1,11.31,7.592,4.686,0.214,0.049,4.252,8.2
"2021-12-29 12:00:00",2997,7.232,85.6,0,141.6,275.2,4.786,210.3,13.78,7.557,4.71,0.214,0.049,4.252,7.47
"2021-12-29 12:10:00",2998,7.219,84.7,0,144.2,275.1,5.346,210.2,13.09,7.533,4.714,0.214,0.049,4.263,8.81
"2021-12-29 12:20:00",2999,7.165,84.4,0,150.2,275.1,4.812,212.7,14.55,7.523,4.736,0.214,0.049,4.263,8.51
"2021-12-29 12:30:00",3000,7.153,84,0,157.3,275.1,5.849,214.3,15.16,7.513,4.757,0.214,0.049,4.266,9.96
"2021-12-29 12:40:00",3001,7.001,83.6,0,138.7,275.1,6.674,212.9,10.64,7.355,4.753,0.214,0.049,4.274,10.66
"2021-12-29 12:50:00",3002,6.934,83.5,0,133.6,275.1,6.138,210.5,14.49,7.324,4.774,0.214,0.049,4.281,9.64
"2021-12-29 13:00:00",3003,6.85,84,0,100.7,275.1,4.788,209.3,13.78,7.204,4.794,0.214,0.049,4.284,11.4
"2021-12-29 13:10:00",3004,6.553,84.3,0,86.8,275.1,4.991,209.2,17.25,6.876,4.792,0.214,0.049,4.294,8
"2021-12-29 13:20:00",3005,6.405,84.6,0,103,275.1,5.335,212.2,18.45,6.757,4.802,0.214,0.049,4.299,8.28
"2021-12-29 13:30:00",3006,6.367,84.8,0,104.6,275.1,5.101,207.8,14.2,6.729,4.815,0.214,0.049,4.3,8.61
"2021-12-29 13:40:00",3007,6.324,85.1,0,81.7,275.1,4.861,213.7,12.13,6.658,4.796,0.214,0.049,4.307,9.41
"2021-12-29 13:50:00",3008,6.297,85.4,0,74.49,275.1,5.161,210,13.63,6.587,4.804,0.214,0.049,4.312,9.39
"2021-12-29 14:00:00",3009,6.293,85.9,0,77.15,275.1,5.002,213.8,12.88,6.594,4.808,0.214,0.049,4.317,8.1
"2021-12-29 14:10:00",3010,6.355,86.3,0,121.4,275.1,5.53,209.2,14.16,6.735,4.794,0.214,0.049,4.322,9.19
"2021-12-29 14:20:00",3011,6.392,86.1,0,73.25,275.1,5.723,206,15.66,6.764,4.796,0.214,0.049,4.329,9.05
"2021-12-29 14:30:00",3012,6.343,86.4,0,44.41,275.1,4.965,207.6,15.79,6.617,4.806,0.214,0.049,4.335,8.35
"2021-12-29 14:40:00",3013,6.379,86.7,0,62.94,275.1,4.366,207.2,13.63,6.701,4.787,0.214,0.049,4.338,8.09
"2021-12-29 14:50:00",3014,6.47,86.5,0,43.43,275.1,4.055,211.7,12.59,6.744,4.797,0.214,0.049,4.341,6.94
"2021-12-29 15:00:00",3015,6.443,86.8,0,33.43,275.2,4.169,207.8,16.8,6.665,4.798,0.214,0.049,4.341,7.02
"2021-12-29 15:10:00",3016,6.351,87.8,0,29.41,276.4,4.191,207.3,14.52,6.599,4.793,0.214,0.049,4.349,6.68
"2021-12-29 15:20:00",3017,6.154,89.7,0,25.49,291.2,4.465,205.3,18.62,6.414,4.792,0.214,0.049,4.347,7.27
"2021-12-29 15:30:00",3018,5.867,92.4,0,19.46,436.8,4.59,203.6,15.54,6.098,4.801,0.214,0.049,4.353,8
"2021-12-29 15:40:00",3019,5.624,94.5,0.1,15.21,640.5,4.68,207.9,13.91,5.892,4.773,0.214,0.049,4.355,6.87
"2021-12-29 15:50:00",3020,5.403,96.4,0,8.03,731.5,3.045,200.2,18.2,5.687,4.783,0.213,0.049,4.357,6.6
"2021-12-29 16:00:00",3021,5.297,97.5,0.2,5.282,808,3.078,206.6,13.59,5.598,4.785,0.213,0.049,4.363,4.77
"2021-12-29 16:10:00",3022,5.235,97.9,0.1,4.375,818,3.333,197,16.12,5.567,4.772,0.214,0.049,4.362,5.41
"2021-12-29 16:20:00",3023,5.158,98.3,0.1,2.154,847,2.977,196.3,16.46,5.48,4.773,0.213,0.049,4.359,5.38
"2021-12-29 16:30:00",3024,5.097,98.9,0,1.141,837,2.63,188.6,16.61,5.424,4.779,0.213,0.049,4.363,4.65
"2021-12-29 16:40:00",3025,5.093,99.3,0.1,0.739,842,2.586,194.4,16.88,5.442,4.758,0.213,0.049,4.368,4.94
"2021-12-29 16:50:00",3026,5.136,99.5,0,0.364,840,2.1,191.4,18.24,5.466,4.764,0.213,0.049,4.368,3.9
"2021-12-29 17:00:00",3027,5.202,99.6,0.1,0,893,2.427,195.4,16.64,5.552,4.765,0.213,0.049,4.372,4.69
"2021-12-29 17:10:00",3028,5.23,100,0.1,0,929,2.383,192.7,20.22,5.584,4.748,0.213,0.049,4.37,3.89
"2021-12-29 17:20:00",3029,5.327,100,0.1,0,971,3.281,192.9,18.7,5.674,4.751,0.213,0.049,4.374,5.81
"2021-12-29 17:30:00",3030,5.417,99.9,0.1,0,987,3.457,194.9,16.59,5.772,4.757,0.213,0.049,4.372,5.92
"2021-12-29 17:40:00",3031,5.469,99.9,0.1,0,981,3.543,193.3,13.43,5.849,4.736,0.213,0.049,4.377,6.07
"2021-12-29 17:50:00",3032,5.549,99.8,0.1,0,889,3.822,193.4,20.72,5.906,4.747,0.213,0.049,4.373,5.33
"2021-12-29 18:00:00",3033,5.61,99.8,0.1,0,823,3.407,188.2,20.42,5.941,4.758,0.213,0.049,4.376,6.2
"2021-12-29 18:10:00",3034,5.578,99.9,0.3,0,833,2.826,179.6,18.26,5.923,4.742,0.213,0.049,4.377,4.84
"2021-12-29 18:20:00",3035,5.393,100,0.2,0,833,2.557,178.8,15.78,5.767,4.751,0.213,0.049,4.377,4.75
"2021-12-29 18:30:00",3036,5.378,100,0.2,0,774.7,2.98,183.6,17.53,5.723,4.762,0.213,0.049,4.382,5.51
"2021-12-29 18:40:00",3037,5.47,100,0.1,0,655.6,3.067,185.2,17.09,5.802,4.75,0.213,0.049,4.378,6.95
"2021-12-29 18:50:00",3038,5.573,100,0.2,0,662.4,3.628,188.6,19.2,5.899,4.765,0.213,0.049,4.38,5.68
"2021-12-29 19:00:00",3039,5.665,100,0.6,0,675.9,3.823,188.2,19.14,6.002,4.773,0.213,0.049,4.379,6.56
"2021-12-29 19:10:00",3040,5.704,100,0.1,0,533,2.974,186.2,20.87,6.037,4.758,0.213,0.049,4.376,5.76
"2021-12-29 19:20:00",3041,5.679,100,0.2,0,628.7,3.135,194.8,15.45,6.032,4.768,0.213,0.049,4.385,5.25
"2021-12-29 19:30:00",3042,5.681,100,1.3,0,711.1,2.81,190.4,20.38,6.044,4.783,0.213,0.049,4.381,5.42
"2021-12-29 19:40:00",3043,5.661,100,0.6,0,645.3,2.633,188.9,22.54,6.032,4.776,0.213,0.049,4.384,5.9
"2021-12-29 19:50:00",3044,5.674,100,0.5,0,621.8,3.046,196.5,17.58,6.03,4.793,0.213,0.049,4.385,6.3
"2021-12-29 20:00:00",3045,5.813,100,0.5,0,806,3.633,187.5,19.04,6.141,4.804,0.213,0.049,4.382,6.78
"2021-12-29 20:10:00",3046,5.931,100,0.1,0,588.1,3.729,188.9,18.4,6.265,4.805,0.213,0.049,4.387,6.76
"2021-12-29 20:20:00",3047,6.045,100,0.1,0,534.2,4.186,195,15.43,6.381,4.818,0.213,0.049,4.389,7.32
"2021-12-29 20:30:00",3048,6.188,100,0,0,493.5,4.193,192.1,20.28,6.513,4.839,0.213,0.049,4.392,6.77
"2021-12-29 20:40:00",3049,6.273,100,0,0,490,3.992,200.5,18.01,6.617,4.832,0.213,0.049,4.392,6.17
"2021-12-29 20:50:00",3050,6.341,100,0.1,0,513.2,3.925,202.2,17.74,6.664,4.853,0.213,0.049,4.402,7.02
"2021-12-29 21:00:00",3051,6.466,100,0,0,521,4.085,199.2,14.32,6.781,4.872,0.214,0.049,4.401,7.09
"2021-12-29 21:10:00",3052,6.487,100,0,0,526,3.532,195.3,16.67,6.823,4.866,0.214,0.049,4.401,5.88
"2021-12-29 21:20:00",3053,6.615,100,0.1,0,570.7,4.449,199.5,14.25,6.939,4.886,0.214,0.049,4.407,7
"2021-12-29 21:30:00",3054,6.713,100,0,0,523.8,4.342,195.1,22.46,7.03,4.9,0.215,0.049,4.411,7.43
"2021-12-29 21:40:00",3055,6.817,100,0,0,493.4,5.013,201.2,14.15,7.142,4.9,0.215,0.049,4.415,7.9
"2021-12-29 21:50:00",3056,6.916,100,0.1,0,491.8,5.321,196.6,16.79,7.207,4.925,0.215,0.049,4.419,10.7
"2021-12-29 22:00:00",3057,6.983,100,0,0,538.7,5.531,202.9,13.82,7.288,4.947,0.216,0.049,4.423,9.12
"2021-12-29 22:10:00",3058,7.066,100,0,0,459.9,4.702,202.5,18.42,7.385,4.948,0.216,0.049,4.427,8.91
"2021-12-29 22:20:00",3059,7.175,100,0,0,408.1,4.8,197.6,22.55,7.481,4.974,0.217,0.05,4.433,8.62
"2021-12-29 22:30:00",3060,7.316,100,0,0,379.3,5.055,200.8,17.09,7.618,5,0.217,0.05,4.438,8.59
"2021-12-29 22:40:00",3061,7.472,100,0,0,366.6,5.194,202.2,13.29,7.787,5.001,0.217,0.05,4.442,8.36
"2021-12-29 22:50:00",3062,7.634,100,0,0,356.5,5.007,199.8,20.17,7.902,5.03,0.218,0.05,4.445,7.94
"2021-12-29 23:00:00",3063,7.711,100,0,0,351.4,4.622,198.4,16.94,7.963,5.051,0.218,0.05,4.448,7.27
"2021-12-29 23:10:00",3064,7.826,100,0,0,347.7,4.673,200.6,15.4,8.08,5.071,0.218,0.05,4.456,7.93
"2021-12-29 23:20:00",3065,7.937,100,0,0,343.5,4.629,201.6,16.82,8.21,5.086,0.219,0.05,4.466,7.67
"2021-12-29 23:30:00",3066,8.03,100,0,0,341.6,4.875,199.9,19.13,8.28,5.123,0.219,0.05,4.473,9.43
"2021-12-29 23:40:00",3067,8.13,100,0,0,340.5,4.519,199.3,14.86,8.41,5.126,0.219,0.05,4.475,8.59
"2021-12-29 23:50:00",3068,8.22,100,0,0,339.9,4.073,209,11.7,8.46,5.16,0.22,0.05,4.481,6.99
"2021-12-30 00:00:00",3069,8.37,100,0,0,335.5,4.267,207.3,15.39,8.58,5.187,0.22,0.05,4.49,7.75
"2021-12-30 00:10:00",3070,8.55,100,0,0,346.3,4.381,203.4,18.71,8.73,5.197,0.22,0.05,4.496,6.91
"2021-12-30 00:20:00",3071,8.74,100,0,0,343.9,4.855,197.8,16.86,8.89,5.222,0.22,0.05,4.51,7.94
"2021-12-30 00:30:00",3072,8.82,100,0,0,337.4,4.145,206.2,16.41,8.98,5.255,0.221,0.05,4.516,7.72
"2021-12-30 00:40:00",3073,8.93,100,0,0,376.7,4.855,206.1,16.92,9.11,5.261,0.221,0.05,4.527,8.72
"2021-12-30 00:50:00",3074,9.03,100,0,0,352.2,4.747,203.4,16.39,9.2,5.294,0.221,0.051,4.539,7.89
"2021-12-30 01:00:00",3075,9.14,100,0,0,346.6,4.326,208.8,15.86,9.3,5.327,0.221,0.05,4.542,7.43
"2021-12-30 01:10:00",3076,9.22,100,0.3,0,667.9,4.059,209.7,14.44,9.38,5.339,0.221,0.051,4.554,5.79
"2021-12-30 01:20:00",3077,9.32,100,0.1,0,552.5,3.932,202.6,14.84,9.5,5.366,0.222,0.051,4.565,7.28
"2021-12-30 01:30:00",3078,9.37,100,0,0,484,3.57,199,14.1,9.55,5.4,0.222,0.051,4.573,5.36
"2021-12-30 01:40:00",3079,9.47,100,0.1,0,565.1,4.144,206.6,14.72,9.63,5.405,0.222,0.051,4.582,6.45
"2021-12-30 01:50:00",3080,9.65,100,0,0,436.9,4.547,206.3,16.11,9.79,5.441,0.222,0.051,4.598,7.56
"2021-12-30 02:00:00",3081,9.76,100,0.1,0,546.2,3.985,209.1,16.76,9.88,5.473,0.222,0.051,4.609,7.46
"2021-12-30 02:10:00",3082,9.91,100,0.1,0,587.6,4.174,211.8,12.44,10.02,5.488,0.223,0.051,4.613,8.92
"2021-12-30 02:20:00",3083,9.91,100,0.3,0,716.8,3.661,219.2,11.26,10.02,5.515,0.223,0.051,4.633,5.74
"2021-12-30 02:30:00",3084,9.87,100,0.2,0,650.7,3.362,220,10.92,9.98,5.548,0.223,0.051,4.643,5.99
"2021-12-30 02:40:00",3085,9.93,100,0,0,471.8,3.644,214,11.96,10.06,5.546,0.223,0.051,4.65,6.52
"2021-12-30 02:50:00",3086,10.16,99.9,0,0,445.2,4.777,215,10.08,10.24,5.578,0.223,0.051,4.666,7.23
"2021-12-30 03:00:00",3087,10.28,99.6,0.1,0,384.4,4.888,211.3,13.77,10.29,5.61,0.223,0.051,4.674,8.66
"2021-12-30 03:10:00",3088,10.39,98.8,0,0,404.1,4.544,211,13.25,10.36,5.624,0.223,0.051,4.682,7.62
"2021-12-30 03:20:00",3089,10.37,98.6,0,0,370.9,4.266,210.6,11.02,10.33,5.657,0.223,0.051,4.699,6.3
"2021-12-30 03:30:00",3090,10.34,99,0,0,359.6,4.555,211.5,12.23,10.29,5.696,0.223,0.051,4.713,7.98
"2021-12-30 03:40:00",3091,10.3,98.9,0,0,345.3,3.882,207,11.74,10.26,5.704,0.223,0.051,4.724,6.37
"2021-12-30 03:50:00",3092,10.29,98.8,0,0,338.1,3.857,205,14.41,10.23,5.737,0.224,0.051,4.74,6.3
"2021-12-30 04:00:00",3093,10.27,98.6,0,0,330.8,4.217,205.6,12.45,10.2,5.767,0.224,0.051,4.755,6.35
"2021-12-30 04:10:00",3094,10.2,99.2,0,0,319.4,3.445,202.4,13.53,10.21,5.781,0.224,0.051,4.767,6.03
"2021-12-30 04:20:00",3095,10.23,99.2,0,0,305.5,3.308,198.8,15.79,10.27,5.806,0.224,0.052,4.775,5.96
"2021-12-30 04:30:00",3096,10.15,99.5,0,0,298.3,2.932,204.6,15.84,10.17,5.833,0.224,0.052,4.799,4.06
"2021-12-30 04:40:00",3097,10.16,99.5,0,0,293.6,4.077,206.2,16.07,10.18,5.831,0.224,0.052,4.803,6.83
"2021-12-30 04:50:00",3098,10.16,99.3,0,0,287.8,4.023,207.7,13.54,10.16,5.858,0.224,0.052,4.82,6.95
"2021-12-30 05:00:00",3099,10.13,99.4,0,0,285.4,3.477,208.8,10.89,10.12,5.875,0.224,0.052,4.836,6.05
"2021-12-30 05:10:00",3100,10.12,99.3,0,0,284.8,3.903,203.6,13.77,10.12,5.889,0.224,0.052,4.847,6.59
"2021-12-30 05:20:00",3101,10.09,99.3,0,0,284.3,3.781,202.9,15.67,10.13,5.897,0.225,0.052,4.859,6.31
"2021-12-30 05:30:00",3102,10.08,99.2,0,0,283.6,3.92,206.8,12.96,10.06,5.924,0.225,0.052,4.873,7.52
"2021-12-30 05:40:00",3103,10.15,99,0,0,282.4,4.23,209.1,12.49,10.15,5.926,0.225,0.052,4.891,6.52
"2021-12-30 05:50:00",3104,10.16,99.1,0,0,281.7,4.247,204.1,14.21,10.19,5.947,0.225,0.052,4.902,7.48
"2021-12-30 06:00:00",3105,10.15,99.3,0,0,281.4,4.164,206,16.17,10.17,5.961,0.225,0.052,4.915,6.71
"2021-12-30 06:10:00",3106,10.18,99.3,0,0,444.1,4.288,207.7,13.62,10.22,5.975,0.225,0.052,4.927,7.22
"2021-12-30 06:20:00",3107,10.23,99.3,0,0,516.3,4.847,213.9,12.36,10.28,5.983,0.225,0.052,4.93,7.14
"2021-12-30 06:30:00",3108,10.24,99.3,0,0,550,4.587,212.1,13.26,10.31,6.01,0.225,0.052,4.955,7.02
"2021-12-30 06:40:00",3109,10.26,99.4,0,0,569.8,4.294,209.8,13.19,10.33,6.01,0.225,0.052,4.961,7.18
"2021-12-30 06:50:00",3110,10.24,99.5,0,0,605.2,3.967,202.4,15.06,10.32,6.034,0.225,0.052,4.971,7.22
"2021-12-30 07:00:00",3111,10.27,99.6,0.1,0,646.2,3.77,198.3,17.68,10.35,6.05,0.225,0.052,4.986,7.9
"2021-12-30 07:10:00",3112,10.27,99.7,0,0,654.6,3.741,205.3,15.36,10.34,6.069,0.225,0.052,4.998,6.71
"2021-12-30 07:20:00",3113,10.3,99.5,0,0,648.7,3.41,203,17.21,10.38,6.081,0.225,0.052,5.009,5.61
"2021-12-30 07:30:00",3114,10.27,99.5,0,0,617.8,3.313,203.9,16.18,10.32,6.108,0.225,0.052,5.022,6.45
"2021-12-30 07:40:00",3115,10.31,99.2,0,0,605.1,3.946,206.7,13.37,10.34,6.106,0.225,0.052,5.029,6.06
"2021-12-30 07:50:00",3116,10.27,99.2,0,0,597.3,3.863,206.2,13.94,10.31,6.13,0.225,0.052,5.048,6.16
"2021-12-30 08:00:00",3117,10.25,99.2,0,0.324,589,3.463,199.9,17.28,10.32,6.146,0.225,0.052,5.055,7.17
"2021-12-30 08:10:00",3118,10.24,99.2,0,1.393,579.9,3.663,203.9,13.04,10.31,6.147,0.225,0.052,5.072,5.72
"2021-12-30 08:20:00",3119,10.22,99.1,0,3.087,570.9,3.326,202.3,13.55,10.27,6.169,0.225,0.052,5.081,5.14
"2021-12-30 08:30:00",3120,10.22,99.1,0,7.07,562.7,3.273,202.3,17.03,10.27,6.188,0.225,0.052,5.093,5.44
"2021-12-30 08:40:00",3121,10.28,99,0,11.03,559.1,4.096,204.5,12.5,10.38,6.179,0.225,0.052,5.098,9.23
"2021-12-30 08:50:00",3122,10.34,98.8,0,14.74,573.4,4.415,202.9,15.15,10.42,6.198,0.225,0.052,5.115,6.98
"2021-12-30 09:00:00",3123,10.38,98.7,0,17.84,552.3,4.351,204.2,14.41,10.47,6.221,0.225,0.052,5.121,7.03
"2021-12-30 09:10:00",3124,10.42,98.5,0,22.21,529.9,4.45,204.8,12.6,10.52,6.231,0.225,0.052,5.13,7.75
"2021-12-30 09:20:00",3125,10.45,98.4,0,28.59,508.8,4.836,205.5,13.29,10.57,6.249,0.225,0.052,5.145,8.1
"2021-12-30 09:30:00",3126,10.46,98.4,0,44.67,470.7,4.116,208.8,13.91,10.61,6.259,0.225,0.052,5.156,5.86
"2021-12-30 09:40:00",3127,10.46,98.4,0,50.96,438.2,3.936,205.2,14.84,10.63,6.28,0.225,0.052,5.161,6.67
"2021-12-30 09:50:00",3128,10.52,98.4,0,57.56,418.5,4.143,203.8,13.93,10.72,6.286,0.225,0.052,5.177,7.28
"2021-12-30 10:00:00",3129,10.59,98.5,0,85.9,402.6,4.251,199.2,16.42,10.8,6.314,0.225,0.052,5.183,7.41
"2021-12-30 10:10:00",3130,10.7,98.2,0,116.7,370.3,4.241,205.3,15.23,10.97,6.328,0.225,0.052,5.196,7.63
"2021-12-30 10:20:00",3131,10.81,97.8,0,140,332.4,4.669,208.6,12.05,11.14,6.35,0.225,0.052,5.205,7.64
"2021-12-30 10:30:00",3132,10.89,97.7,0,126.2,289.5,4.739,204.8,12.28,11.27,6.386,0.225,0.052,5.221,6.45
"2021-12-30 10:40:00",3133,10.93,97.5,0,138.4,277.9,4.707,201.5,14.69,11.31,6.392,0.225,0.052,5.227,7.68
"2021-12-30 10:50:00",3134,11.03,97.3,0,167.5,277.6,4.09,202.5,16.95,11.4,6.43,0.225,0.052,5.242,6.13
"2021-12-30 11:00:00",3135,11.11,97.1,0,163.2,277.4,4.406,208.7,15.41,11.53,6.464,0.224,0.052,5.251,7.42
"2021-12-30 11:10:00",3136,11.15,97.1,0,183.2,277.5,4.688,203.8,12.54,11.59,6.493,0.224,0.052,5.26,6.93
"2021-12-30 11:20:00",3137,11.35,96.5,0,193.8,277.2,5.134,204.7,12.41,11.88,6.524,0.224,0.052,5.275,9.06
"2021-12-30 11:30:00",3138,11.32,96.6,0,171.4,277.2,4.553,207.8,16.03,11.8,6.569,0.224,0.052,5.288,7.89
"2021-12-30 11:40:00",3139,11.3,96.7,0,152.4,277.2,4.447,208.1,15.24,11.78,6.589,0.224,0.052,5.303,7.65
"2021-12-30 11:50:00",3140,11.26,96.7,0,148,277.2,3.983,202.7,14.81,11.73,6.632,0.224,0.052,5.311,6.14
"2021-12-30 12:00:00",3141,11.31,96.7,0,96.6,277.2,4.127,211.6,14.21,11.69,6.667,0.224,0.052,5.327,7.09
"2021-12-30 12:10:00",3142,11.31,96.7,0,114.9,277.2,4.057,202.4,19.71,11.69,6.688,0.224,0.052,5.336,6.98
"2021-12-30 12:20:00",3143,11.29,96.9,0,105.9,277.2,3.626,209.4,14.59,11.72,6.719,0.224,0.052,5.354,6.36
"2021-12-30 12:30:00",3144,11.27,97.1,0,99.5,277.2,3.616,206.6,14.9,11.66,6.752,0.224,0.052,5.364,6.34
"2021-12-30 12:40:00",3145,11.31,96.9,0,112.9,277.1,3.583,200.3,13.84,11.74,6.752,0.224,0.052,5.382,5.74
"2021-12-30 12:50:00",3146,11.35,96.7,0,131.1,277.2,3.987,203.8,14.23,11.79,6.785,0.224,0.052,5.4,7.03
"2021-12-30 13:00:00",3147,11.46,96.5,0,155,277.2,3.655,206.4,15.02,11.93,6.811,0.224,0.052,5.409,6.13
"2021-12-30 13:10:00",3148,11.58,96.2,0,162,277.2,3.81,207.2,14.82,12.04,6.823,0.224,0.052,5.433,6.03
"2021-12-30 13:20:00",3149,11.6,96.1,0,115.8,277.2,3.896,205.1,14.4,11.99,6.85,0.224,0.052,5.441,7.01
"2021-12-30 13:30:00",3150,11.57,96.3,0,78.26,277.2,3.905,205.1,18.09,11.92,6.883,0.224,0.052,5.455,7.28
"2021-12-30 13:40:00",3151,11.51,96.6,0,67.39,277.2,3.302,210.9,15.98,11.8,6.884,0.224,0.052,5.471,6.51
"2021-12-30 13:50:00",3152,11.52,96.7,0,70.36,277.2,3.309,214.6,13.73,11.78,6.913,0.224,0.052,5.484,5.42
"2021-12-30 14:00:00",3153,11.55,96.6,0,69.83,277.2,3.216,201.8,18.51,11.84,6.935,0.224,0.052,5.499,5.19
"2021-12-30 14:10:00",3154,11.51,96.6,0,41.72,277.2,3.41,204.3,13.46,11.75,6.942,0.224,0.052,5.52,5.09
"2021-12-30 14:20:00",3155,11.5,96.6,0,54.02,277.2,3.498,204.2,15.03,11.75,6.956,0.223,0.052,5.532,5.35
"2021-12-30 14:30:00",3156,11.53,96.6,0,56.02,277.2,3.135,203.5,12.78,11.79,6.978,0.223,0.052,5.545,5.27
"2021-12-30 14:40:00",3157,11.58,96.3,0,59.64,277.2,3.151,197.4,12.27,11.85,6.973,0.223,0.052,5.561,5.03
"2021-12-30 14:50:00",3158,11.61,96.2,0,61.93,277.2,3.224,187.2,19.62,11.86,6.994,0.223,0.052,5.572,5.08
"2021-12-30 15:00:00",3159,11.66,96,0,82.5,277.2,3.017,191.2,18.54,11.89,7.013,0.223,0.052,5.589,5.44
"2021-12-30 15:10:00",3160,11.66,96.1,0,63.38,277.2,3.703,196.7,18.79,11.86,7.023,0.223,0.052,5.598,5.69
"2021-12-30 15:20:00",3161,11.68,95.9,0,40.8,277.2,3.844,202.5,16.78,11.87,7.035,0.223,0.052,5.614,6.32
"2021-12-30 15:30:00",3162,11.59,96,0,22.14,277.2,3.575,201.9,13.14,11.73,7.066,0.223,0.052,5.627,6.46
"2021-12-30 15:40:00",3163,11.55,96.1,0,18.27,277.5,3.384,201.6,12.72,11.68,7.058,0.223,0.052,5.635,6.56
"2021-12-30 15:50:00",3164,11.5,96.3,0,15.57,277.8,3.191,201.2,15.68,11.61,7.078,0.223,0.052,5.652,4.88
"2021-12-30 16:00:00",3165,11.48,96.3,0,21.45,277.8,3.555,199,12.94,11.57,7.089,0.223,0.052,5.666,6.52
"2021-12-30 16:10:00",3166,11.48,96.3,0,12.95,277.8,3.299,196.8,18.05,11.58,7.105,0.223,0.052,5.677,6.07
"2021-12-30 16:20:00",3167,11.48,96.3,0,10.91,277.8,3.231,193.1,17.86,11.57,7.095,0.223,0.052,5.688,6
"2021-12-30 16:30:00",3168,11.48,96.3,0,6.505,277.8,3.054,191.3,19.87,11.54,7.115,0.223,0.052,5.7,5.81
"2021-12-30 16:40:00",3169,11.47,96,0,3.764,277.8,3.655,206.1,16.11,11.48,7.118,0.223,0.052,5.709,6
"2021-12-30 16:50:00",3170,11.42,96,0,4.223,277.8,3.251,198.9,17.62,11.38,7.116,0.222,0.053,5.719,5.78
"2021-12-30 17:00:00",3171,11.34,96.3,0,1.27,277.8,2.889,198.2,21.15,11.31,7.128,0.222,0.052,5.729,6.25
"2021-12-30 17:10:00",3172,11.37,96.1,0,0.034,277.9,3.29,199.2,17.89,11.39,7.12,0.222,0.052,5.737,5.24
"2021-12-30 17:20:00",3173,11.43,95.8,0,0,277.9,3.484,204.6,13.5,11.46,7.127,0.222,0.052,5.752,6.45
"2021-12-30 17:30:00",3174,11.46,95.7,0,0,277.8,3.526,203.2,16.28,11.48,7.142,0.222,0.052,5.758,5.65
"2021-12-30 17:40:00",3175,11.53,95.5,0,0,277.6,3.53,199.5,14.9,11.57,7.12,0.222,0.052,5.767,6.38
"2021-12-30 17:50:00",3176,11.46,95.7,0,0,277.8,2.7,196.4,18.42,11.51,7.135,0.222,0.052,5.777,5.34
"2021-12-30 18:00:00",3177,11.38,95.9,0,0,277.9,3.138,199.9,19.27,11.42,7.142,0.222,0.052,5.786,5.61
"2021-12-30 18:10:00",3178,11.29,96.2,0,0,277.9,2.92,219.7,12.94,11.3,7.13,0.222,0.052,5.795,4.93
"2021-12-30 18:20:00",3179,11.25,96.3,0,0,277.9,3.072,215.7,15.21,11.28,7.137,0.222,0.052,5.812,4.52
"2021-12-30 18:30:00",3180,11.1,96.7,0,0,278.3,3.29,210,12.59,11.03,7.146,0.222,0.052,5.814,5.81
"2021-12-30 18:40:00",3181,11.02,97,0,0,278.2,2.594,209,14.64,10.99,7.115,0.222,0.052,5.819,4.92
"2021-12-30 18:50:00",3182,11.04,97,0,0,277.9,2.697,207.3,16.57,11.04,7.119,0.222,0.052,5.826,5.12
"2021-12-30 19:00:00",3183,11.11,96.8,0,0,277.9,3.206,200.5,16.84,11.14,7.124,0.222,0.053,5.837,5.33
"2021-12-30 19:10:00",3184,11.12,96.6,0,0,278,2.568,205.8,14.76,11.1,7.114,0.222,0.052,5.842,4.99
"2021-12-30 19:20:00",3185,11.16,96.2,0,0,278.1,3.249,208.8,16.03,11.05,7.118,0.221,0.052,5.848,5.11
"2021-12-30 19:30:00",3186,11.22,95.8,0,0,277.9,3.29,213.4,13.21,11.12,7.126,0.221,0.052,5.855,5.1
"2021-12-30 19:40:00",3187,11.26,95.5,0,0,277.9,3.859,214.9,11.27,11.18,7.101,0.221,0.052,5.861,5.64
"2021-12-30 19:50:00",3188,11.25,95.3,0,0,277.9,3.391,212.4,12.29,11.12,7.105,0.221,0.052,5.867,6.21
"2021-12-30 20:00:00",3189,11.22,95.1,0,0,277.9,3.383,216,14.82,11.09,7.104,0.221,0.052,5.873,5.51
"2021-12-30 20:10:00",3190,11.28,94.6,0,0,277.9,4.278,209.1,15.45,11.16,7.098,0.221,0.052,5.882,7.07
"2021-12-30 20:20:00",3191,11.23,94.8,0,0,277.8,3.81,213.5,12.89,11.13,7.096,0.221,0.052,5.885,6.24
"2021-12-30 20:30:00",3192,11.27,94.5,0,0,277.2,3.495,208.9,13.91,11.21,7.107,0.221,0.052,5.887,7.48
"2021-12-30 20:40:00",3193,11.26,94.6,0,0,277.3,3.499,203.2,17.78,11.24,7.088,0.221,0.052,5.896,5.29
"2021-12-30 20:50:00",3194,11.24,95.1,0,0,277.6,3.282,204.3,13.94,11.25,7.098,0.221,0.052,5.905,5.2
"2021-12-30 21:00:00",3195,11.28,94.9,0,0,277.3,3.718,209.4,15.58,11.25,7.103,0.221,0.052,5.906,5.56
"2021-12-30 21:10:00",3196,11.28,94.8,0,0,277.2,3.54,201.9,14.4,11.27,7.105,0.221,0.052,5.91,6.32
"2021-12-30 21:20:00",3197,11.29,94.6,0,0,277.2,3.434,209.6,11.08,11.26,7.111,0.221,0.052,5.916,7.75
"2021-12-30 21:30:00",3198,11.36,94.1,0,0,277.2,3.384,206.2,10.79,11.29,7.126,0.221,0.052,5.923,6
"2021-12-30 21:40:00",3199,11.25,94.7,0,0,277.2,3.436,210.9,12.59,11.22,7.106,0.221,0.052,5.926,5.18
"2021-12-30 21:50:00",3200,11.13,95.4,0,0,277.7,2.479,202.4,18.58,11.1,7.118,0.221,0.052,5.931,5.06
"2021-12-30 22:00:00",3201,11.07,95.9,0,0,277.8,2.748,211.9,12.9,11.06,7.119,0.22,0.052,5.937,4.59
"2021-12-30 22:10:00",3202,10.99,96.4,0,0,277.9,2.617,210.5,13.14,10.99,7.122,0.22,0.052,5.945,4.84
"2021-12-30 22:20:00",3203,10.93,96.9,0,0,277.9,2.391,203.4,13.19,10.95,7.113,0.22,0.052,5.949,4.89
"2021-12-30 22:30:00",3204,10.87,97.1,0,0,277.9,2.403,211.3,10.73,10.86,7.123,0.22,0.052,5.954,3.45
"2021-12-30 22:40:00",3205,10.86,97.1,0,0,277.9,2.708,209,10.37,10.86,7.11,0.22,0.052,5.955,4.21
"2021-12-30 22:50:00",3206,10.84,97,0,0,277.9,2.61,203.1,12.87,10.82,7.117,0.22,0.052,5.963,3.82
"2021-12-30 23:00:00",3207,10.84,96.9,0,0,277.9,2.394,204.6,14.73,10.86,7.112,0.22,0.052,5.965,3.89
"2021-12-30 23:10:00",3208,10.81,97,0,0,277.9,2.4,205.1,13.84,10.84,7.105,0.22,0.052,5.971,3.97
"2021-12-30 23:20:00",3209,10.77,97,0,0,277.9,2.732,209.9,10.25,10.79,7.102,0.22,0.052,5.973,4.28
"2021-12-30 23:30:00",3210,10.8,96.6,0,0,277.9,2.778,214,10.9,10.78,7.11,0.22,0.052,5.982,4.4
"2021-12-30 23:40:00",3211,10.76,96.6,0,0,277.9,2.374,206.8,10.49,10.76,7.09,0.22,0.052,5.983,3.87
"2021-12-30 23:50:00",3212,10.73,96.3,0,0,277.9,2.654,213.8,7.75,10.7,7.098,0.22,0.052,5.988,4.27
"2021-12-31 00:00:00",3213,10.79,95.3,0,0,277.8,2.048,215.2,9.96,10.7,7.103,0.22,0.052,5.993,3.29
"2021-12-31 00:10:00",3214,10.7,95.7,0,0,277.8,1.597,199.9,12.65,10.57,7.087,0.22,0.052,5.998,3.16
"2021-12-31 00:20:00",3215,10.61,96.3,0,0,277.9,1.955,204.6,13.91,10.51,7.082,0.22,0.052,6.001,2.75
"2021-12-31 00:30:00",3216,10.61,96.5,0,0,277.9,1.862,198.3,10.64,10.55,7.088,0.22,0.052,6.002,3.48
"2021-12-31 00:40:00",3217,10.62,96.4,0,0,277.9,1.945,200.3,12.33,10.56,7.063,0.22,0.052,6.006,2.9
"2021-12-31 00:50:00",3218,10.54,96.7,0,0,277.9,1.866,197.8,11.56,10.49,7.066,0.22,0.052,6.011,3.04
"2021-12-31 01:00:00",3219,10.47,97.1,0,0,277.9,1.896,196.8,15.79,10.45,7.067,0.219,0.052,6.013,3.64
"2021-12-31 01:10:00",3220,10.45,97.4,0,0,277.9,2.031,205.7,12.96,10.48,7.054,0.219,0.052,6.016,2.96
"2021-12-31 01:20:00",3221,10.37,97.8,0,0,277.9,2.217,201,14.73,10.42,7.057,0.219,0.052,6.017,4.31
"2021-12-31 01:30:00",3222,10.38,97.8,0,0,277.9,2.376,199.8,14.34,10.45,7.061,0.219,0.052,6.022,4.15
"2021-12-31 01:40:00",3223,10.35,97.9,0,0,277.9,2.101,200.2,15.5,10.44,7.032,0.219,0.052,6.027,3.6
"2021-12-31 01:50:00",3224,10.31,97.9,0,0,277.9,2.515,201,16.56,10.39,7.039,0.219,0.052,6.022,4.18
"2021-12-31 02:00:00",3225,10.29,97.7,0,0,277.9,2.636,199.2,14.8,10.37,7.046,0.219,0.052,6.031,4.26
"2021-12-31 02:10:00",3226,10.28,97.6,0,0,277.9,2.539,203.9,13.25,10.37,7.037,0.219,0.052,6.026,4.78
"2021-12-31 02:20:00",3227,10.24,97.7,0,0,277.9,2.46,205.2,14.37,10.33,7.039,0.219,0.052,6.032,3.91
"2021-12-31 02:30:00",3228,10.17,97.7,0,0,277.9,1.994,202.6,12.81,10.27,7.05,0.219,0.052,6.037,3.23
"2021-12-31 02:40:00",3229,10.17,97.7,0,0,277.9,2.437,201.1,14.12,10.26,7.03,0.219,0.052,6.038,4.7
"2021-12-31 02:50:00",3230,10.1,98,0,0,277.9,2.11,204.3,14.53,10.21,7.039,0.219,0.052,6.035,3.33
"2021-12-31 03:00:00",3231,10.04,98.1,0,0,277.9,1.788,209.2,12.2,10.15,7.042,0.219,0.052,6.04,2.5
"2021-12-31 03:10:00",3232,10.01,97.9,0,0,277.9,1.673,203.7,14.05,10.08,7.031,0.219,0.052,6.041,2.83
"2021-12-31 03:20:00",3233,9.97,98,0,0,277.9,1.558,198.7,18.67,10.07,7.03,0.218,0.052,6.046,3.36
"2021-12-31 03:30:00",3234,10,97.6,0,0,277.9,1.827,200.4,15.23,10.1,7.033,0.218,0.052,6.048,3.14
"2021-12-31 03:40:00",3235,10.01,97.3,0,0,277.9,1.829,208,11.19,10.11,7.012,0.218,0.052,6.045,3.65
"2021-12-31 03:50:00",3236,9.92,97.8,0,0,277.9,1.576,203.4,11.43,10.01,7.019,0.218,0.052,6.055,3.23
"2021-12-31 04:00:00",3237,9.9,97.8,0,0,277.9,1.576,200.1,18.31,9.97,7.01,0.218,0.052,6.057,2.86
"2021-12-31 04:10:00",3238,9.87,97.7,0,0,277.9,1.165,198.7,21.23,9.94,6.998,0.218,0.052,6.05,2.41
"2021-12-31 04:20:00",3239,9.84,97.7,0,0,277.9,1.228,197,25.74,9.92,7.002,0.218,0.052,6.057,2.2
"2021-12-31 04:30:00",3240,9.72,98.1,0,0,278.3,0.976,180.7,15.58,9.79,7.001,0.218,0.052,6.06,2.09
"2021-12-31 04:40:00",3241,9.65,98.4,0,0,278.5,0.968,174,24.28,9.7,6.974,0.218,0.052,6.061,2.01
"2021-12-31 04:50:00",3242,9.57,98.5,0,0,278.5,0.88,159.2,23.67,9.59,6.98,0.218,0.052,6.062,1.86
"2021-12-31 05:00:00",3243,9.51,98.4,0,0,278.5,0.661,171.1,29.86,9.55,6.975,0.218,0.052,6.063,1.27
"2021-12-31 05:10:00",3244,9.39,98.5,0,0,278.5,0.819,145,20.92,9.39,6.963,0.218,0.052,6.061,1.73
"2021-12-31 05:20:00",3245,9.16,98.6,0,0,279.9,0.568,0,0,9.09,6.964,0.218,0.052,6.064,1.31
"2021-12-31 05:30:00",3246,8.77,99,0,0,288.5,0.881,131.2,28.14,8.53,6.96,0.218,0.052,6.062,1.73
"2021-12-31 05:40:00",3247,8.56,99.1,0,0,292,1.187,130,15.27,8.21,6.931,0.218,0.052,6.063,1.61
"2021-12-31 05:50:00",3248,8.29,99.1,0,0,296.3,1.213,121.2,14.74,7.942,6.934,0.218,0.052,6.064,2.22
"2021-12-31 06:00:00",3249,7.868,99.4,0,0,308.9,0.681,118,26.28,7.296,6.923,0.218,0.052,6.064,1.53
"2021-12-31 06:10:00",3250,7.498,99.9,0,0,322.6,0.597,91.9,27.69,6.784,6.899,0.218,0.052,6.066,1.42
"2021-12-31 06:20:00",3251,6.975,100,0,0,337.1,0.486,23.05,26.14,6.361,6.887,0.218,0.052,6.066,0.77
"2021-12-31 06:30:00",3252,6.697,100,0,0,351.4,0.593,103.6,38.11,6.114,6.875,0.218,0.052,6.058,0.84
"2021-12-31 06:40:00",3253,6.4,100,0,0,363.5,0.702,113.1,39.77,5.537,6.828,0.218,0.052,6.061,1.15
"2021-12-31 06:50:00",3254,6.127,100,0,0,376.3,0.809,38.35,12.13,5.421,6.814,0.218,0.052,6.062,1.16
"2021-12-31 07:00:00",3255,5.778,100,0,0,391,0.636,4.426,27.45,4.995,6.79,0.218,0.052,6.055,1.09
"2021-12-31 07:10:00",3256,5.81,100,0,0,407.2,1.067,9.94,9.42,4.959,6.75,0.217,0.052,6.054,1.23
"2021-12-31 07:20:00",3257,5.391,100,0,0,431.5,0.702,119.6,46.11,4.685,6.73,0.217,0.052,6.053,1.2
"2021-12-31 07:30:00",3258,5.34,100,0,0,452.5,0.513,153.6,16.69,4.75,6.711,0.217,0.052,6.05,0.82
"2021-12-31 07:40:00",3259,5.29,100,0,0,460,0.595,147.2,18.39,5.001,6.662,0.217,0.052,6.042,0.98
"2021-12-31 07:50:00",3260,5.161,100,0,0.302,465.6,0.231,0,0,5.019,6.647,0.217,0.052,6.042,0.46
"2021-12-31 08:00:00",3261,5.324,100,0,1.046,469,0.526,160.5,34.39,5.282,6.616,0.217,0.052,6.037,1.2
"2021-12-31 08:10:00",3262,5.471,100,0,1.998,471.1,0.557,49.13,62.18,5.517,6.585,0.217,0.052,6.029,0.96
"2021-12-31 08:20:00",3263,5.472,100,0,3.844,470.7,0.912,35.71,13.8,5.712,6.557,0.217,0.052,6.021,1.29
"2021-12-31 08:30:00",3264,5.314,100,0,7.247,469.5,0.471,23.36,39.05,5.781,6.543,0.217,0.052,6.018,0.88
"2021-12-31 08:40:00",3265,5.663,100,0,10.87,467.3,0.94,27.21,29.97,6.1,6.5,0.217,0.052,6.016,1.37
"2021-12-31 08:50:00",3266,5.899,100,0,17.06,462.4,0.988,14.23,14.33,6.387,6.488,0.217,0.052,6.001,1.3
"2021-12-31 09:00:00",3267,6.016,100,0,26.71,455.9,0.494,31.12,24.02,6.511,6.472,0.217,0.052,5.995,0.95
"2021-12-31 09:10:00",3268,6.245,100,0,30.8,444.8,0.448,0,0,6.73,6.447,0.217,0.052,5.991,0.86
"2021-12-31 09:20:00",3269,6.544,100,0,33.24,430.1,0.703,38.16,22.06,7.056,6.442,0.217,0.052,5.98,1
"2021-12-31 09:30:00",3270,6.868,100,0,40.18,418.1,0.568,53.58,26.31,7.381,6.409,0.217,0.052,5.97,0.98
"2021-12-31 09:40:00",3271,7.008,100,0,55.12,407.5,0.706,60.04,20.49,7.567,6.406,0.216,0.052,5.963,1.33
"2021-12-31 09:50:00",3272,7.383,100,0,73.05,395.6,0.727,44.15,30.23,7.923,6.395,0.216,0.052,5.955,1.27
"2021-12-31 10:00:00",3273,7.955,99.6,0,74.79,382.5,0.834,48.84,98.4,8.4,6.388,0.216,0.052,5.952,2.16
"2021-12-31 10:10:00",3274,8.52,97.2,0,67.96,357.8,2.025,213.8,16.63,8.83,6.378,0.216,0.052,5.942,3.58
"2021-12-31 10:20:00",3275,8.6,97,0,66.68,326.9,2.135,193,19,8.95,6.376,0.216,0.051,5.934,3.44
"2021-12-31 10:30:00",3276,8.68,97.1,0,81.2,295.3,2.554,214.3,19.76,9.08,6.39,0.216,0.051,5.927,4.74
"2021-12-31 10:40:00",3277,8.64,97.5,0,94.9,278.5,3.147,211.8,20.25,9.09,6.382,0.216,0.051,5.926,6.25
"2021-12-31 10:50:00",3278,8.52,97.7,0,105.4,277.9,3.101,205.1,18.58,9.05,6.4,0.216,0.051,5.914,5.66
"2021-12-31 11:00:00",3279,8.35,98.2,0,96.1,277.9,3.28,209,14.85,8.91,6.423,0.216,0.051,5.913,6.02
"2021-12-31 11:10:00",3280,8.43,98.2,0,102.9,277.7,2.661,206.1,18.5,9.06,6.428,0.216,0.051,5.909,4.29
"2021-12-31 11:20:00",3281,8.54,97.9,0,117.8,277.2,1.308,204.1,20.24,9.28,6.45,0.216,0.051,5.905,2.5
"2021-12-31 11:30:00",3282,8.46,97.8,0,121.2,277.2,1.872,185.6,22.87,9.31,6.477,0.216,0.051,5.901,3.6
"2021-12-31 11:40:00",3283,8.34,98.4,0,120.7,277.2,2.78,194.9,26.84,9.23,6.474,0.216,0.051,5.895,5.38
"2021-12-31 11:50:00",3284,8.29,98.5,0,117.7,277.5,3.226,218.5,16.44,9.05,6.502,0.216,0.051,5.894,4.93
"2021-12-31 12:00:00",3285,8.36,98.1,0,154.6,277.2,2.495,201.3,22.61,9.26,6.52,0.216,0.051,5.898,4.37
"2021-12-31 12:10:00",3286,8.74,96.5,0,269.6,276.4,2.517,197,29.7,9.79,6.546,0.216,0.051,5.893,4.83
"2021-12-31 12:20:00",3287,9.09,94.9,0,293.5,276,1.968,177.3,19.06,10.14,6.55,0.216,0.052,5.891,3.29
"2021-12-31 12:30:00",3288,9.66,92.6,0,325.5,275.4,2.718,167.6,19.25,11.03,6.587,0.216,0.051,5.896,4.92
"2021-12-31 12:40:00",3289,10.16,91.1,0,324.4,275.1,2.226,193.2,22.62,11.32,6.616,0.216,0.051,5.897,4.89
"2021-12-31 12:50:00",3290,10.56,89.7,0,321.5,274.5,1.955,216.4,16.99,11.61,6.652,0.216,0.051,5.896,4.32
"2021-12-31 13:00:00",3291,10.68,88.2,0,317.3,274.5,3.068,194.8,17.8,11.66,6.702,0.216,0.051,5.897,5.28
"2021-12-31 13:10:00",3292,10.78,88,0,311.8,274.5,3.138,215.9,17.58,11.72,6.736,0.216,0.051,5.906,4.95
"2021-12-31 13:20:00",3293,11.07,86.4,0,305.4,274.4,2.512,193.5,22.78,12.09,6.788,0.216,0.051,5.907,5.57
"2021-12-31 13:30:00",3294,11.29,85.8,0,298.1,274,2.344,194.9,20.73,12.26,6.847,0.216,0.051,5.91,4.95
"2021-12-31 13:40:00",3295,11.54,84.8,0,289.1,273.8,2.477,182.3,18.12,12.52,6.873,0.216,0.051,5.913,4.23
"2021-12-31 13:50:00",3296,11.66,82.9,0,279.6,273.8,3.393,187.4,21.38,12.36,6.933,0.216,0.051,5.921,6.42
"2021-12-31 14:00:00",3297,11.87,80.5,0,269.8,273.8,3.537,195.7,19.93,12.44,6.98,0.215,0.051,5.928,5.23
"2021-12-31 14:10:00",3298,12.01,79.76,0,259.5,273.8,3.07,194.6,15.63,12.5,7.028,0.215,0.051,5.941,5.89
"2021-12-31 14:20:00",3299,12.09,79,0,242.2,273.6,2.669,192.8,17.3,12.58,7.057,0.215,0.051,5.944,5.12
"2021-12-31 14:30:00",3300,12.1,78.5,0,227.9,273.4,2.522,200.5,20.78,12.62,7.104,0.215,0.051,5.95,4.99
"2021-12-31 14:40:00",3301,12.07,78.89,0,212.8,273.5,2.991,213.6,14.12,12.52,7.131,0.215,0.051,5.966,5.57
"2021-12-31 14:50:00",3302,11.94,79.32,0,197.7,273.8,2.564,195.1,17.39,12.35,7.159,0.215,0.051,5.974,4.17
"2021-12-31 15:00:00",3303,11.91,79,0,191.7,273.8,2.846,194,15.08,12.29,7.187,0.215,0.051,5.988,5.41
"2021-12-31 15:10:00",3304,11.91,78.76,0,190,273.6,2.325,191.2,27.8,12.32,7.204,0.215,0.051,6,4.75
"2021-12-31 15:20:00",3305,11.91,78.39,0,159,273.5,2.833,184.7,19.16,12.28,7.217,0.215,0.051,6.01,4.5
"2021-12-31 15:30:00",3306,11.48,80.3,0,66.57,274.2,2.337,169.2,21.23,11.51,7.241,0.215,0.051,6.024,4.31
"2021-12-31 15:40:00",3307,11.31,80.5,0,125.3,274,2.177,168.4,18.26,11.41,7.231,0.215,0.051,6.034,4.12
"2021-12-31 15:50:00",3308,11.14,80.8,0,57.66,274.4,2.227,178,23.15,10.91,7.235,0.215,0.051,6.044,4.84
"2021-12-31 16:00:00",3309,11.06,80.4,0,38.47,275.1,3.384,183.5,23.88,10.68,7.232,0.215,0.051,6.058,5.31
"2021-12-31 16:10:00",3310,11.02,80.1,0,25.96,275.1,2.887,183.7,22.1,10.58,7.209,0.215,0.051,6.067,5.8
"2021-12-31 16:20:00",3311,11.03,79.07,0,24.3,275.1,2.451,179.4,19.6,10.65,7.201,0.215,0.051,6.079,5.45
"2021-12-31 16:30:00",3312,10.83,79.49,0,10.08,275.1,3.126,188.6,21.45,10.37,7.193,0.215,0.051,6.088,5.57
"2021-12-31 16:40:00",3313,10.64,79.59,0,5.241,275.1,2.925,185.2,20.94,10.16,7.158,0.215,0.051,6.093,6.49
"2021-12-31 16:50:00",3314,10.38,80,0,2.506,275.1,3.32,197,18.33,10,7.148,0.215,0.051,6.101,5.96
"2021-12-31 17:00:00",3315,10.26,79.58,0,1.035,275.1,4.078,205.6,15.91,9.86,7.127,0.215,0.051,6.112,6.72
"2021-12-31 17:10:00",3316,10.13,79.34,0,0.179,275.1,4.419,206,13.14,9.73,7.103,0.215,0.051,6.121,7.26
"2021-12-31 17:20:00",3317,9.95,79.54,0,0,275.1,3.759,202.3,13.76,9.59,7.077,0.215,0.051,6.122,5.96
"2021-12-31 17:30:00",3318,9.95,78.89,0,0,275.1,4.216,204.4,13.78,9.5,7.065,0.215,0.051,6.125,6.41
"2021-12-31 17:40:00",3319,9.88,79.24,0,0,275.1,4.178,199,15.81,9.48,7.026,0.215,0.051,6.131,7.4
"2021-12-31 17:50:00",3320,9.92,78.86,0,0,275.1,4.43,201.8,14.21,9.5,7.01,0.215,0.051,6.134,7.24
"2021-12-31 18:00:00",3321,9.99,78.48,0,0,275.1,4.674,209.7,12.5,9.53,6.984,0.215,0.051,6.136,6.68
"2021-12-31 18:10:00",3322,10.05,78.52,0,0,274.9,4.723,211.4,10.41,9.59,6.966,0.215,0.051,6.138,8.06
"2021-12-31 18:20:00",3323,9.86,79.78,0,0,275.1,4.658,209.6,12.08,9.4,6.934,0.215,0.051,6.141,7.74
"2021-12-31 18:30:00",3324,9.96,79.23,0,0,275.1,5.84,209.8,11.66,9.56,6.919,0.215,0.051,6.136,8.9
"2021-12-31 18:40:00",3325,9.89,79.47,0,0,275.1,5.628,203.2,11.12,9.54,6.887,0.215,0.051,6.138,9.11
"2021-12-31 18:50:00",3326,9.8,79.8,0,0,275.1,4.708,203.1,13.32,9.48,6.873,0.215,0.051,6.136,8.11
"2021-12-31 19:00:00",3327,9.66,80.4,0,0,275.1,4.558,210.1,10.76,9.3,6.859,0.215,0.051,6.131,7.31
"2021-12-31 19:10:00",3328,9.7,79.66,0,0,275.1,4.749,201.1,14.1,9.3,6.832,0.215,0.051,6.134,6.97
"2021-12-31 19:20:00",3329,9.7,79.35,0,0,275.1,4.241,201.7,14.44,9.33,6.818,0.215,0.051,6.13,6.03
"2021-12-31 19:30:00",3330,9.66,79.37,0,0,275.1,4.285,205.1,15.01,9.23,6.811,0.214,0.051,6.128,7.61
"2021-12-31 19:40:00",3331,9.59,79.52,0,0,275.1,3.939,205.6,13.95,9.14,6.773,0.214,0.051,6.123,6.44
"2021-12-31 19:50:00",3332,9.67,78.9,0,0,275,4.489,204,14.64,9.24,6.763,0.214,0.051,6.123,8.77
"2021-12-31 20:00:00",3333,9.63,78.79,0,0,275,3.966,210.1,11.16,9.12,6.748,0.214,0.051,6.119,6.15
"2021-12-31 20:10:00",3334,9.51,79.07,0,0,275.1,3.761,207.3,14.59,8.93,6.73,0.214,0.051,6.117,6.09
"2021-12-31 20:20:00",3335,9.44,79.17,0,0,275.1,3.446,206,13.78,8.9,6.712,0.214,0.051,6.114,6.57
"2021-12-31 20:30:00",3336,9.28,79.77,0,0,275.1,3.488,194.2,15.95,8.8,6.708,0.214,0.051,6.11,6.11
"2021-12-31 20:40:00",3337,9.16,80.3,0,0,275.1,3.396,199.2,15.44,8.69,6.667,0.214,0.051,6.106,5.8
"2021-12-31 20:50:00",3338,9.1,80.6,0,0,275.1,3.194,199.6,15.22,8.64,6.662,0.214,0.051,6.101,5.22
"2021-12-31 21:00:00",3339,9.13,80.4,0,0,275.1,3.304,197.8,16.81,8.71,6.647,0.214,0.051,6.096,6.19
"2021-12-31 21:10:00",3340,9.15,80.2,0,0,275.1,3.512,196.5,16.26,8.75,6.617,0.214,0.051,6.089,6.43
"2021-12-31 21:20:00",3341,9.23,79.77,0,0,275.1,4.069,196,13.47,8.76,6.605,0.214,0.051,6.085,6.48
"2021-12-31 21:30:00",3342,9.22,79.85,0,0,275.1,4.07,201.4,14.7,8.82,6.597,0.214,0.051,6.081,6.62
"2021-12-31 21:40:00",3343,9.18,79.88,0,0,275.1,4.29,201.2,15.05,8.77,6.564,0.214,0.051,6.078,6.87
"2021-12-31 21:50:00",3344,9.03,80.2,0,0,275.1,3.943,206.3,12.66,8.62,6.556,0.214,0.051,6.072,6.62
"2021-12-31 22:00:00",3345,9,80.2,0,0,275.1,4.13,205.5,10.84,8.54,6.547,0.214,0.051,6.069,6.55
"2021-12-31 22:10:00",3346,8.79,81.1,0,0,275.1,3.445,205.9,11.8,8.32,6.525,0.214,0.051,6.064,5.46
"2021-12-31 22:20:00",3347,8.55,82.2,0,0,275.1,3.148,201.2,14.68,8.07,6.511,0.214,0.051,6.059,6.18
"2021-12-31 22:30:00",3348,8.51,82.3,0,0,275.1,3.289,207.4,14.9,8.07,6.504,0.214,0.051,6.053,5.49
"2021-12-31 22:40:00",3349,8.31,83,0,0,275.1,2.637,204.9,13.51,7.754,6.469,0.214,0.051,6.045,3.74
"2021-12-31 22:50:00",3350,8.2,83.3,0,0,275.1,2.575,209.8,13.58,7.628,6.463,0.214,0.051,6.039,3.61
"2021-12-31 23:00:00",3351,7.898,84.8,0,0,275.1,2.328,197.9,12.15,7.302,6.454,0.214,0.051,6.036,3.43
"2021-12-31 23:10:00",3352,7.916,84.9,0,0,275.1,2.22,202.3,9.9,7.424,6.425,0.214,0.051,6.031,3.61
"2021-12-31 23:20:00",3353,7.871,85.1,0,0,275.1,2.265,201.7,11.6,7.442,6.414,0.214,0.051,6.024,3.46
"2021-12-31 23:30:00",3354,7.954,84.8,0,0,275.1,2.5,204.6,11.65,7.591,6.406,0.214,0.051,6.024,3.85
"2021-12-31 23:40:00",3355,7.762,85.5,0,0,275.5,2.019,195.4,16.27,7.22,6.373,0.214,0.051,6.01,3.44
"2021-12-31 23:50:00",3356,7.421,87.2,0,0,275.8,1.777,194.8,12.95,6.659,6.366,0.213,0.051,6.008,2.95
