"2020-12-20 00:00:00",11317,4.461,100,0,0.005,0.314,188.9,26,"NAN",5.24,0.141
"2020-12-20 00:10:00",11318,4.524,100,0,0.005,0.618,183,25.19,"NAN",5.23,0.141
"2020-12-20 00:20:00",11319,4.34,100,0,0.006,0.446,110.8,68.05,"NAN",5.222,0.141
"2020-12-20 00:30:00",11320,4.604,100,0,0.007,0.698,121.6,37.49,"NAN",5.216,0.141
"2020-12-20 00:40:00",11321,5.191,100,0,0.004,0.599,145,48.36,"NAN",5.211,0.141
"2020-12-20 00:50:00",11322,5.139,100,0,0.005,0.337,248.2,46.15,"NAN",5.203,0.141
"2020-12-20 01:00:00",11323,4.977,100,0,0.006,0.546,208.8,62.91,"NAN",5.202,0.141
"2020-12-20 01:10:00",11324,4.802,100,0,0.006,0.504,298.6,14.51,"NAN",5.19,0.141
"2020-12-20 01:20:00",11325,4.944,100,0,0.008,0.717,108.4,25.57,"NAN",5.189,0.141
"2020-12-20 01:30:00",11326,5.632,100,0,0.007,1.356,74.86,76.61,"NAN",5.184,0.141
"2020-12-20 01:40:00",11327,5.221,100,0,0.006,0.821,359.5,36.38,"NAN",5.185,0.141
"2020-12-20 01:50:00",11328,5.139,100,0,0.007,0.464,5.918,28.73,"NAN",5.174,0.141
"2020-12-20 02:00:00",11329,5.332,100,0,0.008,0.604,79.43,69.6,"NAN",5.172,0.141
"2020-12-20 02:10:00",11330,5.215,100,0,0.005,0.569,213.8,23.09,"NAN",5.167,0.141
"2020-12-20 02:20:00",11331,5.08,100,0,0.006,0.372,221.9,37.94,"NAN",5.167,0.141
"2020-12-20 02:30:00",11332,5.037,100,0,0.005,0.322,199.2,18.61,"NAN",5.159,0.141
"2020-12-20 02:40:00",11333,5.107,100,0,0.006,0.188,326.3,61.97,"NAN",5.162,0.141
"2020-12-20 02:50:00",11334,5.166,100,0,0.009,0.726,181.7,30.99,"NAN",5.156,0.141
"2020-12-20 03:00:00",11335,5.313,100,0,0.004,1.127,151.5,8.55,"NAN",5.15,0.141
"2020-12-20 03:10:00",11336,5.626,100,0,0.007,0.679,62.2,49.68,"NAN",5.148,0.141
"2020-12-20 03:20:00",11337,5.632,100,0,0.006,0.862,345,19.03,"NAN",5.152,0.141
"2020-12-20 03:30:00",11338,5.519,100,0,0.007,0.62,324.2,8.18,"NAN",5.155,0.141
"2020-12-20 03:40:00",11339,5.561,100,0.1,0.006,0.668,319.2,25.8,"NAN",5.148,0.141
"2020-12-20 03:50:00",11340,5.708,100,0.1,0.005,0.733,340.3,17.95,"NAN",5.152,0.141
"2020-12-20 04:00:00",11341,5.68,100,0.1,0.008,0.58,131.6,48.86,"NAN",5.149,0.141
"2020-12-20 04:10:00",11342,5.624,100,0.3,0.005,0.709,81.3,89.6,"NAN",5.15,0.141
"2020-12-20 04:20:00",11343,5.541,100,0.2,0.007,1.07,189.5,20.17,"NAN",5.146,0.141
"2020-12-20 04:30:00",11344,5.697,100,0.2,0.006,1.442,136.1,28.13,"NAN",5.152,0.141
"2020-12-20 04:40:00",11345,5.939,100,0.3,0.007,0.932,112.1,20.14,"NAN",5.147,0.141
"2020-12-20 04:50:00",11346,5.998,100,0,0.008,0.345,117.2,68.94,"NAN",5.156,0.141
"2020-12-20 05:00:00",11347,5.914,100,0.1,0.008,0.643,172,18.7,"NAN",5.152,0.141
"2020-12-20 05:10:00",11348,5.929,100,0.2,0.006,0.559,51.53,27.6,"NAN",5.149,0.141
"2020-12-20 05:20:00",11349,6.054,100,0.1,0.006,0.705,16.64,20.82,"NAN",5.151,0.141
"2020-12-20 05:30:00",11350,6.002,100,0,0.006,0.494,38.95,24.95,"NAN",5.159,0.141
"2020-12-20 05:40:00",11351,6.079,100,0.1,0.004,0.541,63.36,39.51,"NAN",5.157,0.141
"2020-12-20 05:50:00",11352,6.023,100,0.1,0.006,0.787,113.7,89.4,"NAN",5.16,0.141
"2020-12-20 06:00:00",11353,5.849,100,0,0.004,1.288,218.4,56.61,"NAN",5.158,0.142
"2020-12-20 06:10:00",11354,6.191,100,0.1,0.005,0.863,218.5,63.3,"NAN",5.165,0.142
"2020-12-20 06:20:00",11355,6.235,100,0.3,0.004,1.154,168.3,23.62,"NAN",5.169,0.142
"2020-12-20 06:30:00",11356,6.157,100,0.4,0.004,1.298,183.9,20.02,"NAN",5.165,0.142
"2020-12-20 06:40:00",11357,6.262,100,0.2,0.007,0.506,233.1,25.87,"NAN",5.177,0.142
"2020-12-20 06:50:00",11358,6.348,100,0.1,0.007,0.819,279.3,10.57,"NAN",5.166,0.142
"2020-12-20 07:00:00",11359,6.269,100,0.2,0.009,0.977,279.8,7.997,"NAN",5.176,0.142
"2020-12-20 07:10:00",11360,6.205,100,0.1,0.006,0.592,288.5,15.48,"NAN",5.182,0.143
"2020-12-20 07:20:00",11361,6.217,100,0.2,0.005,0.683,166.9,28.11,"NAN",5.183,0.143
"2020-12-20 07:30:00",11362,6.146,100,0,0.008,0.544,119.8,29.98,"NAN",5.186,0.143
"2020-12-20 07:40:00",11363,6.193,100,0.1,0.006,0.437,164.1,12.66,"NAN",5.194,0.143
"2020-12-20 07:50:00",11364,6.103,100,0.3,0.016,0.88,199.3,13.58,"NAN",5.19,0.143
"2020-12-20 08:00:00",11365,6.066,100,0.3,0.078,0.7,179.4,9.19,"NAN",5.19,0.144
"2020-12-20 08:10:00",11366,6.061,100,0.2,0.269,0.457,160.5,12.51,"NAN",5.197,0.144
"2020-12-20 08:20:00",11367,6.157,100,0.4,0.656,0.672,114.7,45.3,"NAN",5.199,0.144
"2020-12-20 08:30:00",11368,6.219,100,0.3,1.426,0.55,188,87.7,"NAN",5.206,0.144
"2020-12-20 08:40:00",11369,6.176,100,0.3,1.539,0.57,255.6,31.31,"NAN",5.205,0.145
"2020-12-20 08:50:00",11370,6.291,100,0.1,3.599,0.779,209.9,14.18,"NAN",5.213,0.145
"2020-12-20 09:00:00",11371,6.394,100,0.1,5.763,1.073,178.5,14.35,"NAN",5.212,0.145
"2020-12-20 09:10:00",11372,6.471,100,0.1,11.88,1.256,159.5,22.61,"NAN",5.219,0.146
"2020-12-20 09:20:00",11373,6.59,100,0,15.1,1.066,193.2,13.69,"NAN",5.221,0.146
"2020-12-20 09:30:00",11374,6.65,100,0.1,22,0.454,149.1,62.18,"NAN",5.227,0.147
"2020-12-20 09:40:00",11375,6.691,100,0,30.25,0.581,195.3,32.89,"NAN",5.227,0.147
"2020-12-20 09:50:00",11376,6.786,100,0.1,34.77,0.521,332.7,71.07,"NAN",5.233,0.147
"2020-12-20 10:00:00",11377,6.909,100,0,57.42,0.37,24.44,30.89,"NAN",5.239,0.148
"2020-12-20 10:10:00",11378,7.049,100,0,63.69,0.319,61.61,63.04,"NAN",5.237,0.148
"2020-12-20 10:20:00",11379,7.187,100,0,41.94,0.614,258.5,14.06,"NAN",5.243,0.148
"2020-12-20 10:30:00",11380,7.228,100,0,28.43,1.334,266.5,7.892,"NAN",5.245,0.149
"2020-12-20 10:40:00",11381,7.29,100,0.1,24.11,1.385,257.2,9.03,"NAN",5.247,0.149
"2020-12-20 10:50:00",11382,7.36,100,0.1,79.42,0.864,236.5,12.93,"NAN",5.258,0.149
"2020-12-20 11:00:00",11383,7.561,99.8,0,64.23,1.385,212.4,14.6,"NAN",5.259,0.149
"2020-12-20 11:10:00",11384,7.699,99.5,0,56.91,1.409,195.2,17.13,"NAN",5.263,0.15
"2020-12-20 11:20:00",11385,7.761,99.5,0,71.2,1.458,214.2,17.24,"NAN",5.273,0.15
"2020-12-20 11:30:00",11386,7.921,99.2,0.1,114.9,1.526,213.9,13.34,"NAN",5.279,0.15
"2020-12-20 11:40:00",11387,8.1,98.8,0,129.1,1.197,241.3,14.44,"NAN",5.285,0.15
"2020-12-20 11:50:00",11388,8.27,98.5,0,87.7,1.584,238.2,12.96,"NAN",5.286,0.151
"2020-12-20 12:00:00",11389,8.37,98.3,0,101.8,2.033,236.4,10.94,"NAN",5.296,0.151
"2020-12-20 12:10:00",11390,8.49,97.5,0,104.3,2.508,240.4,10.37,"NAN",5.301,0.151
"2020-12-20 12:20:00",11391,8.44,97.3,0.1,61.01,2.596,241.1,6.47,"NAN",5.31,0.151
"2020-12-20 12:30:00",11392,8.44,97.4,0,44.01,2.673,240.2,7.669,"NAN",5.319,0.151
"2020-12-20 12:40:00",11393,8.46,97.3,0,38.38,2.718,234,9.11,"NAN",5.331,0.151
"2020-12-20 12:50:00",11394,8.41,97.2,0,32.05,2.998,236.6,9.12,"NAN",5.348,0.152
"2020-12-20 13:00:00",11395,8.31,97.9,0,29.15,2.589,241.7,11.23,"NAN",5.355,0.152
"2020-12-20 13:10:00",11396,8.27,98.8,0.2,27.44,1.461,227.4,9.32,"NAN",5.369,0.152
"2020-12-20 13:20:00",11397,8.3,99.4,0,17.19,1.065,232.5,12.09,"NAN",5.381,0.152
"2020-12-20 13:30:00",11398,8.42,99.7,0.1,31.47,1.424,244.6,11.53,"NAN",5.399,0.152
"2020-12-20 13:40:00",11399,8.52,99.4,0,34.67,1.695,236.8,9.47,"NAN",5.41,0.152
"2020-12-20 13:50:00",11400,8.6,99.3,0.1,20.52,1.911,260.1,13.44,"NAN",5.428,0.152
"2020-12-20 14:00:00",11401,8.77,99,0.6,15.97,3.482,265.5,11.56,"NAN",5.441,0.152
"2020-12-20 14:10:00",11402,9.08,97.8,1,17.9,4.539,263.2,8.28,"NAN",5.45,0.152
"2020-12-20 14:20:00",11403,8.94,98.4,0.6,16.58,4.512,259.7,9.45,"NAN",5.473,0.152
"2020-12-20 14:30:00",11404,8.91,99,0.5,13.98,4.727,251.6,8.21,"NAN",5.485,0.153
"2020-12-20 14:40:00",11405,8.77,99,0.4,17.88,4.841,243.9,5.956,"NAN",5.507,0.153
"2020-12-20 14:50:00",11406,8.69,99.8,0.4,18.15,3.908,239.2,6.61,"NAN",5.518,0.154
"2020-12-20 15:00:00",11407,8.67,100,0.3,25.46,3.295,237.3,8.46,"NAN",5.535,0.154
"2020-12-20 15:10:00",11408,8.75,100,0.1,28.41,2.908,231.6,7.98,"NAN",5.553,0.155
"2020-12-20 15:20:00",11409,8.8,99.9,0.1,28.23,2.925,231.4,8.16,"NAN",5.572,0.156
"2020-12-20 15:30:00",11410,8.88,99.4,0.1,17.96,3.26,232.2,7.386,"NAN",5.583,0.156
"2020-12-20 15:40:00",11411,8.88,99.2,0,15.08,2.519,232.1,8.42,"NAN",5.598,0.157
"2020-12-20 15:50:00",11412,8.81,99.3,0,16.27,2.173,243.9,6.899,"NAN",5.61,0.158
"2020-12-20 16:00:00",11413,8.71,99.6,0,16,1.649,241.4,8.14,"NAN",5.628,0.159
"2020-12-20 16:10:00",11414,8.65,99.8,0,9.36,1.469,237.7,8.83,"NAN",5.646,0.159
"2020-12-20 16:20:00",11415,8.57,100,0,5.633,1.415,248.1,9.12,"NAN",5.659,0.16
"2020-12-20 16:30:00",11416,8.44,100,0,5.172,0.874,236.5,10.51,"NAN",5.67,0.16
"2020-12-20 16:40:00",11417,8.39,100,0,2.311,1.17,246.4,12.26,"NAN",5.689,0.161
"2020-12-20 16:50:00",11418,8.15,100,0,0.439,1.339,249.1,10.17,"NAN",5.709,0.161
"2020-12-20 17:00:00",11419,8.19,100,0,0.169,1.381,233.9,7.716,"NAN",5.718,0.161
"2020-12-20 17:10:00",11420,8.23,100,0.1,0.028,1.773,246.8,6.986,"NAN",5.735,0.162
"2020-12-20 17:20:00",11421,8.1,100,0,0.009,1.672,242.9,8.01,"NAN",5.742,0.162
"2020-12-20 17:30:00",11422,8.24,100,0,0.008,1.721,230.9,11.43,"NAN",5.76,0.162
"2020-12-20 17:40:00",11423,8.36,100,0,0.007,1.319,237.4,11.86,"NAN",5.779,0.162
"2020-12-20 17:50:00",11424,8.14,100,0,0.007,"NAN",0,0,"NAN",9.16,"NAN"
"2020-12-20 18:00:00",11425,8.25,100,0,0.007,"NAN",0,0,"NAN","NAN","NAN"
"2020-12-20 18:10:00",11426,8.28,100,0,0.007,2.173,249,6.165,"NAN",5.806,0.163
"2020-12-20 18:20:00",11427,8.11,100,0,0.007,1.589,249.2,7.287,"NAN",5.82,0.163
"2020-12-20 18:40:00",11428,7.696,100,0,0.012,"NAN",0,0,"NAN","NAN","NAN"
"2020-12-20 18:50:00",11429,7.327,100,0,0.009,"NAN",0,0,"NAN","NAN","NAN"
"2020-12-20 19:00:00",11430,7.067,100,0,0.01,"NAN",0,0,"NAN","NAN","NAN"
"2020-12-20 19:10:00",11431,7.317,100,0,0.004,"NAN",0,0,"NAN","NAN","NAN"
"2020-12-20 19:20:00",11432,7.39,100,0,0.013,"NAN",0,0,"NAN","NAN","NAN"
"2020-12-20 20:00:00",11433,7.056,100,0,0,"NAN",0,0,"NAN","NAN","NAN"
"2020-12-20 20:10:00",11434,6.356,100,0,0.005,"NAN",0,0,"NAN","NAN","NAN"
"2020-12-20 20:20:00",11435,6.854,100,0,0,"NAN",0,0,"NAN","NAN","NAN"
"2020-12-20 21:10:00",11436,6.491,100,0,0.016,"NAN",0,0,"NAN","NAN","NAN"
"2020-12-20 21:20:00",11437,6.43,100,0,0,"NAN",0,0,"NAN","NAN","NAN"
"2020-12-20 21:40:00",11438,6.866,100,0,0.007,"NAN",0,0,"NAN","NAN","NAN"
"2020-12-20 21:50:00",11439,6.452,100,0,0,"NAN",0,0,"NAN","NAN","NAN"
"2020-12-20 22:00:00",11440,6.228,100,0,0.029,"NAN",0,0,"NAN","NAN","NAN"
"2020-12-20 22:10:00",152707,7.916,98.7,0,0.134,664,1.497,206.9,13.76,5.234,7.198,0.41,0.187,7.261,2.28
"2020-12-20 22:20:00",152708,7.83,98.2,0,0.106,659.9,1.548,227.9,9.01,5.311,7.195,0.41,0.186,7.266,2.33
"2020-12-20 22:30:00",152709,7.711,99,0,0.117,657.5,1.106,227,10.89,4.977,7.19,0.41,0.186,7.268,1.65
"2020-12-20 22:40:00",152710,7.653,99.1,0,0.123,654.2,0.901,234.9,18.32,4.845,7.182,0.41,0.187,7.269,1.56
"2020-12-20 22:50:00",152711,7.486,99.3,0,0.123,649.6,1.007,216.4,9.2,4.465,7.173,0.409,0.186,7.275,1.63
"2020-12-20 23:00:00",152712,7.566,99.3,0,0.101,641,1.138,213.5,14.62,5.092,7.166,0.409,0.186,7.277,1.63
"2020-12-20 23:10:00",152713,7.722,99.1,0,0.112,632.5,0.984,206.8,12.23,5.273,7.157,0.409,0.186,7.277,1.53
"2020-12-20 23:20:00",152714,7.783,98.8,0,0.095,621.9,1.27,199.2,11.41,5.638,7.149,0.41,0.187,7.281,2.21
"2020-12-20 23:30:00",152715,7.904,98.8,0,0.117,610.5,1.409,189.9,11.63,5.999,7.143,0.41,0.187,7.287,2.52
"2020-12-20 23:40:00",152716,7.986,98.8,0,0.134,598.5,1.506,196,12.51,6.174,7.135,0.409,0.186,7.284,2.19
"2020-12-20 23:50:00",152717,8.06,98.3,0,0.106,587.8,1.362,203.1,16.49,6.238,7.125,0.409,0.187,7.284,2.5
"2020-12-21 00:00:00",152718,7.905,98.4,0,0.095,578.9,1.104,218.5,9.22,6.11,7.123,0.409,0.187,7.288,1.47
"2020-12-21 00:10:00",152719,7.74,98.9,0,0.129,571.3,1.146,215.3,9.79,5.848,7.117,0.409,0.186,7.288,1.58
"2020-12-21 00:20:00",152720,7.592,99.2,0,0.123,567.4,1.38,219,11.92,5.615,7.116,0.409,0.186,7.292,2.35
"2020-12-21 00:30:00",152721,7.764,99,0,0.084,559.5,1.433,208.7,10.41,5.923,7.117,0.409,0.186,7.294,2.18
"2020-12-21 00:40:00",152722,7.881,98.4,0,0.117,551.5,1.484,215.3,11.04,6.067,7.116,0.409,0.186,7.291,2.64
"2020-12-21 00:50:00",152723,7.98,98.2,0,0.129,543.8,1.956,224.4,9,6.227,7.113,0.409,0.186,7.296,2.55
"2020-12-21 01:00:00",152724,8,98.1,0,0.123,535.9,1.814,212.1,9.64,6.298,7.115,0.409,0.186,7.292,3.12
"2020-12-21 01:10:00",152725,7.899,98.3,0,0.134,528.5,1.388,202.4,14.36,6.192,7.113,0.409,0.186,7.298,2.38
"2020-12-21 01:20:00",152726,7.804,98.6,0,0.134,522.2,1.247,201.3,7.791,5.992,7.115,0.409,0.186,7.295,2.01
"2020-12-21 01:30:00",152727,7.679,98.7,0,0.123,515.6,1.215,188.2,12.64,5.778,7.115,0.409,0.186,7.297,1.59
"2020-12-21 01:40:00",152728,7.606,98.9,0,0.117,508.2,1.393,199.5,14.57,5.765,7.117,0.409,0.186,7.301,2.18
"2020-12-21 01:50:00",152729,7.578,98.9,0,0.134,504,1.576,183.2,12.6,5.472,7.117,0.409,0.186,7.303,2.68
"2020-12-21 02:00:00",152730,7.468,98.6,0,0.129,502.2,1.644,188.7,8.66,5.198,7.118,0.409,0.186,7.303,2.62
"2020-12-21 02:10:00",152731,7.228,98.7,0,0.112,502.1,1.621,188.5,6.994,4.869,7.116,0.409,0.186,7.305,2.32
"2020-12-21 02:20:00",152732,7.193,99,0,0.095,500.6,1.462,202.1,8.19,4.799,7.117,0.409,0.186,7.309,2.19
"2020-12-21 02:30:00",152733,7.095,98.9,0,0.112,502.1,1.388,201.2,8.07,4.49,7.116,0.409,0.186,7.304,2.11
"2020-12-21 02:40:00",152734,6.99,99,0,0.106,504.2,1.479,202,9.64,4.266,7.113,0.409,0.186,7.307,2
"2020-12-21 02:50:00",152735,7.035,98.9,0,0.117,503.7,1.426,197.2,11.62,4.271,7.104,0.409,0.186,7.306,2.18
"2020-12-21 03:00:00",152736,7.059,98.3,0,0.089,497.1,1.466,197.2,11.12,4.641,7.1,0.409,0.186,7.305,2.44
"2020-12-21 03:10:00",152737,7.054,98.2,0,0.084,490.1,1.237,226.2,8.93,4.672,7.094,0.409,0.186,7.307,1.64
"2020-12-21 03:20:00",152738,7.035,97.9,0,0.084,480.9,1.2,219.1,14.21,4.851,7.088,0.409,0.186,7.309,1.53
"2020-12-21 03:30:00",152739,7.109,97.9,0,0.123,472,0.949,195.7,12.38,4.799,7.081,0.409,0.186,7.31,1.32
"2020-12-21 03:40:00",152740,7.15,98,0,0.117,461.5,1.174,189.6,7.706,4.848,7.072,0.409,0.186,7.311,1.68
"2020-12-21 03:50:00",152741,7.19,97.6,0,0.112,447.2,1.094,192.3,7.134,4.894,7.06,0.409,0.186,7.313,1.43
"2020-12-21 04:00:00",152742,6.977,97.9,0,0.084,434.9,0.892,211.5,12.06,4.612,7.053,0.409,0.186,7.313,1.26
"2020-12-21 04:10:00",152743,7.053,98.2,0,0.14,425.3,0.412,251.1,37.75,4.48,7.043,0.409,0.186,7.315,1.09
"2020-12-21 04:20:00",152744,6.587,98.1,0,0.123,415.6,0.643,291.8,36.53,4.49,7.037,0.409,0.186,7.315,1
"2020-12-21 04:30:00",152745,6.157,99.3,0,0.117,407.7,0.384,308.1,42.95,4.302,7.035,0.409,0.186,7.315,0.67
"2020-12-21 04:40:00",152746,6.046,99.9,0,0.101,400.5,0.496,133.7,19.51,4.182,7.028,0.409,0.186,7.313,0.89
"2020-12-21 04:50:00",152747,5.967,100,0,0.129,393.7,0.133,77.66,87.1,4.128,7.02,0.409,0.186,7.318,0.38
"2020-12-21 05:00:00",152748,6.018,100,0,0.073,388.1,0.125,67.7,47.74,3.98,7.019,0.409,0.186,7.317,0.3
"2020-12-21 05:10:00",152749,5.897,100,0,0.112,386.4,0.886,144.7,17.25,3.559,7.014,0.409,0.186,7.317,1.68
"2020-12-21 05:20:00",152750,5.937,100,0,0.117,389.6,1.397,206.8,40.3,3.972,7.012,0.409,0.186,7.319,2.29
"2020-12-21 05:30:00",152751,5.544,100,0,0.095,392.9,1.012,307.5,41.46,3.629,7.008,0.409,0.186,7.315,2.28
"2020-12-21 05:40:00",152752,5.08,100,0,0.112,401.2,0.223,71.97,74.8,2.896,7.004,0.409,0.186,7.315,0.67
"2020-12-21 05:50:00",152753,4.722,100,0,0.101,409.9,0.264,164.4,87.4,1.654,6.997,0.409,0.186,7.322,0.49
"2020-12-21 06:00:00",152754,4.527,100,0,0.123,416.7,0.298,166.3,37.69,0.839,6.986,0.409,0.186,7.318,0.64
"2020-12-21 06:10:00",152755,4.613,100,0,0.106,424.6,0.455,241.3,64.97,0.587,6.975,0.409,0.186,7.316,0.92
"2020-12-21 06:20:00",152756,4.002,100,0,0.067,426.3,0.371,328,57.75,1.194,6.961,0.409,0.186,7.315,1.11
"2020-12-21 06:30:00",152757,4.215,100,0,0.056,423.6,0.848,309.9,16.18,1.926,6.945,0.409,0.186,7.318,1.07
"2020-12-21 06:40:00",152758,4.161,100,0,0.095,421.3,0.502,220.4,39.21,2.248,6.928,0.409,0.186,7.319,0.74
"2020-12-21 06:50:00",152759,3.883,100,0,0.101,417.1,0.244,261.6,42.03,2.067,6.907,0.409,0.186,7.315,0.56
"2020-12-21 07:00:00",152760,4.115,100,0,0.089,414.3,0.286,25.77,50.13,2.117,6.889,0.409,0.186,7.32,0.48
"2020-12-21 07:10:00",152761,4.231,100,0,0.095,413.6,0.27,320.8,58.13,2.033,6.87,0.409,0.186,7.318,0.56
"2020-12-21 07:20:00",152762,4.205,100,0,0.084,413.4,0.45,20.78,10.85,1.951,6.854,0.409,0.186,7.32,0.78
"2020-12-21 07:30:00",152763,4.047,100,0,0.106,413,0.416,56.04,20.96,2.005,6.836,0.409,0.186,7.318,0.77
"2020-12-21 07:40:00",152764,4.059,100,0,0.078,411.1,0.42,120.4,28.59,1.989,6.824,0.409,0.187,7.317,0.82
"2020-12-21 07:50:00",152765,4.097,100,0,0.084,407.9,0.483,133.5,9.71,2.037,6.81,0.409,0.186,7.322,0.79
"2020-12-21 08:00:00",152766,4.088,100,0,0.101,406.1,0.669,106.3,14.47,2.148,6.795,0.409,0.187,7.315,1.18
"2020-12-21 08:10:00",152767,4.274,100,0,0.85,406.6,0.544,160.2,34.73,2.285,6.782,0.409,0.186,7.311,0.85
"2020-12-21 08:20:00",152768,4.367,100,0,2.203,408.4,0.263,211.7,71.12,2.191,6.771,0.408,0.186,7.316,0.55
"2020-12-21 08:30:00",152769,4.159,100,0,2.354,408.2,0.41,295.1,17.51,2.081,6.759,0.408,0.186,7.317,0.81
"2020-12-21 08:40:00",152770,4.069,100,0,6.509,407.3,0.632,292.8,18.37,2.123,6.749,0.408,0.186,7.311,0.93
"2020-12-21 08:50:00",152771,3.943,100,0,12.51,405.8,0.311,229.9,55.11,2.136,6.736,0.408,0.186,7.311,0.65
"2020-12-21 09:00:00",152772,3.709,100,0,17.62,403,0.402,285.3,75.79,1.975,6.727,0.408,0.186,7.311,0.95
"2020-12-21 09:10:00",152773,4.055,100,0,23.93,401,0.519,329.6,12.9,2.187,6.717,0.408,0.186,7.311,0.76
"2020-12-21 09:20:00",152774,4.05,100,0,26.36,399.4,0.397,65.55,36.8,2.372,6.708,0.408,0.186,7.307,0.77
"2020-12-21 09:30:00",152775,4.161,100,0,27.73,396.3,0.628,115.9,14.12,2.57,6.699,0.408,0.186,7.309,0.88
"2020-12-21 09:40:00",152776,4.354,100,0,29.5,392.3,0.39,127.7,49.32,2.98,6.691,0.409,0.186,7.302,0.9
"2020-12-21 09:50:00",152777,4.639,100,0,32.79,388.3,0.38,139.3,33.35,3.378,6.685,0.408,0.186,7.306,0.76
"2020-12-21 10:00:00",152778,5.036,100,0,34.75,383.6,0.523,142.8,19.79,3.821,6.68,0.409,0.186,7.301,1.11
"2020-12-21 10:10:00",152779,5.207,100,0,33.38,378.9,0.293,172.7,51.13,4.065,6.678,0.409,0.186,7.302,0.54
"2020-12-21 10:20:00",152780,5.364,100,0,35.33,373.6,0.334,176.3,29.84,4.251,6.676,0.409,0.186,7.296,0.53
"2020-12-21 10:30:00",152781,5.496,100,0,40.78,366.9,0.519,150.6,46.72,4.395,6.674,0.409,0.186,7.298,0.78
"2020-12-21 10:40:00",152782,5.657,100,0,46.3,359.9,0.233,263.3,38.67,4.618,6.672,0.408,0.186,7.297,0.61
"2020-12-21 10:50:00",152783,5.699,100,0,49.18,353.7,0.383,210.7,33.13,4.726,6.672,0.408,0.186,7.292,0.71
"2020-12-21 11:00:00",152784,6.128,100,0,51.79,347.2,0.356,186.1,32.57,5.061,6.68,0.408,0.186,7.291,0.71
"2020-12-21 11:10:00",152785,6.367,100,0,53.03,340.5,0.642,171.2,22.01,5.349,6.687,0.408,0.186,7.289,1.36
"2020-12-21 11:20:00",152786,6.496,100,0,60.11,330.7,1.291,197.6,13.77,5.489,6.701,0.408,0.186,7.289,2.48
"2020-12-21 11:30:00",152787,6.739,100,0,63.64,318.9,1.578,207.4,14.45,5.639,6.711,0.408,0.186,7.281,3.54
"2020-12-21 11:40:00",152788,7.085,100,0,77.91,303.4,1.61,207.2,15.61,5.879,6.724,0.408,0.186,7.278,2.8
"2020-12-21 11:50:00",152789,7.335,98.8,0,81.5,289.3,1.707,202.2,14.6,6.091,6.739,0.408,0.186,7.278,3.38
"2020-12-21 12:00:00",152790,7.512,96.9,0,71.9,294.8,1.818,207.2,14.07,6.217,6.754,0.408,0.186,7.277,3.19
"2020-12-21 12:10:00",152791,7.446,96.5,0,51.3,296.2,2.753,223.8,10.94,6.112,6.768,0.408,0.186,7.274,4.06
"2020-12-21 12:20:00",152792,7.402,96.5,0,68.76,405.9,2.252,212,15.34,6.067,6.784,0.408,0.186,7.271,3.56
"2020-12-21 12:30:00",152793,7.522,96.4,0.1,94.2,595.6,1.842,198.6,16.6,6.326,6.804,0.408,0.186,7.269,3.31
"2020-12-21 12:40:00",152794,7.571,96.8,0,92.5,621.4,2.107,186.2,13.71,6.436,6.822,0.408,0.186,7.27,3.41
"2020-12-21 12:50:00",152795,7.731,97.2,0,109.6,609.3,1.948,169,15.51,6.667,6.841,0.408,0.186,7.268,2.83
"2020-12-21 13:00:00",152796,7.759,97,0,81.4,590,2.133,137.4,9.76,6.618,6.86,0.408,0.186,7.265,3.28
"2020-12-21 13:10:00",152797,7.839,97.2,0,75.65,564.4,1.127,140.5,19.65,6.642,6.882,0.408,0.186,7.268,2.26
"2020-12-21 13:20:00",152798,7.981,96.9,0,61.46,549.9,0.73,123.4,34.59,6.781,6.904,0.408,0.185,7.26,1.14
"2020-12-21 13:30:00",152799,8.03,96.4,0,53.87,539.1,0.674,55.97,31.75,6.804,6.93,0.408,0.186,7.263,1.17
"2020-12-21 13:40:00",152800,8.11,96.6,0,59.03,528.3,0.895,342.8,9,6.959,6.952,0.408,0.185,7.265,1.17
"2020-12-21 13:50:00",152801,8.16,97,0,68.28,517.1,0.964,337.2,8.45,7.079,6.973,0.408,0.185,7.261,1.18
"2020-12-21 14:00:00",152802,8.2,97,0,59.4,506.3,0.781,300.3,26.96,7.082,6.999,0.408,0.185,7.258,1.17
"2020-12-21 14:10:00",152803,8.39,97.3,0,70.31,497.6,0.469,262.1,26.27,7.197,7.019,0.408,0.185,7.261,0.96
"2020-12-21 14:20:00",152804,8.39,97.1,0,80.2,488.3,1.015,277.2,28.38,7.18,7.044,0.408,0.185,7.261,2.45
"2020-12-21 14:30:00",152805,8.47,96.4,0,72.29,477.5,0.836,247.2,43.41,7.119,7.067,0.408,0.185,7.259,1.88
"2020-12-21 14:40:00",152806,8.43,95.8,0,58.68,463.3,1,245.5,44.37,7.089,7.087,0.408,0.186,7.262,2.39
"2020-12-21 14:50:00",152807,8.38,95.4,0,37.09,446.4,1.051,247.8,33.22,6.993,7.108,0.408,0.186,7.262,1.87
"2020-12-21 15:00:00",152808,8.38,95,0,24.99,427.4,1.026,242.5,20.46,6.887,7.134,0.408,0.185,7.264,1.86
"2020-12-21 15:10:00",152809,8.31,95.6,0,18.48,408.5,1.273,234.6,16,6.824,7.149,0.408,0.186,7.263,2.1
"2020-12-21 15:20:00",152810,8.3,95.8,0,11.28,389.6,1.756,220.6,8.36,6.769,7.17,0.408,0.185,7.258,2.68
"2020-12-21 15:30:00",152811,8.29,95.9,0,10.74,370.9,1.89,226.7,9.57,6.763,7.189,0.408,0.185,7.263,3.31
"2020-12-21 15:40:00",152812,8.32,95.6,0,8.59,354.3,1.938,233.7,8.7,6.779,7.206,0.408,0.185,7.267,3.42
"2020-12-21 15:50:00",152813,8.32,95.8,0.1,6.062,603.2,1.564,237.3,15.71,6.766,7.22,0.408,0.185,7.265,2.89
"2020-12-21 16:00:00",152814,8.24,96.6,0.1,9.33,632.1,1.18,228.7,15.17,6.705,7.234,0.408,0.185,7.27,2.63
"2020-12-21 16:10:00",152815,8.13,97.4,0.3,9.3,768.6,1.208,210.7,15.74,6.653,7.242,0.408,0.185,7.271,2.19
"2020-12-21 16:20:00",152816,8.22,97.1,0,4.274,747.7,1.093,213.5,13.59,6.64,7.253,0.408,0.185,7.272,2.02
"2020-12-21 16:30:00",152817,8.47,95.5,0.1,2.14,778.8,1.58,203.8,16.14,6.782,7.26,0.408,0.186,7.274,3.37
"2020-12-21 16:40:00",152818,9.17,90.1,0,0.844,734.9,2.172,201.8,12.22,7.19,7.267,0.408,0.185,7.277,3.29
"2020-12-21 16:50:00",152819,9.84,84.8,0,0.307,695.9,2.689,197.4,11.74,7.696,7.27,0.408,0.185,7.277,5.23
"2020-12-21 17:00:00",152820,10.21,82.3,0,0.196,673.6,2.624,198.4,14.95,8.04,7.28,0.408,0.186,7.282,4.05
"2020-12-21 17:10:00",152821,10.25,82.1,0,0.162,647.2,2.423,202,13.94,8.15,7.287,0.408,0.185,7.283,3.97
"2020-12-21 17:20:00",152822,10.17,82.7,0,0.123,622.2,2,205.1,11.85,8.07,7.295,0.408,0.186,7.289,3.78
"2020-12-21 17:30:00",152823,10.27,82.3,0,0.117,628.1,2.087,213.2,13.74,8.14,7.301,0.408,0.185,7.291,4.68
"2020-12-21 17:40:00",152824,10.05,83.6,0,0.117,612.3,1.808,217.6,15.02,7.938,7.3,0.408,0.185,7.296,3.92
"2020-12-21 17:50:00",152825,10.19,82.4,0,0.106,580.7,2.002,208.7,13.04,8.05,7.301,0.408,0.185,7.296,3.15
"2020-12-21 18:00:00",152826,10.15,82.6,0,0.106,560,1.674,217.5,12.25,8.03,7.31,0.408,0.186,7.296,2.51
"2020-12-21 18:10:00",152827,10.24,82,0,0.123,583.8,2.506,219.1,13.68,8.09,7.312,0.408,0.186,7.301,4.96
"2020-12-21 18:20:00",152828,10.41,81.5,0.1,0.095,636.5,3.538,212,11.42,8.3,7.317,0.408,0.185,7.307,6.69
"2020-12-21 18:30:00",152829,10.41,82.4,0,0.101,654.2,3.716,216.1,12.03,8.37,7.325,0.408,0.186,7.308,5.57
"2020-12-21 18:40:00",152830,10.13,85.1,0.1,0.128,688.7,3.433,218.6,10.73,8.18,7.332,0.408,0.186,7.31,5.78
"2020-12-21 18:50:00",152831,9.97,86.7,0.1,0.112,707.9,3.097,216.5,12.41,8.08,7.332,0.408,0.186,7.313,4.9
"2020-12-21 19:00:00",152832,9.71,89,0.4,0.106,788.6,2.992,214.1,12.02,7.924,7.338,0.408,0.186,7.32,4.56
"2020-12-21 19:10:00",152833,9.4,91.7,0.6,0.128,798.5,2.656,205.6,15.11,7.702,7.344,0.408,0.186,7.323,5.17
"2020-12-21 19:20:00",152834,9.33,92.4,0.1,0.112,815,2.914,203.7,14.64,7.637,7.352,0.408,0.186,7.324,5.02
"2020-12-21 19:30:00",152835,9.31,92.9,0.1,0.106,820,3.172,206.9,13.7,7.642,7.359,0.408,0.186,7.329,5.14
"2020-12-21 19:40:00",152836,9.43,92.1,0,0.112,792.6,3.343,204.8,12.59,7.738,7.367,0.408,0.185,7.327,5.34
"2020-12-21 19:50:00",152837,9.68,90.5,0,0.123,749.6,3.949,208.4,12.58,7.933,7.371,0.408,0.186,7.336,6.69
"2020-12-21 20:00:00",152838,9.89,89.4,0,0.101,716.5,3.826,207.2,11.08,8.11,7.382,0.408,0.186,7.339,6.86
"2020-12-21 20:10:00",152839,9.87,90,0,0.128,708.4,4.23,207.1,14.65,8.14,7.387,0.408,0.186,7.338,6.91
"2020-12-21 20:20:00",152840,9.69,92.1,0,0.106,718.7,4.381,210.5,10.38,8.08,7.397,0.408,0.186,7.346,8.02
"2020-12-21 20:30:00",152841,9.67,92.7,0,0.095,697.5,4.416,211.5,14.99,8.07,7.406,0.408,0.186,7.345,6.99
"2020-12-21 20:40:00",152842,9.61,93.6,0.1,0.112,766.6,4.679,213.5,12.64,8.05,7.412,0.408,0.186,7.348,7.62
"2020-12-21 20:50:00",152843,9.48,95,0.1,0.101,742.6,4.963,206.9,13.7,7.988,7.419,0.408,0.186,7.352,8.08
"2020-12-21 21:00:00",152844,9.43,96,0,0.084,768,3.991,207.2,16.04,7.975,7.431,0.408,0.186,7.356,8.38
"2020-12-21 21:10:00",152845,9.42,96.5,0.2,0.123,814,3.761,200.7,11.08,7.976,7.438,0.408,0.186,7.36,6.17
"2020-12-21 21:20:00",152846,9.48,96.8,0,0.123,777.7,3.79,202.2,12.61,8.02,7.446,0.408,0.186,7.362,6.26
"2020-12-21 21:30:00",152847,9.65,96.1,0,0.117,750.7,3.695,205.8,12.31,8.15,7.458,0.408,0.186,7.37,5.98
"2020-12-21 21:40:00",152848,9.72,95.8,0,0.123,758.2,4.342,202,12.57,8.19,7.466,0.408,0.186,7.369,7.62
"2020-12-21 21:50:00",152849,9.76,95.6,0.1,0.14,758.9,4.712,205.6,13.47,8.26,7.472,0.409,0.186,7.368,7.54
"2020-12-21 22:00:00",152850,9.8,95.4,0,0.084,764.7,4.176,212.4,12.78,8.28,7.487,0.409,0.186,7.374,7.44
"2020-12-21 22:10:00",152851,9.72,96.4,0.1,0.128,792.2,3.815,205.6,13.9,8.23,7.497,0.409,0.186,7.379,6.43
"2020-12-21 22:20:00",152852,9.73,97.1,0,0.117,769.1,3.171,208,15.44,8.24,7.51,0.409,0.186,7.38,5.27
"2020-12-21 22:30:00",152853,9.79,96.8,0,0.095,762.3,3.341,204.5,10.95,8.28,7.523,0.409,0.186,7.382,6.34
"2020-12-21 22:40:00",152854,9.86,96.5,0,0.151,792.3,3.325,203.5,13.29,8.34,7.534,0.409,0.186,7.389,6.02
"2020-12-21 22:50:00",152855,9.85,96.8,0.2,0.112,836,3.18,209,11.53,8.35,7.542,0.409,0.186,7.391,5.05
"2020-12-21 23:00:00",152856,9.82,97.6,0.4,0.095,847,3.398,204,12.82,8.37,7.557,0.409,0.186,7.392,6.12
"2020-12-21 23:10:00",152857,9.76,98.5,0.3,0.106,849,3.199,205.7,10.67,8.36,7.564,0.409,0.186,7.4,5.38
"2020-12-21 23:20:00",152858,9.75,99.1,0,0.101,808,2.676,203,10.98,8.36,7.578,0.409,0.186,7.4,3.96
"2020-12-21 23:30:00",152859,9.95,97.9,0,0.101,778.9,3.177,200.3,13.17,8.47,7.591,0.409,0.187,7.402,6.75
"2020-12-21 23:40:00",152860,10.35,94.5,0,0.106,767.5,4.241,205.7,14.57,8.7,7.604,0.409,0.186,7.411,7.48
"2020-12-21 23:50:00",152861,10.57,93.1,0,0.112,743.4,4.364,203.9,11.79,8.86,7.614,0.409,0.186,7.416,7.09
"2020-12-22 00:00:00",152862,10.66,92.8,0.1,0.117,749.7,4.463,212.4,12.26,8.93,7.629,0.409,0.186,7.418,7.46
"2020-12-22 00:10:00",152863,10.77,92.6,0,0.128,717.4,4.949,217.1,14.23,9.02,7.639,0.409,0.186,7.42,7.86
"2020-12-22 00:20:00",152864,10.86,92.2,0,0.112,677.3,4.823,216.4,11.8,9.12,7.655,0.409,0.186,7.421,6.81
"2020-12-22 00:30:00",152865,10.97,92,0,0.101,635.6,5.184,216.3,13.58,9.22,7.667,0.409,0.186,7.431,8.62
"2020-12-22 00:40:00",152866,10.99,92.4,0,0.117,642.6,5.086,214.4,13.06,9.29,7.682,0.409,0.186,7.43,10.11
"2020-12-22 00:50:00",152867,10.92,93.3,0,0.128,657.9,4.69,214.8,11.56,9.28,7.694,0.409,0.186,7.434,8.02
"2020-12-22 01:00:00",152868,11.05,92.6,0,0.084,605.2,4.627,209.2,12.31,9.36,7.711,0.409,0.186,7.442,8.09
"2020-12-22 01:10:00",152869,11.14,92.2,0,0.117,576.4,4.267,204.7,13.62,9.44,7.718,0.41,0.186,7.444,7.45
"2020-12-22 01:20:00",152870,11.16,92,0,0.067,550.9,4.438,206,11.9,9.43,7.734,0.41,0.187,7.448,7.06
"2020-12-22 01:30:00",152871,11.18,91.9,0,0.095,525.4,4.646,210.4,12.27,9.44,7.751,0.41,0.187,7.451,8.28
"2020-12-22 01:40:00",152872,11.3,91.5,0,0.112,496.6,4.661,207.1,12.42,9.57,7.764,0.41,0.187,7.455,8.56
"2020-12-22 01:50:00",152873,11.45,91,0,0.112,457.7,4.524,204.9,12.26,9.73,7.778,0.41,0.187,7.459,6.54
"2020-12-22 02:00:00",152874,11.63,90.2,0,0.084,408,4.237,202.7,14.01,9.9,7.797,0.41,0.187,7.464,8.18
"2020-12-22 02:10:00",152875,11.89,89,0,0.117,359.5,4.532,209.9,12.08,10.12,7.807,0.41,0.187,7.465,7.61
"2020-12-22 02:20:00",152876,12.12,88,0,0.106,301.7,5.145,206.6,14.2,10.33,7.825,0.41,0.187,7.472,8.62
"2020-12-22 02:30:00",152877,12.1,88.7,0,0.106,266.8,5.362,206.3,14.92,10.37,7.839,0.41,0.187,7.473,9.93
"2020-12-22 02:40:00",152878,11.99,89.9,0,0.106,259.9,4.528,207.4,13.18,10.27,7.852,0.41,0.187,7.476,9.78
"2020-12-22 02:50:00",152879,12.19,88.7,0,0.106,258,4.605,203.6,13.44,10.43,7.863,0.41,0.187,7.48,7.33
"2020-12-22 03:00:00",152880,12.27,88.7,0,0.089,254.3,4.737,209.9,12.87,10.55,7.884,0.41,0.187,7.492,8.17
"2020-12-22 03:10:00",152881,12.26,89.5,0,0.123,254.4,4.781,210.3,14.55,10.58,7.896,0.41,0.187,7.492,7.67
"2020-12-22 03:20:00",152882,12.23,90.1,0,0.078,254.4,5.588,211.4,11.39,10.57,7.914,0.41,0.187,7.496,8.76
"2020-12-22 03:30:00",152883,12.16,90.8,0,0.078,254.5,4.867,208.1,12.4,10.53,7.935,0.41,0.187,7.504,8.63
"2020-12-22 03:40:00",152884,12.15,91.2,0,0.112,254,5.159,206.4,12.93,10.54,7.951,0.41,0.187,7.507,8.66
"2020-12-22 03:50:00",152885,12.18,91.1,0,0.112,253.9,4.718,203.2,12.94,10.55,7.966,0.41,0.187,7.515,6.93
"2020-12-22 04:00:00",152886,12.37,90,0,0.078,253.9,4.456,205.9,14.35,10.72,7.988,0.41,0.187,7.517,7.79
"2020-12-22 04:10:00",152887,12.45,89.7,0,0.095,253.9,5.01,204.8,11.95,10.79,8,0.41,0.187,7.528,9.04
"2020-12-22 04:20:00",152888,12.52,89.4,0,0.089,253.9,4.947,206.9,14.05,10.88,8.02,0.41,0.187,7.522,8.05
"2020-12-22 04:30:00",152889,12.54,89.4,0,0.101,253.9,4.681,208.4,13.97,10.91,8.04,0.41,0.187,7.533,7.79
"2020-12-22 04:40:00",152890,12.65,88.9,0,0.106,253.8,5.347,209.1,13.52,11.01,8.06,0.41,0.187,7.539,8.11
"2020-12-22 04:50:00",152891,12.66,88.9,0,0.101,253.4,4.589,209.7,14.64,11.03,8.08,0.41,0.188,7.543,8.12
"2020-12-22 05:00:00",152892,12.68,89,0,0.084,253.2,4.688,207,14.73,11.07,8.1,0.41,0.187,7.544,7.52
"2020-12-22 05:10:00",152893,12.7,89,0,0.101,253.7,4.415,206.7,12.43,11.06,8.11,0.41,0.188,7.555,8.13
"2020-12-22 05:20:00",152894,12.71,89,0,0.067,254.3,4.691,202,13.89,11.06,8.13,0.41,0.187,7.564,7.55
"2020-12-22 05:30:00",152895,12.72,88.9,0,0.084,253.2,4.039,207.4,13,11.06,8.15,0.41,0.187,7.566,7.88
"2020-12-22 05:40:00",152896,12.78,88.6,0,0.095,253.2,4.296,202.7,12.06,11.13,8.17,0.41,0.187,7.57,8.04
"2020-12-22 05:50:00",152897,12.89,88,0,0.095,253.3,4.733,209.2,15.97,11.24,8.18,0.41,0.188,7.575,7.29
"2020-12-22 06:00:00",152898,12.98,87.6,0,0.073,253.3,5.241,206.7,12.06,11.32,8.2,0.41,0.187,7.581,8.86
"2020-12-22 06:10:00",152899,12.99,87.6,0,0.112,253.2,5.228,205.3,13.8,11.34,8.21,0.41,0.187,7.589,8.74
"2020-12-22 06:20:00",152900,12.98,87.8,0,0.1,253.2,4.576,207.1,13.22,11.34,8.23,0.41,0.187,7.59,7.61
"2020-12-22 06:30:00",152901,12.95,88.1,0,0.089,253.2,4.67,201.6,11.24,11.32,8.25,0.41,0.187,7.602,7.78
"2020-12-22 06:40:00",152902,13.02,87.6,0,0.1,253,4.405,207.7,10.9,11.37,8.26,0.41,0.187,7.603,7.94
"2020-12-22 06:50:00",152903,13.09,87.2,0,0.112,252.6,4.925,204.1,12.46,11.46,8.28,0.41,0.187,7.614,7.88
"2020-12-22 07:00:00",152904,13.19,86.7,0,0.078,252.5,5.091,206.3,13.84,11.56,8.3,0.41,0.187,7.617,10.41
"2020-12-22 07:10:00",152905,13.18,87,0,0.089,252.5,4.795,211.6,14.75,11.54,8.31,0.41,0.187,7.626,9.23
"2020-12-22 07:20:00",152906,13.28,86.5,0,0.067,252.5,5.411,210.6,14.48,11.63,8.33,0.41,0.187,7.63,8.69
"2020-12-22 07:30:00",152907,13.26,86.7,0,0.084,283.6,5.003,208.8,11.26,11.61,8.35,0.41,0.187,7.641,7.8
"2020-12-22 07:40:00",152908,13.1,88,0,0.089,302.6,4.91,203.2,15.15,11.38,8.36,0.41,0.187,7.643,7.64
"2020-12-22 07:50:00",152909,13.12,88.1,0,0.112,257.1,4.917,205.3,14.34,11.39,8.37,0.41,0.187,7.65,8.14
"2020-12-22 08:00:00",152910,13.2,87.5,0,0.162,252.5,4.793,210.1,14.82,11.49,8.4,0.41,0.187,7.655,7.51
"2020-12-22 08:10:00",152911,13.26,87.1,0,0.223,252.5,4.848,212.1,12.66,11.57,8.41,0.41,0.187,7.666,9.86
"2020-12-22 08:20:00",152912,13.29,87,0,0.229,252.8,5.102,214,11.09,11.66,8.43,0.41,0.187,7.671,6.85
"2020-12-22 08:30:00",152913,13.27,87.2,0,0.882,252.8,5.389,211.6,13.84,11.63,8.46,0.41,0.187,7.678,8.99
"2020-12-22 08:40:00",152914,13.23,87.6,0,1.569,312.3,5.278,218.1,10.94,11.58,8.47,0.41,0.187,7.683,8.13
"2020-12-22 08:50:00",152915,12.85,90.6,0.1,1.803,625.5,5.763,212.4,14.09,11.23,8.48,0.41,0.188,7.686,8.67
"2020-12-22 09:00:00",152916,12.82,91,0,1.708,615.2,4.956,209.4,14.37,11.15,8.5,0.41,0.188,7.696,7.93
"2020-12-22 09:10:00",152917,13,89.7,0,2.35,586.9,4.945,211.2,11.69,11.23,8.51,0.41,0.187,7.704,8.28
"2020-12-22 09:20:00",152918,12.87,90.7,0.6,3.897,692.6,4.499,210.1,17.09,11.14,8.53,0.41,0.187,7.711,6.76
"2020-12-22 09:30:00",152919,12.63,92.6,0.7,4.003,724.5,4.576,212.7,12.13,10.98,8.54,0.41,0.188,7.722,8.39
"2020-12-22 09:40:00",152920,12.43,94.3,0.7,5.645,730.7,4.272,212,10.44,10.84,8.56,0.41,0.187,7.729,7.25
"2020-12-22 09:50:00",152921,12.28,95.8,0.4,11.49,780.7,3.684,211.5,14.13,10.76,8.58,0.41,0.187,7.729,6.36
"2020-12-22 10:00:00",152922,12.32,95.8,0,13.32,740.1,3.444,199.4,13.83,10.8,8.6,0.41,0.187,7.736,6.32
"2020-12-22 10:10:00",152923,12.42,95.2,0.1,11.81,718.4,3.865,209.2,13.91,10.84,8.62,0.41,0.187,7.746,7.38
"2020-12-22 10:20:00",152924,12.44,95,0.1,14.55,760.9,3.951,202.6,11.65,10.88,8.64,0.41,0.188,7.751,7.21
"2020-12-22 10:30:00",152925,12.35,95.9,0.1,16.93,744.7,4.188,200.9,16.14,10.87,8.66,0.41,0.188,7.758,7.1
"2020-12-22 10:40:00",152926,12.16,97.5,0.1,16.93,797.9,3.479,196.7,12.72,10.78,8.68,0.41,0.188,7.766,6.18
"2020-12-22 10:50:00",152927,12.08,98.1,0.1,15.19,795.5,3.55,199.3,11.83,10.73,8.69,0.41,0.188,7.78,5.66
"2020-12-22 11:00:00",152928,12.17,97.5,0.1,10.86,785.3,3.469,200.4,10.22,10.75,8.71,0.411,0.188,7.78,7.63
"2020-12-22 11:10:00",152929,12.29,96.7,0,12.84,783.9,3.602,202.3,10.47,10.81,8.73,0.411,0.188,7.794,6.22
"2020-12-22 11:20:00",152930,12.49,95.3,0,14.17,739.4,3.943,200.9,12.19,10.94,8.74,0.411,0.188,7.799,6.81
"2020-12-22 11:30:00",152931,12.64,94.3,0,15.42,713.1,3.83,201.3,14.51,11.01,8.76,0.411,0.189,7.806,6.4
"2020-12-22 11:40:00",152932,12.8,93.3,0.2,14.47,734.1,4.059,214.6,11.64,11.11,8.77,0.411,0.189,7.815,7.71
"2020-12-22 11:50:00",152933,12.82,93.5,0,31.15,734.8,3.717,215.8,10.72,11.19,8.78,0.411,0.189,7.822,6.7
"2020-12-22 12:00:00",152934,12.89,93.7,0.1,34.29,772.1,4.282,209.9,11.47,11.31,8.8,0.411,0.189,7.829,6.81
"2020-12-22 12:10:00",152935,12.78,94.9,0,28.46,741.7,3.835,207.6,13.75,11.27,8.81,0.411,0.189,7.834,6.82
"2020-12-22 12:20:00",152936,12.9,94.6,0,39.8,701.5,4.182,206.6,13.3,11.36,8.83,0.411,0.189,7.843,7.98
"2020-12-22 12:30:00",152937,13.03,93.9,0,29.57,683.4,3.815,205.4,14.24,11.43,8.84,0.412,0.189,7.849,6.48
"2020-12-22 12:40:00",152938,13.12,93.4,0,27.81,666.1,3.55,205.8,13.33,11.5,8.86,0.412,0.189,7.861,6.09
"2020-12-22 12:50:00",152939,13.25,93,0,36.59,648.1,3.849,210.2,13.89,11.62,8.87,0.412,0.189,7.868,6.29
"2020-12-22 13:00:00",152940,13.3,93.1,0,40.6,635.5,4.147,206.7,13.34,11.76,8.89,0.412,0.19,7.876,6.59
"2020-12-22 13:10:00",152941,13.44,92.5,0,30.23,600.4,3.909,213.2,11.55,11.78,8.9,0.412,0.189,7.889,6.29
"2020-12-22 13:20:00",152942,13.51,92.3,0,34.15,571.7,3.931,210.1,11.84,11.85,8.92,0.412,0.19,7.891,6.01
"2020-12-22 13:30:00",152943,13.67,91.4,0,29.38,538.5,4.641,211.3,10.7,12.01,8.94,0.412,0.19,7.902,8.72
"2020-12-22 13:40:00",152944,13.65,91.7,0,22.92,504.8,4.674,208.5,11.62,12.03,8.95,0.412,0.19,7.908,6.71
"2020-12-22 13:50:00",152945,13.55,92.8,0,15.96,486.4,3.876,212.5,13.35,11.93,8.97,0.412,0.19,7.914,6.69
"2020-12-22 14:00:00",152946,13.38,94.3,0.2,26.12,678.6,3.847,214.1,10.4,11.86,8.99,0.412,0.19,7.925,5.99
"2020-12-22 14:10:00",152947,13.28,95.6,0,36.43,713.4,3.387,208.5,12.73,11.87,9,0.412,0.19,7.927,5.47
"2020-12-22 14:20:00",152948,13.34,95.4,0,24.84,684.6,3.733,209,11.82,11.9,9.02,0.412,0.19,7.939,5.75
"2020-12-22 14:30:00",152949,13.46,94.8,0,24.38,650.9,3.832,207.8,14.69,11.96,9.03,0.412,0.19,7.946,5.58
"2020-12-22 14:40:00",152950,13.51,94.6,0,20.08,632.7,4.017,209.3,13.44,11.98,9.05,0.412,0.19,7.953,7.07
"2020-12-22 14:50:00",152951,13.54,94.5,0,18.94,616.3,4.365,209.8,13.92,12.03,9.07,0.412,0.19,7.961,6.89
"2020-12-22 15:00:00",152952,13.53,94.7,0,17.92,617.1,3.889,211.5,9.71,12.02,9.09,0.412,0.19,7.972,6.86
"2020-12-22 15:10:00",152953,13.39,95.8,0,16.09,623.2,3.202,211.6,11.54,11.93,9.1,0.412,0.19,7.977,5.99
"2020-12-22 15:20:00",152954,13.42,95.8,0,18.69,591.8,3.084,206.4,12.76,11.94,9.12,0.412,0.19,7.988,5.03
"2020-12-22 15:30:00",152955,13.6,94.7,0,16.43,556.2,3.384,205.5,10.31,12.05,9.13,0.412,0.19,7.996,5.56
"2020-12-22 15:40:00",152956,13.65,94.5,0,14.8,534.3,3.002,205.1,13.37,12.07,9.15,0.412,0.19,8,5.05
"2020-12-22 15:50:00",152957,13.83,93.6,0,10.95,510.9,3.537,206.4,11.44,12.21,9.16,0.412,0.19,8.01,5.38
"2020-12-22 16:00:00",152958,13.92,93,0,7.536,477.5,3.61,203,12.56,12.29,9.18,0.412,0.19,8.02,5.91
"2020-12-22 16:10:00",152959,14.04,92.2,0,7.536,428.7,3.891,206.3,13.11,12.37,9.19,0.412,0.191,8.03,6.73
"2020-12-22 16:20:00",152960,14,92.2,0,7.865,378.7,3.553,209.2,11.19,12.33,9.2,0.411,0.19,8.04,5.4
"2020-12-22 16:30:00",152961,14.04,91.8,0,3.115,319.1,4.2,209.4,13.69,12.36,9.22,0.412,0.191,8.05,6.12
"2020-12-22 16:40:00",152962,14.04,91.8,0,1.016,277.5,3.806,212.2,13.1,12.36,9.23,0.411,0.19,8.05,5.79
"2020-12-22 16:50:00",152963,14.11,91.4,0,0.385,260.7,4.216,216,11.99,12.44,9.24,0.411,0.19,8.06,6.07
"2020-12-22 17:00:00",152964,14.11,91.4,0,0.234,260.1,4.257,214.5,11.09,12.43,9.26,0.411,0.19,8.07,6.44
"2020-12-22 17:10:00",152965,14.09,91.4,0,0.173,259.8,4.134,213.7,11.39,12.43,9.26,0.411,0.19,8.08,6.72
"2020-12-22 17:20:00",152966,14.1,91.4,0,0.084,258.2,3.864,210.8,11.13,12.44,9.28,0.411,0.19,8.08,6.55
"2020-12-22 17:30:00",152967,14.12,91.1,0,0.089,253.9,3.552,207.7,12.66,12.45,9.29,0.411,0.19,8.1,5.41
"2020-12-22 17:40:00",152968,14.01,91.6,0,0.106,253.9,3.625,209.5,12.71,12.35,9.3,0.411,0.191,8.1,5.53
"2020-12-22 17:50:00",152969,14.06,91.3,0,0.089,253.9,3.791,203,11.78,12.4,9.31,0.411,0.19,8.11,8.22
"2020-12-22 18:00:00",152970,14.11,91.2,0,0.084,253.9,3.87,205.5,11.53,12.46,9.33,0.411,0.191,8.12,6.69
"2020-12-22 18:10:00",152971,14.1,91.2,0,0.078,254.9,3.676,208.3,10.98,12.44,9.34,0.411,0.191,8.13,6.2
"2020-12-22 18:20:00",152972,13.99,91.7,0,0.073,253.9,3.215,205.3,10.84,12.32,9.35,0.411,0.191,8.14,5.4
"2020-12-22 18:30:00",152973,13.97,91.7,0,0.095,254.3,3.089,203.8,13.96,12.29,9.36,0.411,0.191,8.14,4.18
"2020-12-22 18:40:00",152974,13.87,92.3,0,0.1,254.4,2.993,202.6,13.96,12.23,9.36,0.411,0.191,8.16,4.98
"2020-12-22 18:50:00",152975,13.96,91.9,0,0.078,253.9,3.334,205.6,14.13,12.31,9.37,0.411,0.191,8.16,4.78
"2020-12-22 19:00:00",152976,13.99,91.7,0,0.084,259.7,3.353,210.4,12.24,12.36,9.38,0.411,0.191,8.17,5.69
"2020-12-22 19:10:00",152977,13.94,92,0,0.084,267.4,3.585,209.4,11.91,12.3,9.39,0.411,0.191,8.18,5.17
"2020-12-22 19:20:00",152978,13.96,91.7,0,0.073,253.9,3.897,212,14.26,12.25,9.4,0.411,0.191,8.19,6.05
"2020-12-22 19:30:00",152979,13.97,91.6,0,0.089,253.9,3.461,210.3,12.61,12.28,9.4,0.411,0.192,8.2,6.05
"2020-12-22 19:40:00",152980,13.99,91.5,0,0.095,253.9,3.893,209.3,12.4,12.33,9.41,0.411,0.191,8.21,5.62
"2020-12-22 19:50:00",152981,14.06,91.1,0,0.073,253.8,4.388,213.6,11.68,12.42,9.42,0.411,0.191,8.21,7.78
"2020-12-22 20:00:00",152982,14.06,91.1,0,0.073,253.6,4.615,218.1,10.98,12.46,9.43,0.411,0.191,8.22,7.75
"2020-12-22 20:10:00",152983,14.03,91.2,0,0.1,253.5,4.675,212.7,12.68,12.45,9.43,0.411,0.191,8.23,6.39
"2020-12-22 20:20:00",152984,14.03,91.1,0,0.084,253.2,4.293,209.2,12.35,12.44,9.44,0.411,0.191,8.24,6.8
"2020-12-22 20:30:00",152985,13.95,91.4,0,0.073,253.2,3.837,211.1,13.17,12.34,9.45,0.411,0.191,8.24,6.09
"2020-12-22 20:40:00",152986,13.97,91.1,0,0.095,253.2,3.671,211.6,11.75,12.35,9.46,0.411,0.191,8.25,6.38
"2020-12-22 20:50:00",152987,14.02,90.8,0,0.106,253.2,3.814,209.6,11.26,12.42,9.46,0.411,0.191,8.26,5.56
"2020-12-22 21:00:00",152988,13.98,90.8,0,0.078,253.2,3.695,204.7,13.66,12.37,9.48,0.411,0.191,8.27,6.33
"2020-12-22 21:10:00",152989,14.01,90.4,0,0.089,253.2,3.845,200,14.08,12.33,9.48,0.411,0.191,8.27,6.45
"2020-12-22 21:20:00",152990,14.01,90.1,0,0.078,253.2,3.965,207.3,11.41,12.34,9.49,0.411,0.191,8.28,6.26
"2020-12-22 21:30:00",152991,14.07,89.7,0,0.084,253.2,3.672,209.1,12.71,12.4,9.5,0.411,0.191,8.3,5.8
"2020-12-22 21:40:00",152992,14.11,89.3,0,0.095,253.2,3.443,208.7,13.94,12.46,9.51,0.411,0.192,8.3,6.03
"2020-12-22 21:50:00",152993,14.17,88.8,0,0.067,253.2,3.469,207.1,14.79,12.49,9.51,0.411,0.192,8.31,5.7
"2020-12-22 22:00:00",152994,14.24,88.1,0,0.067,253.2,3.933,209.2,14.88,12.57,9.52,0.411,0.192,8.31,6.42
"2020-12-22 22:10:00",152995,14.38,87,0,0.089,252.7,4.148,217.4,12.32,12.67,9.53,0.411,0.191,8.33,5.87
"2020-12-22 22:20:00",152996,14.33,87,0,0.089,252.5,3.884,217.9,9.76,12.64,9.54,0.411,0.191,8.33,5.37
"2020-12-22 22:30:00",152997,14.46,86,0,0.089,252.6,4.419,218.5,11.44,12.74,9.54,0.411,0.191,8.34,6.51
"2020-12-22 22:40:00",152998,14.42,85.9,0,0.089,252.5,4.314,217.9,11.65,12.72,9.55,0.411,0.191,8.35,6.7
"2020-12-22 22:50:00",152999,14.47,85.3,0,0.095,252.5,4.315,216.5,11.29,12.78,9.55,0.411,0.191,8.36,6.29
"2020-12-22 23:00:00",153000,14.45,85.3,0,0.073,252.5,3.678,212.8,10.76,12.76,9.56,0.411,0.191,8.36,5.8
"2020-12-22 23:10:00",153001,14.42,85.2,0,0.1,252.5,3.711,213.5,11.91,12.72,9.56,0.411,0.191,8.37,6.28
"2020-12-22 23:20:00",153002,14.44,84.8,0,0.073,252.5,3.732,211,12.33,12.74,9.57,0.411,0.191,8.38,5.48
"2020-12-22 23:30:00",153003,14.34,85.2,0,0.073,252.5,3.971,208.5,12.3,12.67,9.58,0.411,0.191,8.38,6.28
"2020-12-22 23:40:00",153004,14.29,85.3,0,0.095,252.5,3.854,210.2,11.54,12.6,9.58,0.411,0.191,8.39,6.35
"2020-12-22 23:50:00",153005,14.3,84.9,0,0.112,252.4,4.037,209.4,13.63,12.61,9.59,0.411,0.191,8.4,6.42
"2020-12-23 00:00:00",153006,14.24,85,0,0.078,252.4,3.751,213.3,11.13,12.53,9.6,0.411,0.191,8.4,5.69
"2020-12-23 00:10:00",153007,14.09,85.4,0,0.095,252.4,3.874,215.1,9.16,12.28,9.6,0.411,0.192,8.41,5.57
"2020-12-23 00:20:00",153008,13.99,85.6,0,0.061,252.5,3.986,217.4,7.434,12.18,9.6,0.411,0.192,8.42,6.11
"2020-12-23 00:30:00",153009,13.91,85.5,0,0.089,252.5,3.658,216.2,9.31,12.05,9.61,0.411,0.191,8.43,5.57
"2020-12-23 00:40:00",153010,13.97,85,0,0.106,252.4,4.139,216.5,9.18,12.2,9.61,0.411,0.191,8.43,6.48
"2020-12-23 00:50:00",153011,14.11,84.1,0,0.095,252,4.087,213.5,11.92,12.39,9.61,0.411,0.192,8.44,6.68
"2020-12-23 01:00:00",153012,14.1,83.9,0,0.067,251.8,3.598,212.2,10.9,12.36,9.62,0.411,0.192,8.45,5.04
"2020-12-23 01:10:00",153013,14.23,83,0,0.112,251.8,3.686,209.8,13.13,12.46,9.61,0.411,0.192,8.45,5.97
"2020-12-23 01:20:00",153014,14.18,83,0,0.089,251.8,3.213,205.3,13.76,12.41,9.62,0.411,0.192,8.46,6.28
"2020-12-23 01:30:00",153015,13.91,84.2,0,0.084,251.8,2.659,200.6,12.82,12.09,9.62,0.411,0.192,8.47,4.22
"2020-12-23 01:40:00",153016,13.79,84.5,0,0.084,251.8,2.444,198.3,12.99,11.97,9.62,0.411,0.192,8.48,4.6
"2020-12-23 01:50:00",153017,13.71,84.6,0,0.084,252.1,2.702,198,12.99,11.86,9.62,0.411,0.193,8.48,4.53
"2020-12-23 02:00:00",153018,13.72,84.4,0,0.05,251.8,2.753,206.1,11.73,11.89,9.62,0.411,0.192,8.49,4.64
"2020-12-23 02:10:00",153019,13.81,83.8,0,0.1,251.8,3.357,198.5,12.1,12.01,9.62,0.411,0.192,8.5,5.9
"2020-12-23 02:20:00",153020,13.81,83.8,0,0.061,251.8,2.979,202.4,12.28,12.05,9.62,0.411,0.192,8.5,4.5
"2020-12-23 02:30:00",153021,13.82,83.8,0,0.073,251.8,2.994,196.6,11.77,12.05,9.62,0.411,0.192,8.51,4.67
"2020-12-23 02:40:00",153022,13.79,83.9,0,0.106,252.1,2.713,199.3,12.56,12.05,9.62,0.411,0.192,8.52,5.11
"2020-12-23 02:50:00",153023,13.82,83.8,0,0.1,252.9,2.967,207.2,11.06,12.06,9.61,0.411,0.192,8.52,4.56
"2020-12-23 03:00:00",153024,13.93,83.2,0,0.078,251.8,3.277,208.2,9.22,12.19,9.62,0.411,0.192,8.53,5.26
"2020-12-23 03:10:00",153025,13.99,82.8,0,0.095,251.8,3.11,217.9,12.08,12.24,9.61,0.411,0.192,8.54,4.52
"2020-12-23 03:20:00",153026,13.92,82.9,0,0.089,251.8,2.944,216,10.28,12.16,9.61,0.411,0.192,8.54,3.94
"2020-12-23 03:30:00",153027,13.84,83.2,0,0.095,251.8,2.296,206.5,16.25,12.03,9.61,0.411,0.192,8.55,3.47
"2020-12-23 03:40:00",153028,13.74,83.8,0,0.112,251.8,2.145,208,15.36,11.91,9.61,0.411,0.192,8.55,3.6
"2020-12-23 03:50:00",153029,13.78,83.5,0,0.084,251.8,2.053,200.2,8.89,11.96,9.61,0.411,0.192,8.56,4.28
"2020-12-23 04:00:00",153030,13.69,83.9,0,0.089,251.8,1.814,200.7,15.19,11.8,9.61,0.411,0.192,8.56,3.35
"2020-12-23 04:10:00",153031,13.88,82.8,0,0.1,251.8,2.372,206.2,12.11,11.99,9.61,0.411,0.192,8.57,3.73
"2020-12-23 04:20:00",153032,14.04,81.9,0,0.078,251.8,2.38,216.4,9.58,12.13,9.6,0.411,0.192,8.58,4.02
"2020-12-23 04:30:00",153033,14.26,80.6,0,0.084,251.8,2.664,214.3,11.17,12.33,9.6,0.411,0.192,8.58,4.33
"2020-12-23 04:40:00",153034,14.41,79.59,0,0.106,251.8,2.584,207.7,10.9,12.46,9.6,0.411,0.192,8.59,3.67
"2020-12-23 04:50:00",153035,14.58,78.43,0,0.1,253.5,2.982,208.7,11.28,12.62,9.6,0.411,0.192,8.6,4.98
"2020-12-23 05:00:00",153036,14.64,77.95,0,0.073,253.9,2.617,202.7,12.45,12.7,9.6,0.41,0.192,8.6,4.37
"2020-12-23 05:10:00",153037,14.36,79.39,0,0.095,251.8,2.03,199.5,14.88,12.44,9.6,0.41,0.192,8.6,3.27
"2020-12-23 05:20:00",153038,14.36,79.33,0,0.089,251.8,2.49,200.9,16.23,12.45,9.6,0.41,0.192,8.61,4.3
"2020-12-23 05:30:00",153039,14.25,80,0,0.084,251.8,2.313,203.8,12.56,12.34,9.6,0.41,0.193,8.61,3.79
"2020-12-23 05:40:00",153040,14.3,79.76,0,0.095,251.8,2.748,204.8,12.23,12.4,9.6,0.41,0.193,8.62,4.38
"2020-12-23 05:50:00",153041,14.27,79.76,0,0.1,251.8,2.455,206.7,11.98,12.44,9.6,0.41,0.193,8.62,3.75
"2020-12-23 06:00:00",153042,14.21,79.67,0,0.073,251.8,2.437,218.7,9.59,12.31,9.6,0.41,0.193,8.63,3.58
"2020-12-23 06:10:00",153043,13.82,81.8,0,0.106,251.8,1.767,211.8,7.555,11.87,9.6,0.41,0.192,8.64,2.54
"2020-12-23 06:20:00",153044,13.71,82.3,0,0.089,251.8,1.681,210.5,10.6,11.66,9.6,0.41,0.193,8.64,3
"2020-12-23 06:30:00",153045,13.89,82,0,0.112,251.8,2.261,203.2,12.76,11.97,9.6,0.41,0.193,8.64,3.4
"2020-12-23 06:40:00",153046,13.87,82.4,0,0.112,258.4,2.209,208.1,12.79,12.06,9.6,0.41,0.193,8.65,3.48
"2020-12-23 06:50:00",153047,13.85,82.5,0,0.095,437,2.352,212,12.43,11.97,9.6,0.41,0.193,8.65,4.3
"2020-12-23 07:00:00",153048,13.77,82.8,0.1,0.084,573.1,2.206,201,10.87,11.69,9.6,0.41,0.193,8.66,3.29
"2020-12-23 07:10:00",153049,13.86,81.7,0,0.106,621.2,2.592,208.9,12.49,11.69,9.59,0.41,0.193,8.66,4.75
"2020-12-23 07:20:00",153050,14.09,79.74,0,0.084,574.8,3.141,217.7,9.43,11.92,9.6,0.41,0.193,8.67,5.08
"2020-12-23 07:30:00",153051,13.93,80.7,0,0.095,560.5,3.499,221.1,8.17,11.81,9.6,0.41,0.193,8.67,5.69
"2020-12-23 07:40:00",153052,14.06,79.19,0,0.112,509.3,3.532,219.6,8.99,11.98,9.59,0.41,0.193,8.68,5.23
"2020-12-23 07:50:00",153053,14,79.09,0,0.117,466.9,3.375,215.8,11.2,12.01,9.59,0.41,0.193,8.68,5.55
"2020-12-23 08:00:00",153054,14.08,78.17,0,0.218,403.2,3.832,218,9.59,12.09,9.6,0.41,0.193,8.69,7.07
"2020-12-23 08:10:00",153055,14.15,77.4,0,0.313,313.7,4.01,219.4,9.57,12.16,9.6,0.41,0.193,8.69,6.15
"2020-12-23 08:20:00",153056,14.1,77.42,0,0.759,253,3.867,216.1,10.82,12.14,9.6,0.41,0.193,8.7,6.79
"2020-12-23 08:30:00",153057,14.21,76.57,0,1.156,251.8,3.807,215.4,10.53,12.23,9.6,0.41,0.193,8.7,6.11
"2020-12-23 08:40:00",153058,14.24,76.44,0,2.16,251.4,3.241,213.8,11.81,12.3,9.6,0.41,0.193,8.7,4.79
"2020-12-23 08:50:00",153059,14.25,76.43,0,5.8,251.2,3.141,208.3,13.12,12.33,9.6,0.41,0.193,8.71,4.6
"2020-12-23 09:00:00",153060,14.31,76.15,0,11.15,251.1,3.205,214.4,10.26,12.38,9.61,0.41,0.193,8.71,5.34
"2020-12-23 09:10:00",153061,14.3,76.27,0,10.84,251.1,2.599,207.6,10.05,12.39,9.61,0.41,0.193,8.71,3.91
"2020-12-23 09:20:00",153062,14.22,76.81,0,10.66,251.1,2.334,209.3,10.62,12.31,9.61,0.41,0.193,8.72,3.75
"2020-12-23 09:30:00",153063,14.12,77.61,0,13.91,290.5,1.952,197.6,11.02,12.23,9.61,0.41,0.193,8.72,3.29
"2020-12-23 09:40:00",153064,14.11,77.86,0,16.24,258.1,2.131,200.9,12.63,12.14,9.61,0.41,0.193,8.73,3.27
"2020-12-23 09:50:00",153065,14.1,77.93,0,13.69,251.7,2.092,200.4,9.98,12.16,9.61,0.41,0.193,8.73,3.15
"2020-12-23 10:00:00",153066,14.16,77.5,0,18.35,251.4,2.045,198.9,10.43,12.27,9.62,0.41,0.193,8.73,3.18
"2020-12-23 10:10:00",153067,14.13,77.92,0,16.77,251.2,2.198,205.6,11.05,12.26,9.61,0.41,0.193,8.74,3.1
"2020-12-23 10:20:00",153068,14.32,77.31,0,16.95,357.4,3.137,216.4,10.24,12.37,9.62,0.41,0.193,8.74,4.82
"2020-12-23 10:30:00",153069,13.69,82.8,0.3,19.81,684.5,2.993,215,9.62,11.76,9.62,0.41,0.193,8.75,5.32
"2020-12-23 10:40:00",153070,13.35,85.5,0,28.6,736.8,2.083,211.9,10.1,11.47,9.62,0.41,0.193,8.75,3.2
"2020-12-23 10:50:00",153071,13.3,86.3,0,34.67,695,1.555,214,7.513,11.47,9.62,0.41,0.193,8.76,2.4
"2020-12-23 11:00:00",153072,13.42,84.9,0,28.86,673.4,1.727,227.5,10.73,11.53,9.63,0.41,0.193,8.76,2.82
"2020-12-23 11:10:00",153073,13.61,83.1,0,29.77,652.7,1.87,220.5,10.16,11.69,9.63,0.41,0.194,8.76,3.04
"2020-12-23 11:20:00",153074,13.75,81.8,0.1,24.91,635.9,2.152,218.2,10.24,11.75,9.63,0.41,0.193,8.77,3.41
"2020-12-23 11:30:00",153075,13.53,83.6,0.1,28.41,733.4,2.408,212.5,12.27,11.59,9.64,0.41,0.193,8.77,4.21
"2020-12-23 11:40:00",153076,13.39,84.9,0.1,32.32,714.6,2.338,212.7,9.53,11.51,9.65,0.41,0.194,8.77,3.96
"2020-12-23 11:50:00",153077,13.27,85.9,0.1,30.5,773.9,1.805,218.7,8.58,11.44,9.65,0.41,0.193,8.78,2.81
"2020-12-23 12:00:00",153078,13.26,86.3,0,28.15,766.2,1.444,203.2,14.22,11.39,9.66,0.41,0.193,8.78,2.82
"2020-12-23 12:10:00",153079,13.32,85.7,0,23.14,737.6,1.67,201.3,12.71,11.39,9.66,0.41,0.194,8.78,2.87
"2020-12-23 12:20:00",153080,13.28,85.6,0,22.93,727.2,1.61,205.2,13.31,11.36,9.67,0.41,0.193,8.79,2.66
"2020-12-23 12:30:00",153081,13.12,86.8,0,25.01,712.6,1.473,198.9,9.13,11.23,9.68,0.41,0.193,8.79,2.32
"2020-12-23 12:40:00",153082,13.06,87.1,0,19.78,701.7,1.345,227.1,10.32,11.15,9.68,0.41,0.193,8.8,1.88
"2020-12-23 12:50:00",153083,13.04,87,0,33.32,689.9,1.63,235.2,9.27,11.22,9.69,0.41,0.193,8.8,2.29
"2020-12-23 13:00:00",153084,13.14,86.5,0,31.05,672.4,1.664,230.8,8.45,11.36,9.7,0.41,0.193,8.8,2.49
"2020-12-23 13:10:00",153085,13.19,85.8,0,27.86,648.3,1.882,220,11.75,11.36,9.7,0.41,0.193,8.81,2.85
"2020-12-23 13:20:00",153086,13.43,83.9,0,28.11,613.8,1.783,212.5,10.06,11.44,9.7,0.41,0.193,8.81,2.88
"2020-12-23 13:30:00",153087,13.68,81.8,0,26.18,582.4,2.216,213.7,10.46,11.65,9.71,0.41,0.193,8.81,3.82
"2020-12-23 13:40:00",153088,13.89,80,0,18.75,547.5,2.896,215.6,7.298,11.83,9.72,0.41,0.193,8.82,5.08
"2020-12-23 13:50:00",153089,14.02,79.04,0,19.37,505.7,2.972,212.6,12.36,11.97,9.72,0.41,0.193,8.82,4.7
"2020-12-23 14:00:00",153090,14.16,78.22,0,15.62,461.6,2.861,206.7,11.33,12.12,9.72,0.41,0.193,8.82,4.45
"2020-12-23 14:10:00",153091,14.09,78.92,0,12.43,407.8,2.494,198.8,11.93,12.05,9.72,0.41,0.194,8.83,3.59
"2020-12-23 14:20:00",153092,13.93,80.2,0,11.97,337.1,2.431,198,10.67,11.96,9.73,0.41,0.194,8.83,3.66
"2020-12-23 14:30:00",153093,14.09,79.6,0,9.53,317.6,2.876,205.7,12.95,12.09,9.73,0.41,0.194,8.84,4.24
"2020-12-23 14:40:00",153094,14.03,80.7,0,11.31,477.3,3.001,205.6,12.07,11.99,9.73,0.41,0.194,8.84,5.07
"2020-12-23 14:50:00",153095,14,81.4,0,11.72,459,3.378,207,12.11,11.96,9.73,0.41,0.194,8.84,5.04
"2020-12-23 15:00:00",153096,13.9,82.4,0,12,362,3.087,210.4,11.64,11.97,9.74,0.41,0.194,8.84,5.73
"2020-12-23 15:10:00",153097,13.89,82.9,0,7.787,295.5,3.15,207.3,18.53,12.03,9.74,0.41,0.194,8.85,4.77
"2020-12-23 15:20:00",153098,13.59,85.7,0.1,5.761,440.3,3.031,195,10.27,11.79,9.75,0.41,0.194,8.86,5.07
"2020-12-23 15:30:00",153099,13.61,85.5,0,4.745,409.9,3.921,194.3,12.95,11.8,9.75,0.41,0.194,8.86,5.86
"2020-12-23 15:40:00",153100,13.71,84.8,0,2.719,345.3,3.643,192.4,12.9,11.88,9.75,0.41,0.194,8.86,5.63
"2020-12-23 15:50:00",153101,13.61,85.6,0,2.467,451.2,4.027,190.6,11.65,11.8,9.76,0.41,0.194,8.87,6.94
"2020-12-23 16:00:00",153102,13.2,88.9,0.2,2.54,559.3,3.691,194.4,12.83,11.5,9.76,0.41,0.194,8.87,6.35
"2020-12-23 16:10:00",153103,12.85,91.5,0.1,1.608,698.7,2.713,205.1,12.21,11.24,9.76,0.41,0.194,8.88,4.15
"2020-12-23 16:20:00",153104,12.66,93,0.2,1.172,803,2.752,202,10.58,11.08,9.77,0.41,0.194,8.88,5.3
"2020-12-23 16:30:00",153105,12.59,93.5,0.2,0.726,807,3.28,201.8,16.87,11.05,9.77,0.41,0.195,8.88,5.82
"2020-12-23 16:40:00",153106,12.67,92.8,0,0.262,743.4,2.931,199.9,12.14,11.06,9.77,0.41,0.195,8.88,4.43
"2020-12-23 16:50:00",153107,12.75,92,0,0.234,725.4,3.123,203,15.27,11.12,9.78,0.41,0.194,8.89,5.24
"2020-12-23 17:00:00",153108,12.87,91.1,0,0.173,705.7,3.17,208.5,14.58,11.17,9.79,0.41,0.194,8.9,5.54
"2020-12-23 17:10:00",153109,12.91,90.7,0.2,0.106,737.4,3.317,207.6,13.94,11.22,9.79,0.41,0.194,8.9,5.61
"2020-12-23 17:20:00",153110,12.67,92.5,0.3,0.117,815,3.204,203.4,13.01,11.07,9.8,0.41,0.194,8.9,5.41
"2020-12-23 17:30:00",153111,12.48,94,0.5,0.1,821,2.842,209.9,9.04,10.96,9.8,0.41,0.194,8.91,4.56
"2020-12-23 17:40:00",153112,12.37,94.9,0.3,0.101,803,3.23,206.6,14.5,10.89,9.8,0.41,0.194,8.91,5.37
"2020-12-23 17:50:00",153113,12.24,95.8,0.1,0.084,781.9,2.842,204.6,9.97,10.79,9.81,0.41,0.194,8.91,4.65
"2020-12-23 18:00:00",153114,12.2,96.2,0.5,0.112,822,3.14,211.5,9.1,10.76,9.81,0.41,0.194,8.91,5.92
"2020-12-23 18:10:00",153115,12.05,97.2,0.3,0.123,826,2.684,212.8,10.87,10.67,9.82,0.41,0.194,8.92,4.45
"2020-12-23 18:20:00",153116,11.95,97.8,0.3,0.089,817,2.1,239.3,14.6,10.61,9.83,0.411,0.194,8.93,3.86
"2020-12-23 18:30:00",153117,11.81,98.6,0.9,0.095,842,1.355,239.9,30.89,10.52,9.83,0.411,0.194,8.93,2.6
"2020-12-23 18:40:00",153118,11.76,99.2,0.4,0.117,832,2.265,214.7,13.6,10.46,9.84,0.411,0.195,8.93,3.49
"2020-12-23 18:50:00",153119,11.75,99.4,0.5,0.112,844,2.286,207.9,11.88,10.45,9.85,0.411,0.195,8.94,3.81
"2020-12-23 19:00:00",153120,11.74,99.6,0.1,0.095,820,2.068,206.7,11.8,10.42,9.86,0.411,0.195,8.94,3.53
"2020-12-23 19:10:00",153121,11.76,99.8,1,0.117,847,2.255,214.2,11.7,10.47,9.86,0.411,0.195,8.95,3.34
"2020-12-23 19:20:00",153122,11.75,99.9,0.2,0.112,824,2.141,231,10.52,10.46,9.87,0.412,0.195,8.95,3.76
"2020-12-23 19:30:00",153123,11.69,100,0,0.117,784.9,1.848,220.3,12.19,10.34,9.88,0.412,0.196,8.96,3.01
"2020-12-23 19:40:00",153124,11.7,99.9,0,0.117,775.6,1.733,196.4,13.46,10.26,9.88,0.413,0.197,8.96,3.03
"2020-12-23 19:50:00",153125,11.7,99.8,0,0.117,767.7,1.865,197.2,13.35,10.26,9.88,0.413,0.197,8.96,3.32
"2020-12-23 20:00:00",153126,11.76,99.3,0,0.095,758.1,2.051,203.6,10.1,10.3,9.89,0.414,0.198,8.96,3.31
"2020-12-23 20:10:00",153127,11.94,97,0,0.123,756,2.829,207.9,12.12,10.33,9.88,0.414,0.198,8.97,5.04
"2020-12-23 20:20:00",153128,12.05,94.8,0,0.101,763.8,2.723,187.9,15.54,10.34,9.88,0.415,0.198,8.97,4.74
"2020-12-23 20:30:00",153129,12.03,96.2,0,0.106,736.9,2.687,183.1,11.85,10.41,9.88,0.415,0.199,8.98,4.73
"2020-12-23 20:40:00",153130,12.11,96.2,0,0.106,715.2,2.839,183.7,13.15,10.49,9.88,0.415,0.2,8.98,4.62
"2020-12-23 20:50:00",153131,12.2,94.8,0,0.117,700.8,3.703,186.1,10.12,10.56,9.87,0.415,0.2,8.99,5.61
"2020-12-23 21:00:00",153132,12.25,93.6,0.1,0.089,689.1,4.165,177.5,13.3,10.59,9.88,0.415,0.199,9,8.11
"2020-12-23 21:10:00",153133,12.41,89.2,0,0.134,693.3,3.751,198.3,15.75,10.57,9.87,0.415,0.199,9,5.83
"2020-12-23 21:20:00",153134,12.2,89.6,0,0.095,669.5,3.266,201.7,18.85,10.41,9.87,0.415,0.199,9,6.3
"2020-12-23 21:30:00",153135,12.11,89.2,0,0.112,647.2,2.76,206.3,12.53,10.28,9.87,0.414,0.199,9,4.73
"2020-12-23 21:40:00",153136,12.04,88.7,0,0.117,619.6,2.972,198.2,13.8,10.2,9.86,0.414,0.199,9.01,4.92
"2020-12-23 21:50:00",153137,12.14,86.1,0,0.106,592,3.011,192.4,11.39,10.21,9.86,0.414,0.199,9.01,5.28
"2020-12-23 22:00:00",153138,12.14,84.7,0,0.095,563.7,2.49,197.6,11.5,10.17,9.86,0.414,0.199,9.01,4.28
"2020-12-23 22:10:00",153139,12.24,83.2,0,0.123,533.7,2.848,193.4,10.28,10.24,9.85,0.414,0.199,9.02,4.4
"2020-12-23 22:20:00",153140,12.12,83.5,0,0.089,504.2,2.277,195.2,10.54,10.12,9.85,0.414,0.199,9.02,3.45
"2020-12-23 22:30:00",153141,12.23,82.1,0,0.106,465.1,2.871,197.5,12.61,10.21,9.85,0.414,0.199,9.03,4.59
"2020-12-23 22:40:00",153142,12.26,81.5,0,0.117,411.9,3.173,202.9,13.31,10.3,9.84,0.414,0.198,9.03,5.36
"2020-12-23 22:50:00",153143,12.14,82.3,0,0.123,350.5,2.611,200.4,11.05,10.19,9.83,0.414,0.198,9.04,4.08
"2020-12-23 23:00:00",153144,11.93,84.2,0,0.095,320.9,2.571,204.8,14.3,10.05,9.83,0.414,0.198,9.04,4.71
"2020-12-23 23:10:00",153145,11.82,85.8,0,0.101,351.3,2.739,202.9,14.61,10.02,9.82,0.414,0.198,9.04,4.39
"2020-12-23 23:20:00",153146,11.66,87.7,0,0.106,545.1,2.486,208.4,14.41,9.86,9.81,0.414,0.198,9.05,5.36
"2020-12-23 23:30:00",153147,11.53,89.2,0.2,0.089,702.7,3.183,204.9,14.29,9.8,9.81,0.414,0.198,9.05,6.02
"2020-12-23 23:40:00",153148,11.24,91.3,0.2,0.123,750.2,3.051,200.4,14.11,9.61,9.8,0.414,0.198,9.05,4.89
"2020-12-23 23:50:00",153149,11.35,90.5,0,0.117,703.4,3.201,208.1,14.11,9.6,9.79,0.414,0.198,9.05,5.49
"2020-12-24 00:00:00",153150,11.66,88.7,0,0.089,679.5,3.501,212.2,13.47,9.84,9.78,0.414,0.198,9.06,6.14
"2020-12-24 00:10:00",153151,11.55,89.5,0,0.112,682.9,3.904,222.1,10,9.79,9.77,0.414,0.198,9.06,6.61
"2020-12-24 00:20:00",153152,11.52,89.4,0,0.095,653.3,3.534,204.4,13.23,9.76,9.77,0.414,0.199,9.06,5.83
"2020-12-24 00:30:00",153153,11.52,88.6,0,0.123,623.8,3.208,206.2,11.75,9.73,9.76,0.414,0.199,9.07,4.87
"2020-12-24 00:40:00",153154,11.33,90,0,0.106,629,3.313,205.7,11.03,9.63,9.75,0.414,0.199,9.07,5.74
"2020-12-24 00:50:00",153155,11.06,91.6,0.3,0.112,768.3,3.868,210.2,15.12,9.47,9.74,0.414,0.199,9.07,7.2
"2020-12-24 01:00:00",153156,10.71,94.3,0.4,0.101,813,3.22,213.9,17.58,9.21,9.74,0.414,0.198,9.07,5.41
"2020-12-24 01:10:00",153157,10.61,95.2,0.1,0.134,792.3,3.067,211.1,13.06,9.1,9.73,0.414,0.198,9.08,4.99
"2020-12-24 01:20:00",153158,10.67,95.2,0,0.112,787.9,2.514,209.2,14.89,9.1,9.72,0.414,0.198,9.08,4.21
"2020-12-24 01:30:00",153159,10.65,95.3,0,0.112,758.5,2.829,209,13.35,9.09,9.72,0.414,0.198,9.08,4.69
"2020-12-24 01:40:00",153160,10.76,96,0,0.128,736.4,3.297,208.4,14.99,9.21,9.71,0.414,0.198,9.08,6.13
"2020-12-24 01:50:00",153161,10.87,95.7,0,0.123,719.3,3.43,207,14.19,9.35,9.71,0.414,0.198,9.09,5.84
"2020-12-24 02:00:00",153162,10.78,94.5,0,0.084,713.4,3.506,206.2,13.94,9.24,9.7,0.414,0.198,9.09,5.76
"2020-12-24 02:10:00",153163,10.59,90.1,0,0.117,705.5,3.582,219.2,14.78,8.93,9.69,0.414,0.198,9.09,5.57
"2020-12-24 02:20:00",153164,10.49,82.7,0,0.123,672.2,5.015,226.8,11.87,8.6,9.69,0.414,0.198,9.09,8.47
"2020-12-24 02:30:00",153165,10.4,77.5,0,0.101,624,4.035,219.8,10.52,8.33,9.68,0.414,0.199,9.1,6.38
"2020-12-24 02:40:00",153166,10.24,78.63,0,0.123,586.2,3.526,209,12.25,8.15,9.68,0.414,0.199,9.1,6.47
"2020-12-24 02:50:00",153167,10.06,80.8,0,0.145,553.2,3.556,209.4,13.7,8.12,9.66,0.414,0.199,9.1,6.46
"2020-12-24 03:00:00",153168,9.88,81.5,0,0.095,520.6,3.329,205.9,12.58,8.01,9.66,0.414,0.199,9.1,6.15
"2020-12-24 03:10:00",153169,9.76,82.2,0,0.134,484,3.06,197.4,13.17,7.945,9.64,0.414,0.199,9.1,5.1
"2020-12-24 03:20:00",153170,9.69,82.4,0,0.117,437.7,2.901,203.5,12.27,7.909,9.63,0.414,0.198,9.1,4.35
"2020-12-24 03:30:00",153171,9.71,81.8,0,0.128,381.1,3.487,212.7,10.32,7.907,9.62,0.414,0.198,9.11,4.93
"2020-12-24 03:40:00",153172,9.68,81.8,0,0.117,316.9,3.172,206.9,14.12,7.867,9.6,0.413,0.198,9.1,5.17
"2020-12-24 03:50:00",153173,9.76,82.5,0,0.134,264.9,3.934,215.3,11.71,7.955,9.58,0.413,0.198,9.11,5.94
"2020-12-24 04:00:00",153174,9.73,83.9,0,0.117,255.9,3.117,203.7,12.45,7.99,9.57,0.413,0.198,9.11,5.76
"2020-12-24 04:10:00",153175,9.7,83.3,0,0.14,252.7,3.701,195.9,12.21,7.919,9.55,0.413,0.198,9.11,6.92
"2020-12-24 04:20:00",153176,9.62,81.9,0,0.106,252.1,3.909,206.6,12.71,7.824,9.53,0.413,0.198,9.11,6.4
"2020-12-24 04:30:00",153177,9.58,81.4,0,0.112,252,4.491,210.7,14.7,7.784,9.52,0.413,0.198,9.11,7.78
"2020-12-24 04:40:00",153178,9.45,82.4,0,0.128,252,5.134,208.7,12.12,7.619,9.5,0.413,0.198,9.11,8.7
"2020-12-24 04:50:00",153179,9.2,84.4,0,0.14,252,4.388,205.9,13.89,7.359,9.48,0.413,0.198,9.11,8.07
"2020-12-24 05:00:00",153180,9.09,86.1,0,0.084,259.1,4.575,202.4,16.45,7.262,9.46,0.413,0.198,9.11,8.56
"2020-12-24 05:10:00",153181,8.93,88.4,0,0.117,424.5,4.643,204.3,13.73,7.211,9.44,0.413,0.198,9.11,7.04
"2020-12-24 05:20:00",153182,8.68,89.4,0,0.117,439.3,3.544,203.8,11.51,6.794,9.42,0.413,0.198,9.11,5.69
"2020-12-24 05:30:00",153183,8.77,88.4,0,0.101,374,3.369,209.9,14.21,6.962,9.4,0.413,0.198,9.12,6.82
"2020-12-24 05:40:00",153184,8.96,86.4,0,0.123,324.3,3.526,209.2,12.88,7.167,9.38,0.413,0.199,9.11,7.15
"2020-12-24 05:50:00",153185,9.12,84.3,0,0.128,265,4.247,212.6,12.65,7.368,9.35,0.414,0.199,9.11,8.64
"2020-12-24 06:00:00",153186,9.28,81.9,0,0.123,252,4.481,214,12.31,7.492,9.33,0.414,0.198,9.11,8.27
"2020-12-24 06:10:00",153187,9.34,80.7,0,0.128,252,3.821,206.4,12.72,7.535,9.31,0.413,0.198,9.12,5.94
"2020-12-24 06:20:00",153188,9.32,79.91,0,0.101,251.9,3.926,210.4,13.32,7.515,9.3,0.413,0.198,9.12,6.74
"2020-12-24 06:30:00",153189,9.41,78.3,0,0.112,251.4,4.017,213.3,12.58,7.6,9.28,0.413,0.198,9.11,6.72
"2020-12-24 06:40:00",153190,9.48,77.47,0,0.112,251.3,4.912,208.2,14.83,7.694,9.26,0.413,0.198,9.12,7.79
"2020-12-24 06:50:00",153191,9.47,77.86,0,0.128,251.3,4.825,211.3,12.3,7.718,9.24,0.413,0.198,9.11,7.79
"2020-12-24 07:00:00",153192,9.56,77.33,0,0.101,251.3,4.706,205.7,14.45,7.788,9.22,0.413,0.198,9.12,8.19
"2020-12-24 07:10:00",153193,9.39,79.16,0.1,0.106,413.4,4.226,214.1,13.54,7.625,9.2,0.413,0.198,9.11,9.05
"2020-12-24 07:20:00",153194,8.91,82.8,0.1,0.106,678.1,4.639,205.2,14.55,7.075,9.19,0.413,0.198,9.11,8.49
"2020-12-24 07:30:00",153195,8.98,81.6,0.3,0.14,661.4,4.786,209.7,13.81,7.064,9.17,0.413,0.198,9.11,8.21
"2020-12-24 07:40:00",153196,8.93,81.7,0,0.117,645.1,4.555,213.7,13.81,6.978,9.15,0.413,0.197,9.11,7.11
"2020-12-24 07:50:00",153197,8.87,82,0.1,0.123,641.1,4.767,205.4,13.92,6.959,9.14,0.413,0.198,9.1,9.07
"2020-12-24 08:00:00",153198,8.82,81.6,0,0.168,611.6,5.1,208.8,13.74,6.893,9.12,0.413,0.197,9.1,9.3
"2020-12-24 08:10:00",153199,8.78,81.4,0,0.162,550.1,5.595,206.3,15.14,6.883,9.11,0.413,0.198,9.1,9.15
"2020-12-24 08:20:00",153200,8.47,82.8,0,0.223,557.6,4.879,207.4,13.14,6.648,9.09,0.413,0.197,9.1,7.76
"2020-12-24 08:30:00",153201,8.31,83.6,0.1,1.011,567.8,4.259,204.8,16.63,6.497,9.08,0.413,0.198,9.09,7.79
"2020-12-24 08:40:00",153202,8.41,82.5,0,1.492,543,4.696,210.3,16.64,6.533,9.06,0.413,0.197,9.09,7.99
"2020-12-24 08:50:00",153203,8.51,81.6,0,1.414,490.3,4.252,208,12.96,6.627,9.05,0.413,0.197,9.09,7.45
"2020-12-24 09:00:00",153204,8.6,80.6,0,2.526,445.6,4.756,210.1,15.04,6.734,9.03,0.413,0.197,9.09,7.55
"2020-12-24 09:10:00",153205,8.43,82.1,0.1,2.715,543.9,4.434,213.2,10.84,6.616,9.01,0.413,0.197,9.09,8.02
"2020-12-24 09:20:00",153206,8.29,83.8,0,2.531,620.1,4.541,207.8,13.12,6.483,9,0.413,0.198,9.08,6.97
"2020-12-24 09:30:00",153207,8.43,83,0.1,4.073,585.8,4.543,212,13.09,6.567,8.98,0.413,0.197,9.08,6.41
"2020-12-24 09:40:00",153208,8.51,82.3,0.1,8.14,621.3,4.571,218.5,11.88,6.644,8.97,0.413,0.197,9.08,7.94
"2020-12-24 09:50:00",153209,8.61,81.1,0,10.05,575.5,5.255,216.3,9.89,6.702,8.95,0.413,0.197,9.07,9.27
"2020-12-24 10:00:00",153210,8.77,79.34,0,12.02,513.3,5.356,218.4,12.56,6.856,8.94,0.413,0.197,9.07,9.27
"2020-12-24 10:10:00",153211,8.67,80.4,0,13.95,522.4,5.066,222.7,9.71,6.842,8.92,0.413,0.197,9.07,7.34
"2020-12-24 10:20:00",153212,8.41,82.8,0.1,16.95,591.5,4.857,219.4,10.23,6.637,8.91,0.413,0.197,9.07,7.48
"2020-12-24 10:30:00",153213,8.31,84.1,0.1,18.37,637.9,4.374,222.5,9.16,6.56,8.9,0.413,0.197,9.06,6.6
"2020-12-24 10:40:00",153214,8.33,84.1,0.1,16.89,690.1,4.072,220.2,9.45,6.566,8.88,0.413,0.197,9.06,6.63
"2020-12-24 10:50:00",153215,8.4,83.9,0,21.17,647.6,4.653,225.7,10,6.611,8.87,0.413,0.197,9.06,7.33
"2020-12-24 11:00:00",153216,8.59,82.5,0,24.29,602.7,4.541,223.2,10.9,6.774,8.86,0.413,0.197,9.05,7.03
"2020-12-24 11:10:00",153217,8.71,81.5,0,23.99,567.3,4.653,223.6,9.82,6.92,8.84,0.413,0.197,9.05,7.08
"2020-12-24 11:20:00",153218,8.77,81,0,32.14,525.3,5.54,223.6,12.59,6.999,8.84,0.413,0.197,9.05,8.99
"2020-12-24 11:30:00",153219,8.83,81.4,0,61.48,473.9,4.227,213.3,9.14,7.182,8.82,0.413,0.197,9.04,6.42
"2020-12-24 11:40:00",153220,8.78,81.8,0,58.83,441.2,5.079,218.8,10.37,7.179,8.82,0.413,0.197,9.04,7.88
"2020-12-24 11:50:00",153221,8.64,82.8,0,47.1,376.6,4.524,214.8,13.58,7.009,8.8,0.413,0.197,9.03,7.61
"2020-12-24 12:00:00",153222,8.69,82.4,0,45.82,312,4.783,209.6,15.23,7.068,8.8,0.413,0.197,9.03,8.38
"2020-12-24 12:10:00",153223,8.63,83.3,0,65.84,278.7,4.289,213.7,14.66,7.084,8.79,0.413,0.196,9.03,7.27
"2020-12-24 12:20:00",153224,8.77,82.6,0,75.66,255.3,5.192,216.9,13.91,7.256,8.79,0.413,0.196,9.02,7.55
"2020-12-24 12:30:00",153225,8.81,82.9,0,92.5,252.4,5.128,220.3,11.44,7.375,8.79,0.413,0.196,9.02,10
"2020-12-24 12:40:00",153226,8.88,82.9,0,106.2,252.1,4.528,217,13.01,7.502,8.78,0.413,0.196,9.01,8.66
"2020-12-24 12:50:00",153227,8.97,82.2,0,107.8,252,5.696,220.6,11.71,7.599,8.77,0.413,0.196,9.01,8.91
"2020-12-24 13:00:00",153228,9.05,81.5,0,92.7,251.5,5.422,218.7,13.73,7.636,8.77,0.413,0.196,9,8.03
"2020-12-24 13:10:00",153229,9.14,81,0,96.6,251.3,5.616,220.6,11.63,7.7,8.77,0.413,0.196,9,8.97
"2020-12-24 13:20:00",153230,9.18,81.2,0,94.1,251.3,4.594,217.3,12.91,7.782,8.77,0.413,0.196,9,8.36
"2020-12-24 13:30:00",153231,9.3,80.6,0,122.7,251.3,4.58,217.4,10.39,7.957,8.78,0.413,0.196,9,6.84
"2020-12-24 13:40:00",153232,9.37,80.8,0,120.6,251.3,4.402,217.4,10.69,8.09,8.78,0.413,0.196,8.99,8.25
"2020-12-24 13:50:00",153233,9.31,80.4,0,106.7,251.3,5.712,218.3,10.91,7.973,8.78,0.413,0.196,8.99,8.06
"2020-12-24 14:00:00",153234,9.11,81.4,0,63.6,252.2,4.857,216.4,10.5,7.703,8.79,0.413,0.196,8.98,7.44
"2020-12-24 14:10:00",153235,8.92,82.5,0,59.08,257.4,4.57,218.6,12.1,7.472,8.8,0.413,0.196,8.98,7.02
"2020-12-24 14:20:00",153236,8.83,83,0,57.89,251.3,4.279,217.3,15.01,7.399,8.8,0.413,0.196,8.98,6.13
"2020-12-24 14:30:00",153237,8.85,83.1,0,61.85,251.3,4.22,221.4,13.02,7.45,8.81,0.413,0.196,8.97,6
"2020-12-24 14:40:00",153238,8.89,83.1,0,63.74,251.4,4.135,218.9,10.29,7.515,8.81,0.413,0.197,8.97,6.79
"2020-12-24 14:50:00",153239,8.9,83,0,54.11,254,4.03,216.3,12.74,7.495,8.81,0.412,0.196,8.96,6.5
"2020-12-24 15:00:00",153240,8.89,82.8,0,43.91,251.8,3.971,222.2,10.33,7.427,8.82,0.413,0.197,8.96,7.12
"2020-12-24 15:10:00",153241,8.93,82.7,0,40.82,252.7,3.994,217.7,13.01,7.447,8.82,0.412,0.196,8.96,5.89
"2020-12-24 15:20:00",153242,8.94,82.6,0,34.87,256.9,3.841,220.5,12.66,7.467,8.82,0.412,0.196,8.95,6.2
"2020-12-24 15:30:00",153243,8.87,82.5,0,22.28,251.4,3.964,222.9,12.81,7.363,8.82,0.412,0.196,8.95,6.19
"2020-12-24 15:40:00",153244,8.76,83.2,0,19.05,255.8,4.008,229.8,9.66,7.249,8.82,0.412,0.196,8.95,6.27
"2020-12-24 15:50:00",153245,8.5,85.5,0,14,267.4,2.942,232.7,11.01,6.974,8.82,0.412,0.196,8.95,5.78
"2020-12-24 16:00:00",153246,8.29,87.7,0,8.98,483.9,1.308,259.3,33.72,6.776,8.82,0.412,0.196,8.94,3.47
"2020-12-24 16:10:00",153247,7.726,93.3,0.2,4.407,767.2,1.574,304.4,21.89,6.379,8.81,0.412,0.196,8.94,2.75
"2020-12-24 16:20:00",153248,7.403,96.5,0.4,2.045,864,0.676,275.1,31.49,6.16,8.81,0.412,0.196,8.94,1.84
"2020-12-24 16:30:00",153249,7.267,97.6,0.2,1.05,843,1.141,282.2,29.58,6.041,8.81,0.412,0.196,8.94,2.45
"2020-12-24 16:40:00",153250,7.182,98.3,0.7,0.413,856,1.289,261.6,39.15,5.951,8.8,0.413,0.196,8.93,2.93
"2020-12-24 16:50:00",153251,7.098,98.9,0.2,0.162,840,1.936,225.3,13.2,5.865,8.8,0.413,0.196,8.93,3.4
"2020-12-24 17:00:00",153252,6.993,98.3,0.3,0.162,831,1.776,238.2,17.92,5.723,8.79,0.413,0.196,8.93,3.06
"2020-12-24 17:10:00",153253,6.869,98,0.3,0.134,845,1.558,241.9,23.32,5.588,8.79,0.413,0.196,8.93,3.97
"2020-12-24 17:20:00",153254,6.812,98.4,0.1,0.14,824,2.123,233.5,8.98,5.509,8.78,0.413,0.196,8.93,3.43
"2020-12-24 17:30:00",153255,6.836,97.9,0.1,0.117,834,2.238,222,12.32,5.484,8.78,0.413,0.196,8.92,3.34
"2020-12-24 17:40:00",153256,6.83,97.5,0,0.095,830,1.964,202.5,10.71,5.444,8.77,0.413,0.196,8.92,3.13
"2020-12-24 17:50:00",153257,6.792,97.6,0.1,0.123,818,2.121,198.1,12.09,5.395,8.76,0.413,0.196,8.92,3.39
"2020-12-24 18:00:00",153258,6.781,97.8,0,0.106,812,2.076,194.1,10.91,5.383,8.75,0.413,0.196,8.92,3.24
"2020-12-24 18:10:00",153259,6.805,97.5,0,0.112,794.8,2.216,188.2,14.02,5.369,8.74,0.413,0.196,8.92,3.86
"2020-12-24 18:20:00",153260,6.811,96.9,0,0.089,789.3,1.791,208.7,11.93,5.351,8.73,0.413,0.196,8.91,2.79
"2020-12-24 18:30:00",153261,6.809,97.3,0,0.106,769.9,1.52,211.7,15.76,5.367,8.73,0.413,0.196,8.91,2.57
"2020-12-24 18:40:00",153262,6.81,97.7,0,0.106,758.4,1.092,203.1,14.99,5.36,8.71,0.413,0.196,8.91,2.42
"2020-12-24 18:50:00",153263,6.872,98,0.2,0.101,823,2.274,219.7,11.51,5.461,8.7,0.413,0.196,8.91,3.55
"2020-12-24 19:00:00",153264,6.813,98.3,0.5,0.073,845,2.123,222.1,9.3,5.468,8.7,0.414,0.196,8.9,2.99
"2020-12-24 19:10:00",153265,6.774,98.8,0.3,0.084,831,2.239,220.1,11.74,5.443,8.69,0.414,0.196,8.9,3.39
"2020-12-24 19:20:00",153266,6.762,98.7,0.3,0.067,837,2.554,222.7,11.04,5.435,8.68,0.414,0.197,8.9,4.02
"2020-12-24 19:30:00",153267,6.719,98.7,0.2,0.117,836,2.33,239.8,17.57,5.403,8.67,0.414,0.197,8.9,4.38
"2020-12-24 19:40:00",153268,6.592,98.4,0.4,0.112,843,1.484,253.4,31.67,5.286,8.66,0.414,0.197,8.9,3.63
"2020-12-24 19:50:00",153269,6.401,97.8,0.2,0.117,829,1.392,259.1,33.11,5.074,8.65,0.414,0.197,8.89,3.52
"2020-12-24 20:00:00",153270,6.238,96.1,0.1,0.089,821,1.913,284.6,30.3,4.838,8.63,0.414,0.197,8.89,4.01
"2020-12-24 20:10:00",153271,5.244,94.1,0.5,0.129,672.7,4.913,345,32.06,4.074,8.62,0.414,0.197,8.89,9.49
"2020-12-24 20:20:00",153272,2.715,96.9,1,0.095,747.3,3.961,359.1,13.56,1.663,8.61,0.414,0.197,8.89,6.08
"2020-12-24 20:30:00",153273,2.375,97.7,0.9,0.084,829,3.194,0.314,8.92,1.126,8.59,0.415,0.197,8.88,5.63
"2020-12-24 20:40:00",153274,2.308,98.6,0.7,0.089,852,2.225,356.1,9.66,1.016,8.57,0.415,0.198,8.88,3.16
"2020-12-24 20:50:00",153275,2.249,99,0.7,0.073,814,2.308,329.7,12.76,0.965,8.54,0.416,0.198,8.88,3.51
"2020-12-24 21:00:00",153276,2.286,99.1,0.6,0.061,832,2.377,345.2,12.81,1.001,8.5,0.417,0.199,8.88,3.89
"2020-12-24 21:10:00",153277,2.397,98.3,0.9,0.039,813,2.817,349,12.52,1.048,8.46,0.418,0.2,8.87,4.57
"2020-12-24 21:20:00",153278,2.286,98.1,0.7,0.034,819,2.548,338.1,14.87,0.877,8.4,0.418,0.2,8.87,4
"2020-12-24 21:30:00",153279,2.168,98.4,0.7,0.045,824,2.587,336.2,14.43,0.791,8.35,0.42,0.201,8.86,4.11
"2020-12-24 21:40:00",153280,2.146,98.4,0.6,0.022,808,2.687,332.4,10.76,0.755,8.28,0.42,0.201,8.87,4.4
"2020-12-24 21:50:00",153281,2.226,98.5,0.5,0.006,827,2.782,337.9,12.66,0.877,8.22,0.42,0.201,8.86,4.82
"2020-12-24 22:00:00",153282,2.317,98.2,0.3,0.056,823,2.743,342.4,10.45,1.004,8.16,0.42,0.201,8.86,4.25
"2020-12-24 22:10:00",153283,2.333,98,0.3,0.034,821,2.765,337.3,15.39,1.019,8.11,0.42,0.201,8.85,4.26
"2020-12-24 22:20:00",153284,2.348,98.5,0.2,0.05,827,2.098,335.3,12.82,1.061,8.05,0.42,0.2,8.85,3.74
"2020-12-24 22:30:00",153285,2.282,98.5,0.4,0.011,822,2.724,337.6,13.89,1.039,8.01,0.42,0.2,8.84,4.41
"2020-12-24 22:40:00",153286,2.114,98.5,0.2,0.028,828,2.419,316.8,11.82,0.9,7.964,0.419,0.2,8.84,3.84
"2020-12-24 22:50:00",153287,1.909,98.9,0.3,0.034,831,2.313,312.7,12.48,0.674,7.928,0.419,0.2,8.83,3.55
"2020-12-24 23:00:00",153288,1.784,99.2,0.4,0.073,842,1.986,315.9,15.59,0.512,7.894,0.419,0.199,8.83,3.57
"2020-12-24 23:10:00",153289,1.877,99.3,0.4,0.067,843,1.38,319.1,14.73,0.581,7.857,0.418,0.199,8.82,2.37
"2020-12-24 23:20:00",153290,1.973,99.3,0.2,0.062,852,0.542,320.1,36.22,0.695,7.825,0.418,0.198,8.81,1.25
"2020-12-24 23:30:00",153291,2.021,99.4,0.1,0.034,853,0.625,184.8,19.64,0.798,7.794,0.418,0.198,8.81,1.17
"2020-12-24 23:40:00",153292,2.079,99.5,0.2,0.062,858,1.04,169.1,6.763,0.892,7.767,0.418,0.198,8.8,1.5
"2020-12-24 23:50:00",153293,2.066,99.5,0.1,0.073,847,1.282,171,8.28,0.909,7.741,0.418,0.198,8.79,1.96
"2020-12-25 00:00:00",153294,1.946,99.6,0,0.062,837,1.227,161.2,11.28,0.828,7.719,0.418,0.198,8.79,2.01
"2020-12-25 00:10:00",153295,1.401,99.7,0.1,0.067,835,1.767,159.9,10,0.402,7.698,0.418,0.198,8.78,2.54
"2020-12-25 00:20:00",153296,1.222,100,0.2,0.067,845,1.385,175.6,24.04,0.18,7.679,0.418,0.198,8.78,1.95
"2020-12-25 00:30:00",153297,1.191,100,0.2,0.084,858,1.256,201,13.74,0.14,7.661,0.418,0.197,8.77,1.7
"2020-12-25 00:40:00",153298,1.327,100,0.1,0.039,857,0.837,177.9,25.49,0.244,7.645,0.417,0.198,8.76,1.36
"2020-12-25 00:50:00",153299,1.536,100,0.3,0.034,845,1.014,152.3,13.4,0.461,7.632,0.418,0.198,8.75,1.68
"2020-12-25 01:00:00",153300,1.573,100,0,0.034,836,1.307,162.3,19.05,0.514,7.616,0.417,0.197,8.74,2.26
"2020-12-25 01:10:00",153301,1.635,100,0.1,0.028,831,1.015,185.3,17.23,0.566,7.601,0.417,0.197,8.73,1.61
"2020-12-25 01:20:00",153302,1.754,100,0,0.034,816,0.914,155.9,12.4,0.663,7.584,0.417,0.196,8.73,1.56
"2020-12-25 01:30:00",153303,1.862,100,0,0.073,810,1.116,171.7,13.34,0.77,7.569,0.417,0.196,8.71,1.92
"2020-12-25 01:40:00",153304,1.883,100,0,0.045,792.7,1.182,142.7,11.15,0.791,7.555,0.417,0.196,8.7,1.83
"2020-12-25 01:50:00",153305,1.925,100,0,0.017,791,1.144,155.8,11.81,0.835,7.541,0.417,0.196,8.7,1.85
"2020-12-25 02:00:00",153306,1.976,100,0,0.039,809,1.515,183,10.43,0.887,7.53,0.416,0.196,8.69,2.62
"2020-12-25 02:10:00",153307,1.938,100,0.1,0.067,825,1.724,191.8,10.22,0.85,7.515,0.416,0.196,8.68,2.64
"2020-12-25 02:20:00",153308,2.021,100,0,0.056,827,2.027,193.5,8.56,0.894,7.502,0.416,0.195,8.67,2.97
"2020-12-25 02:30:00",153309,2.083,100,0,0.05,821,1.389,202.6,13.59,0.94,7.494,0.416,0.195,8.66,2.13
"2020-12-25 02:40:00",153310,2.183,100,0,0.045,824,1.425,196.6,13.67,1.033,7.482,0.416,0.195,8.65,2.35
"2020-12-25 02:50:00",153311,2.248,100,0.1,0.073,829,1.18,207.2,15.54,1.099,7.475,0.416,0.195,8.64,1.9
"2020-12-25 03:00:00",153312,2.296,100,0.1,0.05,838,1.219,196.7,8.12,1.152,7.461,0.416,0.195,8.63,2.03
"2020-12-25 03:10:00",153313,2.407,100,0.1,0.095,833,1.28,199.1,14.02,1.25,7.452,0.416,0.195,8.62,2
"2020-12-25 03:20:00",153314,2.5,100,0.1,0.067,827,1.079,221.3,15.4,1.329,7.443,0.416,0.195,8.61,1.7
"2020-12-25 03:30:00",153315,2.767,100,0,0.039,819,1.036,246.7,31.89,1.539,7.437,0.416,0.194,8.61,2.24
"2020-12-25 03:40:00",153316,3.154,100,0.1,0.022,807,0.822,294.1,29.47,1.847,7.424,0.416,0.194,8.6,2.15
"2020-12-25 03:50:00",153317,3.332,99.9,0.1,0.084,805,1.864,304,13.25,1.997,7.418,0.416,0.194,8.59,2.93
"2020-12-25 04:00:00",153318,3.442,98.5,0,0.05,798.7,1.885,302.3,25.27,2.066,7.407,0.416,0.194,8.58,3.43
"2020-12-25 04:10:00",153319,3.454,97.7,0.1,0.039,802,1.474,305.6,24.96,2.044,7.4,0.416,0.194,8.57,2.7
"2020-12-25 04:20:00",153320,3.435,97.5,0,0.028,795.2,1.198,297.6,35.64,2.017,7.394,0.416,0.194,8.56,2.95
"2020-12-25 04:30:00",153321,3.398,97.4,0.1,0.084,812,0.968,292.4,36.83,1.99,7.386,0.416,0.194,8.56,2.1
"2020-12-25 04:40:00",153322,3.362,97.6,0,0.129,821,0.99,295.7,28.87,1.954,7.38,0.416,0.194,8.55,2.71
"2020-12-25 04:50:00",153323,3.35,97.5,0.2,0.095,826,0.752,286.6,51.34,1.943,7.375,0.416,0.194,8.54,2.75
"2020-12-25 05:00:00",153324,3.325,97.7,0.2,0.089,836,0.759,283.5,53.38,1.933,7.366,0.416,0.194,8.53,1.81
"2020-12-25 05:10:00",153325,3.303,97.9,0.3,0.062,839,1.089,303.4,39.03,1.932,7.362,0.416,0.194,8.53,2.7
"2020-12-25 05:20:00",153326,3.277,97.8,0.2,0.095,836,1.062,295.4,33.91,1.904,7.358,0.416,0.194,8.51,2.13
"2020-12-25 05:30:00",153327,3.259,98.1,0.1,0.095,811,0.883,297.6,31.58,1.893,7.35,0.416,0.193,8.5,2.18
"2020-12-25 05:40:00",153328,3.27,97.9,0,0.067,809,1.238,305.1,33.95,1.902,7.345,0.416,0.194,8.49,2.68
"2020-12-25 05:50:00",153329,3.292,97.5,0.1,0.067,804,1.73,301.5,21.93,1.915,7.34,0.416,0.194,8.49,3.28
"2020-12-25 06:00:00",153330,3.257,97.5,0,0.062,806,1.67,306.8,15.24,1.885,7.33,0.416,0.193,8.48,2.78
"2020-12-25 06:10:00",153331,3.217,97.4,0.1,0.034,814,1.211,297.4,27.24,1.841,7.324,0.416,0.193,8.47,2.11
"2020-12-25 06:20:00",153332,3.14,97.6,0,0.101,813,0.801,287.1,36.58,1.764,7.319,0.416,0.193,8.46,2.19
"2020-12-25 06:30:00",153333,3.106,98.2,0.1,0.112,821,0.54,268,42.12,1.735,7.314,0.416,0.193,8.46,1.53
"2020-12-25 06:40:00",153334,3.091,98.5,0,0.056,811,1.031,243.6,31.29,1.761,7.308,0.416,0.194,8.44,2.79
"2020-12-25 06:50:00",153335,3.038,98.6,0,0.084,798.7,0.485,256.1,41.85,1.701,7.303,0.416,0.193,8.44,2.24
"2020-12-25 07:00:00",153336,2.994,98.9,0,0.05,795.2,0.673,244.2,37.47,1.664,7.298,0.416,0.193,8.43,1.46
"2020-12-25 07:10:00",153337,3.023,98.8,0,0.067,785.4,0.739,245.6,31.51,1.646,7.292,0.416,0.193,8.43,1.51
"2020-12-25 07:20:00",153338,2.979,98.8,0,0.039,778,0.249,254,71.7,1.607,7.286,0.416,0.193,8.42,0.87
"2020-12-25 07:30:00",153339,3.025,98.9,0,0.022,772.2,0.704,218.8,29.21,1.622,7.284,0.416,0.193,8.41,1.82
"2020-12-25 07:40:00",153340,3.06,98.8,0,0.067,767.4,0.548,162.7,18.84,1.627,7.28,0.415,0.193,8.4,1.03
"2020-12-25 07:50:00",153341,3.064,99.1,0,0.034,762.8,0.813,140.2,9.24,1.672,7.273,0.415,0.193,8.39,1.63
"2020-12-25 08:00:00",153342,3.008,99.2,0,0.112,759.3,0.64,166.9,9.73,1.581,7.267,0.416,0.193,8.39,0.95
"2020-12-25 08:10:00",153343,3.004,99.4,0,0.268,755.6,0.394,122.3,101.8,1.568,7.263,0.415,0.192,8.38,0.79
"2020-12-25 08:20:00",153344,2.984,99.6,0,1.012,751.9,0.269,247,40.01,1.597,7.259,0.416,0.193,8.38,0.6
"2020-12-25 08:30:00",153345,2.961,99.6,0,1.515,746.5,0.681,295.1,30.81,1.599,7.254,0.416,0.193,8.37,2.38
"2020-12-25 08:40:00",153346,2.934,99.4,0,1.974,741.6,0.388,239.3,34.68,1.549,7.248,0.415,0.192,8.36,0.94
"2020-12-25 08:50:00",153347,2.864,99.2,0,1.806,736.8,0.28,270.1,40.23,1.523,7.246,0.415,0.193,8.35,0.98
"2020-12-25 09:00:00",153348,2.863,99.1,0,2.885,732.1,0.236,236.5,42.61,1.518,7.24,0.415,0.192,8.35,0.54
"2020-12-25 09:10:00",153349,2.855,99.1,0,8.5,726.5,0.465,308.2,43.99,1.518,7.231,0.415,0.192,8.34,1.62
"2020-12-25 09:20:00",153350,2.961,98.9,0,14.69,719.8,0.362,227.8,40.81,1.644,7.227,0.415,0.192,8.33,0.99
"2020-12-25 09:30:00",153351,3.042,98.8,0,24.04,712.6,0.296,213,41.86,1.825,7.225,0.415,0.192,8.33,0.49
"2020-12-25 09:40:00",153352,3.13,98.5,0,21.97,705.2,0.14,268.8,47.36,1.942,7.221,0.415,0.192,8.32,0.36
"2020-12-25 09:50:00",153353,3.207,98.3,0,37.03,699.9,0.168,269.8,31.74,2.056,7.218,0.415,0.192,8.31,0.35
"2020-12-25 10:00:00",153354,3.321,98.1,0,24.45,695.6,0.26,296.2,44.13,2.172,7.214,0.415,0.192,8.31,0.74
"2020-12-25 10:10:00",153355,3.282,97.7,0,20.22,691.5,0.56,325.9,20.27,2.119,7.21,0.415,0.192,8.3,0.88
"2020-12-25 10:20:00",153356,3.35,97.1,0,19.83,684.3,0.567,345.8,17.3,2.169,7.21,0.415,0.192,8.3,0.84
"2020-12-25 10:30:00",153357,3.459,96.7,0,27.59,679,0.956,4.773,15.89,2.295,7.212,0.415,0.192,8.28,1.82
"2020-12-25 10:40:00",153358,3.531,96.3,0,21.02,689.7,1.415,356.2,11.09,2.323,7.216,0.415,0.191,8.28,2.38
"2020-12-25 10:50:00",153359,3.552,96.4,0,23.56,701.5,1.104,0.331,10.05,2.362,7.22,0.415,0.191,8.28,1.58
"2020-12-25 11:00:00",153360,3.588,96.5,0,22.76,686.7,1.373,358.1,14.36,2.378,7.221,0.415,0.191,8.27,1.86
"2020-12-25 11:10:00",153361,3.645,96.5,0,27.02,675.6,1.299,353,14.86,2.415,7.225,0.415,0.191,8.26,2.1
"2020-12-25 11:20:00",153362,3.688,96.4,0.2,25.15,676.8,1.148,5.153,11.37,2.514,7.23,0.415,0.191,8.26,1.45
"2020-12-25 11:30:00",153363,3.728,96.6,0,24.78,711.5,1.397,17.93,8.96,2.592,7.235,0.414,0.191,8.26,2.03
"2020-12-25 11:40:00",153364,3.842,96.4,0,44.92,720.5,1.874,16.01,23.72,2.667,7.24,0.414,0.191,8.24,3.82
"2020-12-25 11:50:00",153365,3.961,95,0,78.99,702.6,2.424,21.49,14.39,2.827,7.245,0.414,0.191,8.24,3.76
"2020-12-25 12:00:00",153366,4.126,91.9,0,171.6,646,2.477,26.43,10.92,3.014,7.246,0.414,0.191,8.23,3.89
"2020-12-25 12:10:00",153367,4.389,91.4,0,125.7,583.3,2.257,27.35,11.51,3.623,7.249,0.414,0.191,8.23,3.46
"2020-12-25 12:20:00",153368,4.284,90.2,0,69.24,562.5,2.202,21.02,16.44,3.177,7.259,0.414,0.191,8.22,3.39
"2020-12-25 12:30:00",153369,4.28,91.7,0,34.69,546.5,1.589,22.64,13.72,2.994,7.269,0.414,0.191,8.22,2.66
"2020-12-25 12:40:00",153370,4.216,91.2,0,24.11,528.4,2.364,30.93,10.12,2.793,7.282,0.414,0.191,8.22,3.7
"2020-12-25 12:50:00",153371,4.189,86.4,0,33.08,381.4,3.478,28.57,13.03,2.513,7.291,0.414,0.19,8.21,5.27
"2020-12-25 13:00:00",153372,4.155,83.8,0,54.34,261.5,3.687,29.52,10.9,2.348,7.3,0.414,0.19,8.21,5.91
"2020-12-25 13:10:00",153373,4.192,83.2,0,86.6,258.1,3.558,29.49,11.16,2.451,7.312,0.414,0.19,8.2,5.31
"2020-12-25 13:20:00",153374,4.278,83.2,0,128.3,257.3,3.329,23.46,11.46,2.617,7.326,0.414,0.19,8.2,5.39
"2020-12-25 13:30:00",11447,4.826,80.6,0,187.8,2.472,52.24,17.83,"NAN",6.672,0.17
"2020-12-25 13:40:00",11448,4.737,80.7,0,121,3.211,54.13,13.15,"NAN",6.677,0.17
"2020-12-25 13:50:00",11449,4.516,79.07,0,101.9,3.252,48.35,12.68,"NAN",6.672,0.17
"2020-12-25 14:10:00",11450,4.593,80.4,0,188.7,2.023,24.13,18.21,"NAN",6.672,0.17
"2020-12-25 14:20:00",11451,4.816,77.57,0,151.8,2.173,11.38,19.87,"NAN",6.671,0.169
"2020-12-25 14:30:00",11452,4.623,74.5,0,141.2,3.311,41.52,11.4,"NAN",6.671,0.169
"2020-12-25 14:40:00",11453,4.982,73.44,0,224.9,2.347,52.19,20.76,"NAN",6.674,0.169
"2020-12-25 14:50:00",11454,5.028,72.43,0,117.1,2.337,44.65,19.78,"NAN",6.674,0.169
"2020-12-25 15:00:00",11455,4.715,74.33,0,77.26,2.826,46.93,17.49,"NAN",6.669,0.169
"2020-12-25 15:10:00",11456,4.761,72.74,0,131.3,2.977,55.7,11.71,"NAN",6.674,0.169
"2020-12-25 15:20:00",11457,4.987,73.14,0,145.2,2.479,53.69,11.21,"NAN",6.676,0.168
"2020-12-25 15:30:00",11458,4.939,72.66,0,118.6,2.292,35.4,15.86,"NAN",6.673,0.168
"2020-12-25 15:40:00",11459,4.885,71.99,0,106.4,2.528,34.25,17,"NAN",6.677,0.168
"2020-12-25 15:50:00",11460,4.707,73.24,0,47.5,1.912,38.32,20.1,"NAN",6.67,0.168
"2020-12-25 16:00:00",11461,4.495,74.52,0,49.18,2.046,49.41,13.66,"NAN",6.67,0.168
"2020-12-25 16:10:00",11462,4.213,75.35,0,32.46,1.644,64.08,9.83,"NAN",6.667,0.168
"2020-12-25 16:20:00",11463,3.971,76.25,0,16.75,1.753,65.85,9.92,"NAN",6.67,0.167
"2020-12-25 16:30:00",11464,3.835,76.96,0,11.56,1.597,61.87,8.22,"NAN",6.666,0.167
"2020-12-25 16:40:00",11465,3.603,77.44,0,5.347,1.402,65.62,8.42,"NAN",6.663,0.167
"2020-12-25 16:50:00",11466,3.348,78.77,0,2.802,0.843,83.9,9.39,"NAN",6.662,0.167
"2020-12-25 17:00:00",11467,3.188,80.1,0,0.991,0.768,78.18,8.21,"NAN",6.659,0.167
"2020-12-25 17:10:00",11468,2.872,81.7,0,0.214,0.458,64.06,8.3,"NAN",6.654,0.167
"2020-12-25 17:20:00",11469,2.007,86.2,0,0.038,0.354,196.6,73.2,"NAN",6.65,0.166
"2020-12-25 17:30:00",11470,1.014,91.9,0,0.011,0.537,200.9,9.04,"NAN",6.649,0.166
"2020-12-25 17:40:00",11471,0.403,94.7,0,0.009,0.344,212.4,11.99,"NAN",6.639,0.166
"2020-12-25 17:50:00",11472,0.128,96.3,0,0.007,0.457,177.9,22.23,"NAN",6.627,0.166
"2020-12-25 18:00:00",11473,-0.105,96.9,0,0.005,0.266,222,35.34,"NAN",6.624,0.166
"2020-12-25 18:10:00",11474,-0.188,97.4,0,0.005,0.487,218.4,49.09,"NAN",6.615,0.166
"2020-12-25 18:20:00",11475,-0.283,97.7,0,0.006,0.548,145.1,24.57,"NAN",6.606,0.166
"2020-12-25 18:30:00",11476,-0.465,98,0,0.005,0.328,186.9,16.21,"NAN",6.595,0.165
"2020-12-25 18:40:00",153406,-0.087,97.7,0,0.006,347.6,0.438,204.7,45.37,-2.363,7.108,0.413,0.189,8.11,0.63
"2020-12-25 18:50:00",153407,0.059,97.8,0,0.006,354.8,0.373,146.1,30.8,-2.304,7.072,0.413,0.189,8.1,0.63
"2020-12-25 19:00:00",153408,0.088,97.5,0,0.006,356.3,0.32,141.6,21.45,-2.037,7.039,0.413,0.189,8.1,0.47
"2020-12-25 19:10:00",153409,0.145,97.8,0,0,365.2,0.328,244,29.31,-1.91,7,0.412,0.189,8.09,0.74
"2020-12-25 19:20:00",153410,0.056,97.7,0,0.011,383.7,0.501,248.6,46.41,-2.333,6.967,0.412,0.189,8.09,0.87
"2020-12-25 19:30:00",153411,-0.371,98.2,0,0,400.6,0.351,156.7,59.73,-2.777,6.933,0.412,0.188,8.09,0.53
"2020-12-25 19:40:00",153412,-0.586,98.8,0,0.006,414.6,0.294,217,54.64,-3.07,6.899,0.412,0.189,8.09,0.49
"2020-12-25 19:50:00",153413,-0.633,99.2,0,0,426,0.688,201.5,13.18,-3.327,6.867,0.412,0.188,8.08,1.13
"2020-12-25 20:00:00",153414,-0.381,99.5,0,0,431.2,0.67,290.1,21.74,-2.775,6.837,0.412,0.188,8.07,1.13
"2020-12-25 20:10:00",153415,-0.586,99.5,0,0.011,439.4,0.401,126.6,94.5,-2.692,6.801,0.412,0.188,8.07,0.93
"2020-12-25 20:20:00",153416,-0.714,99.8,0,0.006,450.1,0.498,195.2,28.44,-3.124,6.768,0.412,0.188,8.07,0.77
"2020-12-25 20:30:00",153417,-0.769,100,0,0.028,461.3,0.505,209.1,15.18,-3.388,6.738,0.412,0.188,8.06,0.81
"2020-12-25 20:40:00",153418,-0.981,100,0,0.011,471.6,0.796,208.7,17.05,-3.703,6.704,0.412,0.188,8.06,1.24
"2020-12-25 20:50:00",153419,-1.052,100,0,0.011,481.1,0.469,268.9,29.6,-3.4,6.673,0.412,0.188,8.05,1.01
"2020-12-25 21:00:00",153420,-0.938,100,0,0.006,487.9,0.826,219.4,22.36,-3.39,6.642,0.412,0.188,8.05,1.36
"2020-12-25 21:10:00",153421,-0.819,100,0,0.011,490.6,0.305,273.7,55.85,-2.991,6.605,0.412,0.188,8.04,0.57
"2020-12-25 21:20:00",153422,-0.587,100,0,0,490.4,0.478,316.5,10.2,-2.453,6.572,0.412,0.188,8.03,0.73
"2020-12-25 21:30:00",153423,-0.436,100,0,0,490.6,0.261,238.9,29.94,-2.099,6.543,0.412,0.188,8.03,0.47
"2020-12-25 21:40:00",153424,-0.332,100,0,0.011,490.7,0.213,324.9,42.95,-1.986,6.512,0.412,0.188,8.02,0.36
"2020-12-25 21:50:00",153425,-0.184,100,0,0,490.3,0.211,37.83,59.87,-1.802,6.485,0.412,0.188,8.02,0.48
"2020-12-25 22:00:00",153426,0.025,100,0,0.006,490.1,0.292,157.2,65.96,-1.553,6.461,0.412,0.188,8,0.53
"2020-12-25 22:10:00",153427,0.001,100,0,0.006,491,0.229,210,32.23,-1.46,6.436,0.412,0.187,7.996,0.4
"2020-12-25 22:20:00",153428,-0.016,100,0,0,430,0.24,163.1,29.72,-1.528,6.413,0.412,0.188,7.988,0.46
"2020-12-25 22:30:00",153429,0.082,100,0,0.017,277.5,0.354,105.2,59.37,-1.53,6.395,0.412,0.187,7.983,0.68
"2020-12-25 22:40:00",153430,0.312,100,0,0.006,276.4,0.462,112.7,28.54,-1.159,6.378,0.412,0.187,7.976,0.71
"2020-12-25 22:50:00",153431,0.269,100,0,0.022,268.1,0.491,189.3,12.98,-1.297,6.36,0.412,0.187,7.962,0.72
"2020-12-25 23:00:00",153432,0.054,100,0,0.022,265.5,0.808,213.1,20.73,-1.753,6.346,0.411,0.187,7.961,1.13
"2020-12-25 23:10:00",153433,0.067,100,0,0.05,268,0.685,189.9,27.61,-1.663,6.33,0.411,0.187,7.948,1.27
"2020-12-25 23:20:00",153434,0.193,100,0,0.039,269.2,0.312,166.4,42.03,-1.398,6.316,0.411,0.188,7.939,0.56
"2020-12-25 23:30:00",153435,0.23,100,0,0.045,269.3,0.397,203.7,11.37,-1.275,6.3,0.411,0.187,7.929,0.75
"2020-12-25 23:40:00",153436,0.171,100,0,0.045,268.9,0.69,203.7,12.9,-1.277,6.287,0.411,0.187,7.924,1.42
"2020-12-25 23:50:00",153437,0.295,100,0,0.034,269,0.435,261.6,40.79,-1.16,6.276,0.411,0.187,7.916,0.78
"2020-12-26 00:00:00",153438,0.263,100,0,0.05,269.2,0.289,178.1,61.08,-1.199,6.264,0.411,0.187,7.905,0.71
"2020-12-26 00:10:00",153439,0.292,100,0,0.034,268.1,0.345,248.5,30.73,-1.155,6.248,0.411,0.187,7.897,0.8
"2020-12-26 00:20:00",153440,0.194,100,0,0.011,266.2,0.745,219.6,10.41,-1.548,6.237,0.411,0.187,7.889,0.91
"2020-12-26 00:30:00",153441,0.13,100,0,0.039,266,0.464,198,35.42,-1.844,6.229,0.411,0.187,7.88,0.78
"2020-12-26 00:40:00",153442,0.038,100,0,0.022,266.1,0.533,238.3,16.76,-1.95,6.218,0.411,0.186,7.872,0.84
"2020-12-26 00:50:00",153443,-0.193,100,0,0,266.6,0.917,215.3,11.51,-2.493,6.209,0.411,0.186,7.862,1.22
"2020-12-26 01:00:00",153444,-0.193,100,0,0.011,266.9,0.558,265.9,28.33,-2.56,6.199,0.411,0.186,7.854,1.15
"2020-12-26 01:10:00",153445,-0.196,100,0,0.011,267.4,0.752,241.5,15.1,-2.74,6.188,0.411,0.186,7.846,1.23
"2020-12-26 01:20:00",153446,-0.508,100,0,0.039,267.5,0.5,252.1,12.29,-3.1,6.174,0.411,0.186,7.839,0.88
"2020-12-26 01:30:00",153447,-0.698,100,0,0.011,267.9,0.707,226.7,20.19,-3.659,6.159,0.411,0.186,7.824,1.09
"2020-12-26 01:40:00",153448,-0.647,100,0,0.006,268.3,0.843,242.8,14.43,-3.43,6.143,0.411,0.186,7.819,1.36
"2020-12-26 01:50:00",153449,-0.303,100,0,0.006,268.8,0.759,252,19.19,-2.754,6.127,0.411,0.186,7.807,1.32
"2020-12-26 02:00:00",153450,-0.748,100,0,0.006,268.8,0.258,285.9,40.67,-3.13,6.11,0.411,0.186,7.804,0.64
"2020-12-26 02:10:00",153451,-0.818,100,0,0,269.5,0.52,281.5,45.23,-3.381,6.087,0.411,0.186,7.795,0.99
"2020-12-26 02:20:00",153452,-0.672,100,0,0,269.7,0.542,231.9,11.7,-3.313,6.066,0.41,0.186,7.787,0.92
"2020-12-26 02:30:00",153453,-0.619,100,0,0.011,270.4,0.915,199.2,16.19,-3.011,6.046,0.41,0.186,7.773,1.19
"2020-12-26 02:40:00",153454,-0.282,100,0,0.011,271.4,1.242,140.4,15.14,-2.155,6.025,0.41,0.186,7.764,1.59
"2020-12-26 02:50:00",153455,-0.267,100,0,0.006,271.3,0.669,153,46.57,-1.837,6.006,0.41,0.186,7.755,1.06
"2020-12-26 03:00:00",153456,-0.31,100,0,0.006,271.6,0.879,168.5,26.97,-1.85,5.987,0.41,0.185,7.748,1.39
"2020-12-26 03:10:00",153457,-0.159,100,0,0.006,271.9,0.799,206.8,16.43,-1.719,5.966,0.41,0.185,7.738,1.7
"2020-12-26 03:20:00",153458,0.074,100,0,0,272.9,1.131,214.5,12.14,-1.536,5.951,0.41,0.185,7.729,1.56
"2020-12-26 03:30:00",153459,0.011,100,0,0.011,273.2,0.803,216.3,21.84,-1.492,5.936,0.41,0.185,7.724,1.18
"2020-12-26 03:40:00",153460,0.274,100,0,0.034,276.9,1.159,192.7,9.32,-1.28,5.924,0.41,0.185,7.711,1.73
"2020-12-26 03:50:00",153461,0.344,99.9,0,0.034,276,0.865,221.5,21.43,-1.191,5.911,0.41,0.185,7.705,1.71
"2020-12-26 04:00:00",153462,0.296,99.7,0,0.034,272.9,1.135,206.3,10.57,-1.393,5.901,0.41,0.185,7.695,1.62
"2020-12-26 04:10:00",153463,0.277,99.6,0,0.045,274.7,0.887,236.3,17.08,-1.391,5.888,0.41,0.185,7.684,1.27
"2020-12-26 04:20:00",153464,0.337,99.5,0,0.011,277.4,1.192,233.5,7.753,-1.166,5.88,0.41,0.185,7.675,1.43
"2020-12-26 04:30:00",153465,0.396,99.4,0,0.006,278.3,0.744,245.7,28.36,-1.082,5.87,0.41,0.185,7.67,1.47
"2020-12-26 04:40:00",153466,0.434,99.2,0,0.022,279.4,0.807,227.2,18.7,-1.039,5.861,0.41,0.185,7.661,1.24
"2020-12-26 04:50:00",153467,0.378,99.4,0,0.039,281.4,1.092,214.9,10.08,-1.031,5.852,0.41,0.185,7.648,1.51
"2020-12-26 05:00:00",153468,0.355,99.9,0,0.011,280.6,1.358,207.8,10.82,-1.037,5.847,0.41,0.185,7.641,2.1
"2020-12-26 05:10:00",153469,0.385,100,0,0.039,282.2,1.454,209.8,8.46,-0.99,5.837,0.41,0.185,7.632,2.29
"2020-12-26 05:20:00",153470,0.44,100,0,0.045,286.4,1.278,217,10.8,-0.932,5.829,0.41,0.184,7.623,1.72
"2020-12-26 05:30:00",153471,0.453,100,0,0.062,287.1,1.014,212.6,12.28,-0.934,5.822,0.41,0.185,7.616,1.8
"2020-12-26 05:40:00",153472,0.455,100,0,0.05,280.8,0.745,192.9,20.11,-0.981,5.813,0.41,0.184,7.608,1.68
"2020-12-26 05:50:00",153473,0.508,100,0,0.034,278.6,1.463,152.4,12.51,-0.974,5.807,0.41,0.184,7.605,2.36
"2020-12-26 06:00:00",153474,0.438,100,0,0.056,277.1,0.948,176.2,20.59,-1.048,5.802,0.41,0.184,7.587,1.56
"2020-12-26 06:10:00",153475,0.425,100,0,0.022,277.6,1.247,203.2,9.89,-1.092,5.792,0.409,0.184,7.578,2.02
"2020-12-26 06:20:00",153476,0.363,100,0,0.028,277.4,1.209,203.2,7.053,-1.13,5.786,0.409,0.184,7.573,1.65
"2020-12-26 06:30:00",153477,0.342,100,0,0.05,277.5,1.24,201.1,10.39,-1.14,5.782,0.409,0.184,7.563,1.67
"2020-12-26 06:40:00",153478,0.442,100,0,0.056,279.3,1.488,204.3,8.83,-1.024,5.779,0.409,0.184,7.556,2.01
"2020-12-26 06:50:00",153479,0.425,100,0,0.022,279,1.489,221.8,8.67,-1.014,5.773,0.409,0.184,7.547,1.84
"2020-12-26 07:00:00",153480,0.363,100,0,0.056,278.5,1.463,220.4,9.54,-1.05,5.769,0.409,0.184,7.544,2.13
"2020-12-26 07:10:00",153481,0.384,100,0,0.028,278.3,1.447,229.5,8.88,-1.038,5.761,0.409,0.184,7.528,1.89
"2020-12-26 07:20:00",153482,0.406,100,0,0.045,278.6,1.41,209.6,10.53,-1.032,5.756,0.409,0.184,7.523,2.23
"2020-12-26 07:30:00",153483,0.511,100,0,0.073,279.3,1.443,202.6,9.52,-0.966,5.752,0.409,0.184,7.515,2.19
"2020-12-26 07:40:00",153484,0.562,100,0,0.028,279.5,1.336,199.2,8.56,-0.938,5.746,0.409,0.184,7.501,1.95
"2020-12-26 07:50:00",153485,0.545,100,0,0.039,278.9,1.331,199.8,9.89,-0.976,5.743,0.409,0.184,7.497,1.94
"2020-12-26 08:00:00",153486,0.501,100,0,0.151,277.1,1.214,212.6,13.81,-1.061,5.74,0.409,0.184,7.487,1.83
"2020-12-26 08:10:00",153487,0.448,100,0,1.309,276.8,1.397,223,9.14,-1.113,5.732,0.409,0.184,7.481,1.92
"2020-12-26 08:20:00",153488,0.418,100,0,4.073,277.1,1.535,226.4,7.238,-1.086,5.729,0.409,0.184,7.473,1.96
"2020-12-26 08:30:00",153489,0.449,100,0,7.888,278,1.353,215.2,9.2,-1.05,5.723,0.409,0.183,7.467,1.94
"2020-12-26 08:40:00",153490,0.513,100,0,15.95,278,1.131,201.6,10.42,-1.033,5.719,0.409,0.183,7.459,1.66
"2020-12-26 08:50:00",153491,0.536,100,0,23.16,278.1,1.592,199.5,8.8,-1.045,5.713,0.409,0.183,7.454,2.34
"2020-12-26 09:00:00",153492,0.616,100,0,31,277.1,1.443,209.5,10.29,-1.034,5.709,0.409,0.183,7.444,2.53
"2020-12-26 09:10:00",153493,0.669,99.6,0,43.17,278.3,1.289,207.7,12.71,-0.999,5.701,0.409,0.183,7.433,2.2
"2020-12-26 09:20:00",153494,0.726,99,0,48.88,279,1.572,215.8,9.73,-0.845,5.696,0.409,0.183,7.429,2.28
"2020-12-26 09:30:00",153495,0.768,98.7,0,58.58,278.8,1.354,222.2,11.57,-0.799,5.692,0.409,0.183,7.42,1.83
"2020-12-26 09:40:00",153496,0.85,98.6,0,58.37,294.8,1.29,201.1,13.12,-0.673,5.688,0.409,0.183,7.413,2.1
"2020-12-26 09:50:00",153497,0.94,98.4,0,63.93,350.4,1.379,220.6,12.84,-0.558,5.685,0.409,0.183,7.405,2.2
"2020-12-26 10:00:00",153498,1.047,98.2,0,70.32,493.9,1.741,223.9,8.69,-0.454,5.679,0.409,0.183,7.399,2.88
"2020-12-26 10:10:00",153499,1.151,97.9,0.1,82.9,708.4,1.646,222.3,8.5,-0.281,5.675,0.409,0.183,7.39,2.35
"2020-12-26 10:20:00",153500,1.326,97.6,0,87.4,671.2,1.168,208,13.95,-0.017,5.674,0.409,0.183,7.383,2.3
"2020-12-26 10:30:00",153501,1.591,97,0,126,648.8,1.439,219.3,13.52,0.422,5.672,0.409,0.183,7.376,2.33
"2020-12-26 10:40:00",11479,1.674,95.8,0,116.6,2.822,248.1,6.945,"NAN",5.16,0.157
"2020-12-26 10:50:00",11480,1.854,95.3,0,134.2,2.936,250.7,5.684,"NAN",5.149,0.157
"2020-12-26 11:00:00",11481,1.982,94.7,0,150.2,2.928,249.3,6.567,"NAN",5.135,0.157
"2020-12-26 11:10:00",11482,2.362,92.9,0,246.3,3.678,250.8,5.607,"NAN",5.129,0.157
"2020-12-26 11:20:00",11483,2.754,91.4,0,264.5,4.136,252.6,7.322,"NAN",5.124,0.157
"2020-12-26 11:30:00",11484,2.942,90.5,0,240.8,3.77,266.7,14.33,"NAN",5.115,0.157
"2020-12-26 11:40:00",11485,2.787,90.5,0,156.2,3.896,268.1,10.72,"NAN",5.106,0.157
"2020-12-26 11:50:00",11486,2.812,90.5,0,167.6,3.632,264.3,7.651,"NAN",5.111,0.157
"2020-12-26 12:00:00",11487,2.839,89.6,0,120.5,4.016,253.7,6.826,"NAN",5.095,0.157
"2020-12-26 12:10:00",11488,2.819,88.9,0,112.4,4.074,245.7,7.714,"NAN",5.091,0.156
"2020-12-26 12:20:00",11489,2.942,89.3,0,106.7,3.85,251.2,7.738,"NAN",5.09,0.156
"2020-12-26 12:30:00",11490,2.904,89,0,90.3,3.482,250.6,9.19,"NAN",5.083,0.156
"2020-12-26 12:40:00",11491,2.914,88.8,0,63.51,3.288,242.1,8.82,"NAN",5.08,0.156
"2020-12-26 12:50:00",11492,2.847,89.1,0,40.58,3.322,250.9,10.97,"NAN",5.077,0.156
"2020-12-26 13:00:00",11493,2.814,89.4,0,59.94,2.918,267.3,9.41,"NAN",5.079,0.156
"2020-12-26 13:10:00",11494,2.911,89.1,0,93.5,2.669,272.5,9.15,"NAN",5.079,0.156
"2020-12-26 13:20:00",11495,3.072,88.4,0,132.6,2.731,269.3,7.26,"NAN",5.077,0.156
"2020-12-26 13:30:00",11496,3.028,88.3,0,122.5,2.814,265.7,8.38,"NAN",5.079,0.156
"2020-12-26 13:40:00",11497,3.102,87.5,0,122.8,2.417,260,7.632,"NAN",5.076,0.156
"2020-12-26 13:50:00",11498,3.204,87.2,0,130,2.69,250.8,9.31,"NAN",5.084,0.156
"2020-12-26 14:00:00",11499,3.352,86.4,0,161.8,3.098,252.7,7.092,"NAN",5.078,0.156
"2020-12-26 14:10:00",11500,3.472,85.8,0,144.7,2.939,250.3,9.69,"NAN",5.084,0.156
"2020-12-26 14:20:00",11501,3.515,85.4,0,122.9,2.987,255,7.774,"NAN",5.09,0.156
"2020-12-26 14:30:00",11502,3.479,85.8,0,103.3,3.215,264,6.497,"NAN",5.095,0.156
"2020-12-26 14:40:00",11503,3.494,86,0,100.2,2.836,264.7,7.055,"NAN",5.1,0.156
"2020-12-26 14:50:00",11504,3.547,85.9,0,110.6,2.862,262.8,7.162,"NAN",5.103,0.156
"2020-12-26 15:00:00",11505,3.641,86,0,102.4,3.141,255.4,7.424,"NAN",5.108,0.156
"2020-12-26 15:10:00",11506,3.621,86.6,0,84.8,3.032,256.8,5.911,"NAN",5.106,0.156
"2020-12-26 15:20:00",11507,3.619,86.5,0,64.72,2.746,253.7,8.17,"NAN",5.115,0.156
"2020-12-26 15:30:00",11508,3.615,86.6,0,46.92,2.665,253.6,10.33,"NAN",5.122,0.156
"2020-12-26 15:40:00",11509,3.627,84.9,0,32.57,2.943,242.4,8.98,"NAN",5.127,0.156
"2020-12-26 15:50:00",11510,3.602,84.8,0,23.38,2.736,240.1,7.115,"NAN",5.143,0.155
"2020-12-26 16:00:00",11511,3.561,84.8,0,16.47,2.899,239.4,9.78,"NAN",5.144,0.155
"2020-12-26 16:10:00",11512,3.498,85.3,0,9.74,2.769,250.2,6.907,"NAN",5.149,0.155
"2020-12-26 16:20:00",11513,3.374,86.5,0,5.622,2.245,251.1,9.49,"NAN",5.156,0.155
"2020-12-26 16:30:00",11514,3.418,85.2,0,5.033,2.232,243,9.52,"NAN",5.168,0.155
"2020-12-26 16:40:00",11515,3.396,83.9,0,3.205,2.263,234.5,9,"NAN",5.164,0.155
"2020-12-26 16:50:00",11516,3.33,83.6,0,1.706,2.416,235.5,9.75,"NAN",5.17,0.155
"2020-12-26 17:00:00",11517,3.304,83.5,0,0.621,2.373,231.6,11.01,"NAN",5.182,0.155
"2020-12-26 17:10:00",11518,3.221,84.1,0,0.112,2.42,224.6,7.905,"NAN",5.192,0.155
"2020-12-26 17:20:00",11519,3.161,84.2,0,0.02,2.429,225,9.8,"NAN",5.192,0.155
"2020-12-26 17:30:00",11520,3.09,84.2,0,0.009,2.67,223.9,8.8,"NAN",5.194,0.155
"2020-12-26 17:40:00",11521,3.074,83.9,0,0.008,2.596,223.3,10.65,"NAN",5.196,0.155
"2020-12-26 17:50:00",11522,3.05,83.7,0,0.006,2.593,225.1,7.553,"NAN",5.213,0.155
"2020-12-26 18:00:00",11523,3.034,83.9,0,0.007,2.428,233.4,9.01,"NAN",5.21,0.155
"2020-12-26 18:10:00",11524,2.944,85.3,0,0.008,1.959,255.6,16.1,"NAN",5.208,0.155
"2020-12-26 18:20:00",153548,2.486,86.3,0,0.117,251.8,1.173,224,12.05,-0.067,6.186,0.407,0.181,7.206,1.6
"2020-12-26 18:30:00",153549,2.053,88.4,0,0.073,253,0.859,240.8,9.67,-0.661,6.175,0.407,0.181,7.203,1.79
"2020-12-26 18:40:00",153550,1.908,89.2,0,0.05,253,1.042,241.1,6.112,-0.782,6.164,0.407,0.181,7.206,1.57
"2020-12-26 18:50:00",153551,1.581,90.1,0,0.056,252.4,1.231,236.5,5.543,-0.837,6.15,0.407,0.181,7.204,2.02
"2020-12-26 19:00:00",153552,1.552,90.2,0,0.084,252.3,1.48,233.1,5.18,-0.615,6.135,0.407,0.181,7.203,2.09
"2020-12-26 19:10:00",153553,1.425,90.3,0,0.073,252.9,1.085,227.9,9.36,-1.057,6.119,0.407,0.181,7.203,1.62
"2020-12-26 19:20:00",153554,1.256,90.2,0,0.067,253.8,1,241.1,6.185,-1.366,6.104,0.407,0.181,7.206,1.66
"2020-12-26 19:30:00",153555,1.028,90.5,0,0.028,255.5,0.691,242.3,11.85,-1.675,6.088,0.407,0.181,7.204,1.32
"2020-12-26 19:40:00",153556,0.761,91.4,0,0.022,257.5,0.904,220.8,13.72,-2.137,6.07,0.407,0.181,7.205,1.2
"2020-12-26 19:50:00",153557,0.672,92,0,0.028,260.6,0.736,228.5,6.923,-2.306,6.051,0.407,0.181,7.199,1.01
"2020-12-26 20:00:00",153558,0.372,92.9,0,0.006,264.5,0.641,238.4,12.03,-2.554,6.031,0.407,0.181,7.201,1.07
"2020-12-26 20:10:00",153559,0.014,94.1,0,0.006,269,1.218,214.2,7.397,-2.955,6.006,0.407,0.181,7.203,1.65
"2020-12-26 20:20:00",153560,-0.05,94.2,0,0.017,271.8,1.318,219.6,7.967,-2.691,5.986,0.407,0.181,7.196,1.78
"2020-12-26 20:30:00",153561,-0.104,94.5,0,0.022,273.9,1.28,222.3,7.03,-2.541,5.968,0.407,0.181,7.202,1.71
"2020-12-26 20:40:00",153562,-0.161,94.3,0,0.017,275.7,1.499,229.2,5.644,-2.554,5.945,0.407,0.181,7.199,1.91
"2020-12-26 20:50:00",153563,-0.222,94.2,0,0,277.4,1.261,227.2,9.57,-2.612,5.923,0.407,0.181,7.194,1.71
"2020-12-26 21:00:00",153564,-0.394,94.5,0,0.017,279.8,1.264,221.3,5.788,-2.839,5.903,0.407,0.181,7.196,1.62
"2020-12-26 21:10:00",153565,-0.421,94.8,0,0.017,282.8,1.391,217.4,7.133,-2.928,5.874,0.407,0.181,7.191,2.36
"2020-12-26 21:20:00",153566,-0.296,94.2,0,0.006,282.2,1.636,219,7.364,-2.632,5.851,0.407,0.181,7.192,2.42
"2020-12-26 21:30:00",153567,-0.295,94.2,0,0.017,280.3,1.609,212.6,7.498,-2.555,5.826,0.407,0.181,7.186,2.79
"2020-12-26 21:40:00",153568,-0.112,93.5,0,0.022,275,1.945,212.9,10.66,-2.255,5.804,0.407,0.181,7.182,2.98
"2020-12-26 21:50:00",153569,-0.101,93.1,0,0.011,270.4,1.853,214.7,11.85,-2.208,5.78,0.407,0.181,7.182,3.18
"2020-12-26 22:00:00",153570,0.044,91.8,0,0.006,263,2.243,223.4,7.906,-2.062,5.756,0.407,0.181,7.178,3.66
"2020-12-26 22:10:00",153571,-0.121,91.9,0,0.011,255.8,2.112,228.2,6.125,-2.12,5.731,0.407,0.181,7.176,3.05
"2020-12-26 22:20:00",153572,-0.233,92.4,0,0.011,253.2,1.885,232.1,6.976,-2.222,5.708,0.407,0.181,7.172,2.83
"2020-12-26 22:30:00",153573,-0.218,92.2,0,0,253.2,1.945,229.7,9.02,-2.255,5.683,0.407,0.181,7.176,2.96
"2020-12-26 22:40:00",153574,-0.325,92.3,0,0.006,253.2,1.865,230.6,8.98,-2.385,5.663,0.407,0.181,7.163,2.58
"2020-12-26 22:50:00",153575,-0.32,91.8,0,0.011,253,1.912,229.4,8.75,-2.43,5.639,0.407,0.181,7.166,3.47
"2020-12-26 23:00:00",153576,-0.391,91.9,0,0.011,252.9,1.873,211.4,12.28,-2.488,5.619,0.407,0.181,7.154,2.92
"2020-12-26 23:10:00",153577,-0.439,91.6,0,0,253,1.698,215.4,9.55,-2.663,5.592,0.407,0.181,7.158,2.8
"2020-12-26 23:20:00",153578,-0.367,90.5,0,0,252.5,1.883,214.3,10.14,-2.578,5.569,0.407,0.181,7.153,2.85
"2020-12-26 23:30:00",153579,-0.24,89.4,0,0.006,252.5,2.148,220.1,8.81,-2.397,5.546,0.407,0.18,7.15,4.07
"2020-12-26 23:40:00",153580,-0.293,89.3,0,0,252.5,2.475,226.5,7.118,-2.366,5.524,0.407,0.18,7.142,3.68
"2020-12-26 23:50:00",153581,-0.297,89.3,0,0.006,252.4,2.278,215.1,14,-2.389,5.502,0.407,0.18,7.139,4.04
"2020-12-27 00:00:00",153582,-0.168,88.5,0,0,251.9,2.765,226.4,8.3,-2.206,5.483,0.407,0.18,7.131,4.27
"2020-12-27 00:10:00",153583,-0.226,89.3,0,0,252.1,2.586,221.8,10.48,-2.237,5.458,0.407,0.18,7.129,4.19
"2020-12-27 00:20:00",153584,-0.376,89.9,0,0.006,252.4,2.324,223.9,8.36,-2.342,5.436,0.407,0.18,7.123,2.97
"2020-12-27 00:30:00",153585,-0.511,90.5,0,0,252.5,2.305,225.8,6.595,-2.474,5.415,0.407,0.18,7.111,3.45
"2020-12-27 00:40:00",153586,-0.519,90.6,0,0,252.5,2.21,217.7,8.37,-2.537,5.393,0.407,0.18,7.111,3.43
"2020-12-27 00:50:00",153587,-0.537,90.4,0,0,252.5,2.036,210.8,10.75,-2.559,5.373,0.406,0.18,7.099,3.52
"2020-12-27 01:00:00",153588,-0.464,90.3,0,0.006,252.5,2.176,211.3,9.63,-2.509,5.352,0.406,0.18,7.101,3.94
"2020-12-27 01:10:00",153589,-0.39,89.7,0,0.006,252.4,2.064,209.6,10.07,-2.436,5.33,0.406,0.18,7.089,3.87
"2020-12-27 01:20:00",153590,-0.316,89.2,0,0,252.1,2.116,212.4,11.14,-2.394,5.31,0.406,0.18,7.085,3.44
"2020-12-27 01:30:00",153591,-0.334,89.1,0,0.022,252,2.185,212.7,11.07,-2.374,5.29,0.406,0.18,7.079,3.92
"2020-12-27 01:40:00",153592,-0.383,89,0,0.006,251.9,2.099,211.6,10.84,-2.45,5.272,0.406,0.18,7.071,3.63
"2020-12-27 01:50:00",153593,-0.445,89.1,0,0.006,251.9,2.003,208.8,10.92,-2.46,5.251,0.407,0.18,7.069,3.69
"2020-12-27 02:00:00",153594,-0.52,89.5,0,0.006,251.9,2.131,205.1,9.93,-2.526,5.235,0.407,0.18,7.059,4.04
"2020-12-27 02:10:00",153595,-0.459,89.4,0,0.011,251.8,2.238,207.6,12.43,-2.42,5.215,0.407,0.18,7.055,4.2
"2020-12-27 02:20:00",153596,-0.397,89.6,0,0.011,251.9,2.381,206.1,12.84,-2.332,5.197,0.406,0.18,7.046,4.07
"2020-12-27 02:30:00",153597,-0.292,89.5,0,0,251.8,2.499,203.3,13.68,-2.233,5.179,0.406,0.18,7.042,5.02
"2020-12-27 02:40:00",153598,-0.014,88.4,0,0.017,251.8,2.91,196.1,11.05,-1.936,5.162,0.406,0.18,7.034,4.78
"2020-12-27 02:50:00",153599,0.055,88.4,0,0.011,251.8,3.144,201.4,12.09,-1.809,5.146,0.406,0.18,7.021,6.23
"2020-12-27 03:00:00",153600,0.172,88.3,0,0.028,251.8,3.491,191.5,13.6,-1.668,5.13,0.406,0.18,7.02,6.34
"2020-12-27 03:10:00",153601,0.229,88,0,0,251.8,3.293,195.9,13.15,-1.614,5.109,0.406,0.18,7.01,5.97
"2020-12-27 03:20:00",153602,0.428,87.1,0,0.017,251.8,4.14,189.1,12.05,-1.414,5.092,0.406,0.18,7.006,7.19
"2020-12-27 03:30:00",153603,0.466,86.2,0,0.011,251.8,3.683,199.3,12.54,-1.332,5.075,0.406,0.179,6.994,6.74
"2020-12-27 03:40:00",153604,0.432,86.3,0,0.017,251.8,3.741,204.4,15.42,-1.364,5.058,0.406,0.179,6.988,6.18
"2020-12-27 03:50:00",153605,0.362,86.5,0,0,251.8,3.437,213.3,14.82,-1.443,5.045,0.406,0.179,6.982,6.1
"2020-12-27 04:00:00",153606,0.445,85.9,0,0.028,251.8,4.072,218.7,12.6,-1.368,5.028,0.406,0.18,6.975,7.19
"2020-12-27 04:10:00",153607,0.485,85.8,0,0.039,251.8,4.191,228.6,10.75,-1.323,5.01,0.406,0.179,6.965,6.34
"2020-12-27 04:20:00",153608,0.319,86.8,0,0.028,251.8,3.792,224.4,11.7,-1.44,4.994,0.406,0.179,6.964,5.54
"2020-12-27 04:30:00",153609,0.216,87.1,0,0.022,251.8,3.678,219.4,11.71,-1.528,4.979,0.406,0.179,6.951,5.45
"2020-12-27 04:40:00",153610,0.17,87.1,0,0.017,251.8,3.373,210.4,11.94,-1.602,4.964,0.406,0.179,6.941,6.14
"2020-12-27 04:50:00",153611,0.258,86.1,0,0.006,251.8,3.125,203.8,10.45,-1.544,4.948,0.406,0.179,6.934,4.85
"2020-12-27 05:00:00",153612,0.211,86.5,0,0.006,251.8,2.969,208.2,10.88,-1.627,4.935,0.406,0.179,6.928,7.37
"2020-12-27 05:10:00",153613,0.282,86.1,0,0.017,251.8,3.163,202,11.83,-1.552,4.917,0.406,0.179,6.92,6.48
"2020-12-27 05:20:00",153614,0.43,85.3,0,0.006,251.8,3.614,208.1,11.8,-1.402,4.901,0.406,0.179,6.913,6
"2020-12-27 05:30:00",153615,0.605,84.3,0,0.022,251.8,4.091,204.8,12.08,-1.206,4.887,0.406,0.179,6.904,7.53
"2020-12-27 05:40:00",153616,0.665,84.1,0,0.017,251.7,4.019,205.3,13.19,-1.14,4.875,0.406,0.179,6.897,6.55
"2020-12-27 05:50:00",153617,0.872,82.7,0,0.011,251.2,4.387,200.9,12.97,-0.923,4.862,0.406,0.178,6.888,7.85
"2020-12-27 06:00:00",153618,0.91,82.3,0,0.006,251.1,4.291,204.5,14.07,-0.855,4.846,0.406,0.178,6.879,7.15
"2020-12-27 06:10:00",153619,0.922,82.1,0,0.011,251.1,3.987,212.9,15.07,-0.87,4.832,0.406,0.178,6.873,7.18
"2020-12-27 06:20:00",153620,0.958,81.5,0,0.022,251.1,3.749,209.5,13.59,-0.838,4.819,0.406,0.178,6.862,6.65
"2020-12-27 06:30:00",153621,0.973,81.2,0,0.05,251.1,3.806,202.5,14.71,-0.841,4.802,0.406,0.178,6.851,8.17
"2020-12-27 06:40:00",153622,0.884,81.6,0,0.045,251.1,3.468,204.9,15.36,-0.921,4.79,0.406,0.178,6.849,6.42
"2020-12-27 06:50:00",153623,0.879,81.5,0,0.017,251.1,3.665,202.8,12.17,-0.921,4.779,0.406,0.178,6.844,5.68
"2020-12-27 07:00:00",153624,0.949,81.1,0,0.028,251.1,4.748,200.1,13.27,-0.83,4.765,0.406,0.178,6.834,7.32
"2020-12-27 07:10:00",153625,0.981,80.6,0,0.017,251.1,4.302,208,9.61,-0.772,4.752,0.406,0.178,6.818,7.93
"2020-12-27 07:20:00",153626,0.88,81.3,0,0.034,251.1,4.032,207.6,10.69,-0.885,4.741,0.406,0.178,6.819,5.77
"2020-12-27 07:30:00",153627,0.839,81.5,0,0.056,251.1,4.031,206.8,10.69,-0.935,4.727,0.406,0.178,6.81,6.14
"2020-12-27 07:40:00",153628,0.807,81.7,0,0.034,251.1,3.839,209.8,9.92,-0.971,4.716,0.406,0.178,6.803,6.37
"2020-12-27 07:50:00",153629,0.776,81.7,0,0.028,251.1,3.361,207,15.61,-1.051,4.704,0.406,0.178,6.79,5.67
"2020-12-27 08:00:00",153630,0.849,81,0,0.028,251.1,3.903,210.3,14.8,-0.973,4.697,0.406,0.177,6.782,7.17
"2020-12-27 08:10:00",153631,0.87,80.7,0,1.801,251.1,3.759,213.9,14.71,-0.949,4.683,0.406,0.178,6.776,6.87
"2020-12-27 08:20:00",153632,0.972,79.81,0,4.492,251.1,4.242,216.9,14.12,-0.864,4.673,0.406,0.177,6.769,6.6
"2020-12-27 08:30:00",153633,1,79.37,0,3.983,251.1,4.473,208.7,14.59,-0.811,4.663,0.406,0.177,6.761,8.91
"2020-12-27 08:40:00",153634,1.087,78.89,0,8.25,251.1,4.03,212,14.42,-0.706,4.649,0.406,0.177,6.752,7.4
"2020-12-27 08:50:00",153635,1.001,79.94,0,14.82,251.1,3.485,207.6,14.87,-0.782,4.641,0.406,0.177,6.746,7.26
"2020-12-27 09:00:00",153636,1.08,79.87,0,22.07,251.1,3.648,212.1,17.81,-0.672,4.629,0.406,0.177,6.734,6.72
"2020-12-27 09:10:00",153637,1.219,79.38,0,28.87,251.1,4.357,210.8,15.62,-0.478,4.616,0.406,0.177,6.725,7.69
"2020-12-27 09:20:00",153638,1.389,78.6,0,33.8,251.1,4.847,200.8,14.04,-0.255,4.605,0.406,0.177,6.721,7.79
"2020-12-27 09:30:00",153639,1.499,78.01,0,46.11,251.1,4.952,193.9,11.69,-0.141,4.593,0.406,0.177,6.711,7.32
"2020-12-27 09:40:00",153640,1.547,78.26,0,55.79,251.1,4.306,198,11.38,-0.083,4.586,0.406,0.177,6.709,8.26
"2020-12-27 09:50:00",153641,1.604,78.74,0,62.97,251.1,3.567,202.3,12.36,-0.007,4.581,0.406,0.177,6.697,7.01
"2020-12-27 10:00:00",153642,1.787,78.35,0,69.34,251.1,3.979,206.1,16.15,0.202,4.571,0.405,0.177,6.688,5.8
"2020-12-27 10:10:00",153643,2.033,76.63,0,74.25,251.1,4.359,209.3,14.59,0.447,4.565,0.405,0.177,6.68,6.91
"2020-12-27 10:20:00",153644,2.188,75.98,0,85.8,251,4.013,206.2,13.51,0.606,4.561,0.405,0.177,6.674,7.4
"2020-12-27 10:30:00",153645,2.392,74.94,0,88.7,251,3.981,204,15.96,0.818,4.557,0.405,0.177,6.664,7.23
"2020-12-27 10:40:00",153646,2.526,74.82,0,94.9,251,4.084,210.4,12.98,0.979,4.552,0.405,0.177,6.658,7.63
"2020-12-27 10:50:00",153647,2.727,73.99,0,99.3,251,4.063,204.7,9.99,1.193,4.55,0.405,0.177,6.644,6.7
"2020-12-27 11:00:00",153648,2.916,73.17,0,102.5,250.8,4.013,201.3,13.03,1.414,4.546,0.405,0.177,6.639,8.37
"2020-12-27 11:10:00",153649,3.105,72.6,0,97.5,250.6,4.034,200.7,12.84,1.627,4.543,0.405,0.176,6.629,6.58
"2020-12-27 11:20:00",153650,3.147,73.37,0,96.8,250.6,4.027,209.4,15.61,1.7,4.54,0.405,0.176,6.623,6.54
"2020-12-27 11:30:00",153651,3.237,73.53,0,97.8,250.7,3.721,206.5,12.92,1.83,4.542,0.405,0.176,6.62,5.66
"2020-12-27 11:40:00",153652,3.343,74.21,0,97.3,250.8,3.711,209.3,12.57,1.958,4.548,0.405,0.176,6.605,7.21
"2020-12-27 11:50:00",153653,3.515,73.95,0,100.8,250.8,3.757,201.6,13.37,2.135,4.552,0.406,0.176,6.601,6.51
"2020-12-27 12:00:00",153654,3.694,74.05,0,97.4,250.8,3.302,208.2,16.01,2.341,4.555,0.405,0.176,6.592,5.36
"2020-12-27 12:10:00",153655,3.786,74.47,0,97.6,250.8,3.386,208.9,15.26,2.462,4.564,0.405,0.177,6.584,5.5
"2020-12-27 12:20:00",153656,3.963,74.71,0,101.9,250.9,3.442,214.5,11.97,2.655,4.573,0.405,0.176,6.579,5.57
"2020-12-27 12:30:00",153657,4.186,74.41,0,100.3,250.9,3.555,209.8,11.62,2.882,4.587,0.405,0.176,6.573,5.54
"2020-12-27 12:40:00",153658,4.358,74.31,0,86.8,250.9,3.263,210.7,11.41,3.055,4.602,0.405,0.176,6.565,5.75
"2020-12-27 12:50:00",153659,4.518,74.6,0,79.34,250.9,3.098,207.1,14.91,3.198,4.621,0.405,0.176,6.556,5.7
"2020-12-27 13:00:00",153660,4.675,74.06,0,74.51,250.9,3.001,215.5,10.89,3.31,4.639,0.405,0.176,6.553,4.45
"2020-12-27 13:10:00",153661,4.732,74.26,0,70.12,250.9,2.437,209.4,14.45,3.304,4.659,0.405,0.176,6.542,4.56
"2020-12-27 13:20:00",153662,4.798,74.13,0,59.82,250.9,2.486,212.4,9.62,3.302,4.678,0.405,0.176,6.539,4.2
"2020-12-27 13:30:00",153663,4.91,74.11,0,61.43,250.9,2.609,207.1,12.13,3.393,4.699,0.405,0.176,6.531,4.3
"2020-12-27 13:40:00",153664,5.011,74.34,0,62.09,250.9,2.569,212.1,11.95,3.51,4.721,0.405,0.176,6.523,3.68
"2020-12-27 13:50:00",153665,5.122,74.57,0,58.81,250.9,2.445,209.2,15.49,3.628,4.743,0.405,0.176,6.521,4.19
"2020-12-27 14:00:00",153666,5.302,74.13,0,53.41,250.9,2.521,202.1,17.62,3.771,4.764,0.405,0.176,6.516,4.29
"2020-12-27 14:10:00",153667,5.439,74.62,0,52.08,250.9,2.347,195.3,14.3,3.905,4.789,0.405,0.176,6.511,3.64
"2020-12-27 14:20:00",153668,5.493,75.06,0,47.69,250.9,1.911,206.6,14.16,3.955,4.813,0.405,0.176,6.501,3.07
"2020-12-27 14:30:00",153669,5.526,74.77,0,36.61,250.9,1.7,209,16.36,3.934,4.836,0.405,0.176,6.497,2.94
"2020-12-27 14:40:00",153670,5.578,74.23,0,30.51,250.8,1.838,199.2,13.57,3.923,4.861,0.405,0.176,6.491,3.07
"2020-12-27 14:50:00",153671,5.558,74.82,0,29.18,250.8,1.865,213.9,12.68,3.912,4.883,0.405,0.176,6.485,2.54
"2020-12-27 15:00:00",153672,5.681,74.13,0,25.73,250.8,2.26,216.5,21.99,4.004,4.905,0.405,0.176,6.484,4.45
"2020-12-27 15:10:00",153673,5.912,72.11,0,21.44,250.8,3.325,216.1,16.27,4.206,4.927,0.405,0.175,6.478,4.98
"2020-12-27 15:20:00",153674,6.068,69.82,0,17.99,250.6,3.043,216.3,13.78,4.325,4.951,0.405,0.175,6.475,5.05
"2020-12-27 15:30:00",153675,6.3,64.24,0,13.63,250.1,3.164,206.9,16.76,4.474,4.974,0.405,0.175,6.47,4.82
"2020-12-27 15:40:00",153676,6.584,57.01,0,10.3,250.1,3.764,203,12.83,4.713,4.997,0.405,0.175,6.466,5.69
"2020-12-27 15:50:00",153677,6.707,54.58,0,10.73,250.1,3.661,200.1,13.86,4.789,5.016,0.405,0.175,6.462,6.04
"2020-12-27 16:00:00",153678,6.721,53.06,0,9.62,249.9,4.183,194.3,12.84,4.804,5.034,0.405,0.175,6.458,6.9
"2020-12-27 16:10:00",153679,6.756,52.31,0,6.087,249.5,3.976,191.8,13.83,4.798,5.05,0.405,0.175,6.457,6.7
"2020-12-27 16:20:00",153680,6.683,52.4,0,3.259,249.4,3.84,197.8,14.42,4.809,5.065,0.405,0.175,6.457,6.08
"2020-12-27 16:30:00",153681,6.769,49.98,0,1.157,249.4,3.97,200,13.49,4.884,5.076,0.405,0.175,6.454,5.84
"2020-12-27 16:40:00",153682,6.935,48.49,0,0.598,249.4,4.644,206.1,14.86,5.052,5.087,0.405,0.175,6.451,8.71
"2020-12-27 16:50:00",153683,7.117,47.87,0,0.47,249.4,4.685,203.3,13.76,5.203,5.094,0.405,0.175,6.451,8.54
"2020-12-27 17:00:00",153684,7.282,47.79,0,0.168,249.4,5.253,205,17.1,5.357,5.101,0.405,0.175,6.447,9.77
"2020-12-27 17:10:00",153685,7.503,49.38,0,0.168,249.4,5.279,206.4,14.41,5.615,5.105,0.405,0.175,6.448,8.54
"2020-12-27 17:20:00",153686,7.651,52.22,0,0.117,249.4,7.525,206.5,14.21,5.817,5.111,0.405,0.175,6.444,14.35
"2020-12-27 17:30:00",153687,7.545,52.4,0,0.123,249.4,6.303,210,13.47,5.752,5.115,0.405,0.175,6.444,11
"2020-12-27 17:40:00",153688,7.439,51.19,0,0.117,249.4,5.618,206.2,14.49,5.587,5.115,0.405,0.174,6.437,8.99
"2020-12-27 17:50:00",153689,7.561,53.25,0,0.129,249.4,5.069,204.8,15.65,5.726,5.115,0.405,0.174,6.44,9.72
"2020-12-27 18:00:00",153690,7.823,56.29,0,0.106,249.4,5.316,205.7,11.97,6.017,5.118,0.405,0.174,6.441,11.37
"2020-12-27 18:10:00",153691,7.986,58.36,0,0.129,249.4,5.35,205.5,14.1,6.233,5.12,0.405,0.174,6.438,11.1
"2020-12-27 18:20:00",153692,8.01,59.96,0,0.112,251.4,5.499,202,14.77,6.222,5.127,0.405,0.174,6.436,9.88
"2020-12-27 18:30:00",153693,8.05,61.03,0,0.145,251.6,5.891,206.8,13.63,6.263,5.133,0.405,0.174,6.441,11.12
"2020-12-27 18:40:00",153694,8.29,59.64,0,0.117,249.7,6.608,212.3,15.84,6.531,5.14,0.405,0.174,6.44,10.82
"2020-12-27 18:50:00",153695,8.32,60.82,0,0.117,249.6,6.652,214.8,12.83,6.589,5.15,0.404,0.174,6.435,11.8
"2020-12-27 19:00:00",153696,8.34,63.34,0,0.106,250,5.996,204.1,13.45,6.612,5.164,0.404,0.174,6.435,10.45
"2020-12-27 19:10:00",153697,8.24,63.51,0,0.14,250,5.308,202.1,14.47,6.493,5.171,0.404,0.174,6.429,8.78
"2020-12-27 19:20:00",153698,8.17,62.08,0,0.112,250,4.836,199.3,12.12,6.414,5.183,0.404,0.174,6.433,8.08
"2020-12-27 19:30:00",153699,8.41,62.6,0,0.106,250,5.168,204.2,14.28,6.635,5.198,0.404,0.174,6.439,10.5
"2020-12-27 19:40:00",153700,8.49,63.67,0,0.123,250,4.938,199.6,12.98,6.7,5.211,0.404,0.174,6.431,7.2
"2020-12-27 19:50:00",153701,8.57,64,0,0.14,250,4.38,200,13.03,6.774,5.225,0.405,0.174,6.434,7.02
"2020-12-27 20:00:00",153702,9.31,61.87,0,0.123,250,6.312,205.6,12.25,7.475,5.241,0.404,0.174,6.431,12.52
"2020-12-27 20:10:00",153703,9.66,61.25,0,0.112,250,6.73,210.8,14.18,7.912,5.256,0.404,0.174,6.43,14.28
"2020-12-27 20:20:00",153704,9.72,61.4,0,0.134,250,7.117,212.3,12.8,7.998,5.273,0.404,0.174,6.433,12.14
"2020-12-27 20:30:00",153705,9.63,62.08,0,0.123,250,5.704,211.1,15,7.907,5.293,0.404,0.174,6.428,10.2
"2020-12-27 20:40:00",153706,9.65,62.13,0,0.134,250,6.115,216.1,13.56,7.926,5.31,0.404,0.173,6.432,9.76
"2020-12-27 20:50:00",153707,9.64,62.65,0,0.128,254.6,5.96,213.3,13.3,7.9,5.327,0.404,0.174,6.432,9.43
"2020-12-27 21:00:00",153708,9.34,65.3,0,0.112,258,6.064,210,14.11,7.437,5.346,0.404,0.173,6.429,9.94
"2020-12-27 21:10:00",153709,9.3,65.8,0,0.117,252,6.176,207.2,13.53,7.421,5.366,0.404,0.173,6.429,10.6
"2020-12-27 21:20:00",153710,9.19,66.16,0,0.134,250,5.302,214.8,14.08,7.408,5.388,0.404,0.173,6.43,8.73
"2020-12-27 21:30:00",153711,9.13,66.62,0,0.123,250,5.337,211.2,14.56,7.383,5.407,0.404,0.173,6.432,9.21
"2020-12-27 21:40:00",153712,9.15,66.78,0,0.112,250,5.457,210.7,16.25,7.437,5.425,0.404,0.173,6.431,9.76
"2020-12-27 21:50:00",153713,9.08,67.72,0,0.112,250.5,5.68,210.2,13.73,7.394,5.448,0.404,0.173,6.431,9
"2020-12-27 22:00:00",153714,8.98,68.86,0,0.117,250.3,6.118,208.4,17.55,7.324,5.467,0.404,0.173,6.434,10.57
"2020-12-27 22:10:00",153715,8.77,71.1,0,0.117,250.1,6.491,205.5,12.51,7.109,5.485,0.404,0.173,6.437,10.97
"2020-12-27 22:20:00",153716,8.61,72.61,0,0.095,250,6.225,211.3,14.08,6.996,5.505,0.404,0.173,6.432,11.38
"2020-12-27 22:30:00",153717,8.42,73.98,0,0.134,250,5.376,203,12.27,6.817,5.524,0.404,0.173,6.431,9.6
"2020-12-27 22:40:00",153718,8.35,74.73,0,0.128,250,5.148,205.3,14.89,6.737,5.54,0.404,0.173,6.435,9.23
"2020-12-27 22:50:00",153719,8.33,75.22,0,0.123,250,4.679,201.2,14.53,6.704,5.559,0.404,0.173,6.436,8
"2020-12-27 23:00:00",153720,8.43,74.76,0,0.101,250,6.235,209.5,14.85,6.803,5.58,0.404,0.173,6.438,12.12
"2020-12-27 23:10:00",153721,8.64,73.37,0,0.101,250,6.733,211,13.27,7.023,5.597,0.404,0.173,6.442,12.48
"2020-12-27 23:20:00",153722,8.63,73.02,0,0.106,250,7.826,212.5,13.78,7.046,5.616,0.404,0.173,6.443,14.83
"2020-12-27 23:30:00",153723,8.61,72.89,0,0.101,250,7.868,214.2,12.98,7.001,5.635,0.404,0.173,6.441,13.14
"2020-12-27 23:40:00",153724,8.54,73.02,0,0.129,250,7.064,216.7,12.45,6.938,5.651,0.404,0.173,6.445,11.45
"2020-12-27 23:50:00",153725,8.52,72.45,0,0.129,250,7.529,214.5,11.86,6.929,5.664,0.404,0.173,6.446,13.31
"2020-12-28 00:00:00",153726,8.49,72.07,0,0.089,250,7.269,214.3,12.49,6.908,5.682,0.404,0.173,6.452,14.37
"2020-12-28 00:10:00",153727,8.4,72.09,0,0.117,250,7.277,216.8,13.66,6.844,5.694,0.404,0.173,6.449,10.68
"2020-12-28 00:20:00",153728,8.27,72.61,0,0.129,250,6.872,216.7,12.95,6.718,5.708,0.404,0.173,6.452,12.63
"2020-12-28 00:30:00",153729,8.17,72.8,0,0.117,250,7.106,215.6,16.7,6.616,5.723,0.404,0.173,6.455,11.19
"2020-12-28 00:40:00",153730,8.04,73.33,0,0.14,250,7.147,214.7,12.32,6.488,5.734,0.404,0.173,6.462,11.66
"2020-12-28 00:50:00",153731,7.932,73.9,0,0.117,250,6.652,220.7,11.86,6.396,5.744,0.404,0.173,6.461,9.77
"2020-12-28 01:00:00",153732,7.84,74.6,0,0.101,250.1,5.654,214.8,11.59,6.297,5.758,0.404,0.173,6.463,10.15
"2020-12-28 01:10:00",153733,7.758,75.49,0,0.117,259.5,6.008,214.9,14.01,6.194,5.765,0.404,0.173,6.466,10.35
"2020-12-28 01:20:00",153734,7.559,77.61,0,0.106,297.1,5.849,208.4,15.56,5.841,5.773,0.404,0.173,6.47,12.26
"2020-12-28 01:30:00",153735,7.512,78.11,0,0.112,283.3,6.104,210.2,13.4,5.738,5.782,0.404,0.172,6.471,10.1
"2020-12-28 01:40:00",153736,7.51,77.92,0,0.112,251.5,5.87,212,13.94,5.765,5.792,0.404,0.172,6.476,10.28
"2020-12-28 01:50:00",153737,7.619,76.73,0,0.134,251.3,7.126,212.6,14.6,5.95,5.8,0.404,0.173,6.476,10.81
"2020-12-28 02:00:00",153738,7.612,76.82,0,0.106,250.7,5.934,209.6,15.43,5.999,5.808,0.404,0.173,6.482,9.37
"2020-12-28 02:10:00",153739,7.588,76.81,0,0.123,250.7,5.734,208.8,12.63,5.997,5.814,0.404,0.173,6.484,8.44
"2020-12-28 02:20:00",153740,7.502,77.5,0,0.095,250.7,4.45,211.3,13.92,5.913,5.821,0.404,0.173,6.489,8.71
"2020-12-28 02:30:00",153741,7.57,77.1,0,0.078,250.7,5.22,207.9,12.89,5.995,5.829,0.404,0.172,6.493,10.96
"2020-12-28 02:40:00",153742,7.522,77.62,0,0.117,267.6,4.312,204.7,15.85,5.916,5.836,0.404,0.172,6.495,7.64
"2020-12-28 02:50:00",153743,7.35,79.25,0,0.112,315.7,4.904,212.5,14.66,5.603,5.84,0.404,0.172,6.494,8.87
"2020-12-28 03:00:00",153744,7.285,80,0,0.112,294,4.077,207.7,17.01,5.522,5.847,0.404,0.172,6.493,6.71
"2020-12-28 03:10:00",153745,7.152,81.2,0,0.101,352,4.154,206.6,15.32,5.352,5.85,0.404,0.172,6.503,8.07
"2020-12-28 03:20:00",153746,7.126,81.5,0,0.112,349.7,3.876,212.3,14.15,5.287,5.857,0.404,0.173,6.509,7.04
"2020-12-28 03:30:00",153747,7.238,80.3,0,0.134,271.3,4.059,214.5,11.03,5.406,5.863,0.404,0.172,6.508,6.34
"2020-12-28 03:40:00",153748,7.296,80,0,0.117,297.7,4.12,215.7,14.4,5.521,5.869,0.404,0.173,6.516,7.02
"2020-12-28 03:50:00",153749,7.183,81.2,0,0.117,338.7,4.004,218.7,11.26,5.377,5.874,0.404,0.173,6.512,6.2
"2020-12-28 04:00:00",153750,7.146,81.3,0,0.095,292.4,3.392,217.7,13.15,5.342,5.88,0.404,0.173,6.518,5.71
"2020-12-28 04:10:00",153751,7.227,80.6,0,0.129,256.1,4.37,215.2,12.81,5.433,5.884,0.404,0.173,6.527,7.29
"2020-12-28 04:20:00",153752,7.244,80.4,0,0.129,251.2,3.883,215.9,12.23,5.487,5.89,0.404,0.173,6.523,6.31
"2020-12-28 04:30:00",153753,7.228,80.3,0,0.101,251.3,3.46,210.4,13.12,5.503,5.896,0.404,0.173,6.53,6.33
"2020-12-28 04:40:00",153754,7.129,80.9,0,0.106,255.8,3.29,219.8,9.99,5.428,5.903,0.404,0.173,6.529,5.25
"2020-12-28 04:50:00",153755,7.062,81.2,0,0.129,250.8,3.174,215,10.73,5.367,5.908,0.404,0.173,6.534,5.43
"2020-12-28 05:00:00",153756,7,81.4,0,0.106,250.8,3.169,220.2,12.64,5.349,5.915,0.404,0.173,6.543,5.28
"2020-12-28 05:10:00",153757,6.942,82,0,0.134,250.7,3.463,225.2,8.89,5.315,5.917,0.404,0.173,6.541,5.57
"2020-12-28 05:20:00",153758,6.816,83,0,0.106,250.8,2.994,229.6,10.57,5.215,5.924,0.404,0.173,6.541,5.24
"2020-12-28 05:30:00",153759,6.803,82.9,0,0.123,250.8,3.166,222.2,12.75,5.193,5.929,0.404,0.173,6.545,5.17
"2020-12-28 05:40:00",153760,6.769,82.9,0,0.084,250.8,2.517,212.9,14.69,5.167,5.934,0.404,0.173,6.552,4.35
"2020-12-28 05:50:00",153761,6.717,83.4,0,0.106,251.6,2.13,205.1,14.74,5.067,5.936,0.404,0.173,6.556,3.83
"2020-12-28 06:00:00",153762,6.712,83.9,0,0.117,251.5,2.412,197.6,15.51,5.077,5.94,0.404,0.173,6.557,4.81
"2020-12-28 06:10:00",153763,6.613,85.6,0,0.117,262.7,2.671,200,13.56,5.025,5.944,0.404,0.173,6.56,4.6
"2020-12-28 06:20:00",153764,6.52,86.7,0,0.106,253.5,2.72,200.4,12.85,4.893,5.948,0.404,0.173,6.563,4.7
"2020-12-28 06:30:00",153765,6.502,86.2,0,0.089,251.5,2.364,199.9,14.61,4.825,5.954,0.404,0.173,6.567,4.07
"2020-12-28 06:40:00",153766,6.605,85,0,0.089,251.5,3.029,214.5,12.07,4.951,5.958,0.404,0.173,6.568,4.27
"2020-12-28 06:50:00",153767,6.619,84.2,0,0.151,253,3.346,212.8,15.08,5.016,5.962,0.404,0.173,6.571,5.94
"2020-12-28 07:00:00",153768,6.556,84.2,0,0.095,251.9,2.975,215.7,15.38,4.937,5.966,0.404,0.173,6.574,4.85
"2020-12-28 07:10:00",153769,6.45,84.7,0,0.112,257.5,3.303,205.6,15.86,4.811,5.967,0.403,0.173,6.578,6.43
"2020-12-28 07:20:00",153770,6.143,87.4,0,0.117,411.3,2.869,208.5,14.92,4.505,5.971,0.403,0.173,6.577,5.26
"2020-12-28 07:30:00",153771,6.033,88.6,0,0.112,366.9,2.429,208.5,14.52,4.39,5.976,0.403,0.173,6.583,3.73
"2020-12-28 07:40:00",153772,5.958,89.1,0,0.117,449.2,2.077,192.9,11.72,4.277,5.981,0.403,0.173,6.587,3.53
"2020-12-28 07:50:00",153773,5.945,89.2,0,0.151,467,2.757,203.8,13.42,4.245,5.984,0.403,0.173,6.591,4.4
"2020-12-28 08:00:00",153774,6.111,87.2,0,0.145,390.7,2.35,207.7,11.68,4.357,5.989,0.403,0.173,6.59,4.03
"2020-12-28 08:10:00",153775,5.969,87.8,0,0.33,371.3,1.452,201.5,14.65,4.187,5.994,0.403,0.173,6.592,2.42
"2020-12-28 08:20:00",153776,5.959,87.5,0,0.732,356.5,1.628,211,14.19,4.127,5.996,0.403,0.173,6.595,2.85
"2020-12-28 08:30:00",153777,5.907,87.6,0,1.358,341.3,1.003,197.5,14.72,4.043,5.998,0.403,0.173,6.597,1.58
"2020-12-28 08:40:00",153778,5.747,88.8,0,2.001,329.9,0.897,214,14.48,3.794,5.999,0.403,0.173,6.598,1.58
"2020-12-28 08:50:00",153779,5.622,89.6,0,6.998,316.3,0.899,205.9,12.18,3.563,5.999,0.403,0.173,6.606,1.8
"2020-12-28 09:00:00",153780,5.886,88.3,0,12.77,291.7,1.175,186.5,15.79,3.926,5.998,0.403,0.173,6.608,1.95
"2020-12-28 09:10:00",153781,5.81,88.8,0,14.76,271,0.812,184.1,18.78,4.027,5.999,0.403,0.173,6.61,1.26
"2020-12-28 09:20:00",153782,5.862,88.5,0,23.49,255.5,0.774,193.3,15.69,4.094,6.002,0.403,0.173,6.614,1.47
"2020-12-28 09:30:00",153783,5.973,87.8,0,16.03,251.5,1.193,217,17.17,4.253,6.004,0.403,0.173,6.614,1.83
"2020-12-28 09:40:00",153784,6.022,87.2,0,17.53,251.5,0.871,222.3,22,4.317,6.006,0.403,0.173,6.621,1.39
"2020-12-28 09:50:00",153785,6.113,87.2,0,37.73,251.5,0.801,190.2,20.93,4.481,6.005,0.403,0.173,6.62,1.48
"2020-12-28 10:00:00",153786,6.638,84.1,0,43.87,251.6,1.348,194.9,12.33,5.1,6.011,0.403,0.173,6.624,2.26
"2020-12-28 10:10:00",153787,6.843,83.3,0,40.98,251.2,1.361,190.4,13.88,5.405,6.014,0.403,0.173,6.625,2.23
"2020-12-28 10:20:00",153788,7.091,82.1,0,37.2,251,1.853,185.3,13.22,5.601,6.023,0.403,0.173,6.627,3.74
"2020-12-28 10:30:00",153789,7.375,79.74,0,47.78,250.8,2.619,195.1,12.15,5.834,6.032,0.403,0.173,6.631,4.11
"2020-12-28 10:40:00",153790,7.507,79.25,0,65.83,250.8,2.748,191.1,13.81,6.023,6.043,0.403,0.173,6.63,4.94
"2020-12-28 10:50:00",153791,7.607,78.84,0,83.1,250.8,2.337,189.5,11.51,6.252,6.049,0.403,0.173,6.633,3.69
"2020-12-28 11:00:00",153792,7.609,78.58,0,77.37,250.8,2.217,193.8,13.32,6.236,6.06,0.403,0.173,6.638,3.4
"2020-12-28 11:10:00",153793,7.667,78.49,0,68.26,250.9,2.077,195.8,10.21,6.278,6.071,0.403,0.173,6.635,3.57
"2020-12-28 11:20:00",153794,7.719,78.24,0,65.71,250.8,1.871,193.5,11.48,6.307,6.086,0.403,0.174,6.637,3.24
"2020-12-28 11:30:00",153795,7.741,77.86,0,47.85,251.6,1.613,194.6,14.06,6.294,6.102,0.403,0.173,6.647,2.59
"2020-12-28 11:40:00",153796,7.725,78,0,48.42,290,1.327,211,16.86,6.256,6.119,0.404,0.174,6.643,2.77
"2020-12-28 11:50:00",153797,7.573,80.4,0,36.34,301.9,1.424,231.1,8.62,6.097,6.134,0.403,0.174,6.648,1.98
"2020-12-28 12:00:00",153798,7.258,84.6,0,43.81,364.5,1.661,234.2,7.391,5.833,6.152,0.403,0.174,6.645,2.34
"2020-12-28 12:10:00",153799,7.166,84.7,0,17.12,329.7,1.249,254.3,30.68,5.652,6.168,0.403,0.174,6.653,6.17
"2020-12-28 12:20:00",153800,6.057,88.9,0.2,13.69,663.7,2.235,262.7,29.28,4.742,6.185,0.403,0.174,6.655,5.92
"2020-12-28 12:30:00",153801,5.13,94.4,0.4,13.42,846,2.752,245.2,21.65,3.929,6.2,0.403,0.174,6.656,6.26
"2020-12-28 12:40:00",153802,5.08,95.3,0.3,21.33,808,4.73,229.1,10.42,3.806,6.215,0.404,0.174,6.654,6.99
"2020-12-28 12:50:00",153803,5.217,93.9,0.3,18.43,697.3,4.581,218.8,10.96,3.844,6.226,0.404,0.174,6.66,7.43
"2020-12-28 13:00:00",153804,5.271,94.7,0.1,29.16,708.9,3.518,206.4,14.5,3.94,6.235,0.404,0.174,6.661,5.08
"2020-12-28 13:10:00",153805,5.287,95,0.1,29.66,729.1,3.834,210.8,11.71,3.985,6.245,0.404,0.174,6.666,6.79
"2020-12-28 13:20:00",153806,5.33,94.2,0,54.03,762.7,4.28,207.9,12.9,4.055,6.252,0.404,0.174,6.671,6.16
"2020-12-28 13:30:00",153807,5.274,93.9,0,68.42,745.9,4.207,208.8,14.59,4.048,6.255,0.404,0.173,6.669,7.15
"2020-12-28 13:40:00",153808,5.274,92.9,0.1,88.5,712.2,4.645,203.3,17.32,4.017,6.258,0.404,0.173,6.675,7.6
"2020-12-28 13:50:00",153809,5.302,92,0,99.2,689,4.336,210.8,12.73,3.992,6.259,0.404,0.173,6.676,7.15
"2020-12-28 14:00:00",153810,5.346,91.4,0,112.9,665.8,4.62,215.8,10.67,4.033,6.26,0.404,0.173,6.675,6.83
"2020-12-28 14:10:00",153811,5.729,89.9,0,210.4,628.8,4.782,214.9,11.48,4.643,6.263,0.404,0.174,6.686,7.33
"2020-12-28 14:20:00",153812,5.807,89.2,0,141.8,589.9,4.417,213.4,12.98,4.632,6.272,0.404,0.173,6.686,8.55
"2020-12-28 14:30:00",153813,5.819,89.2,0,129.1,559.4,4.15,219.6,11.39,4.606,6.277,0.404,0.174,6.689,7.59
"2020-12-28 14:40:00",153814,5.86,88,0,116.5,525.4,4.635,210.3,13.73,4.516,6.281,0.404,0.174,6.693,7.59
"2020-12-28 14:50:00",153815,5.928,87.7,0,107.7,483.5,4.464,216.2,12.21,4.557,6.288,0.403,0.174,6.696,6.94
"2020-12-28 15:00:00",153816,5.918,87.9,0,68.79,426.8,4.035,217.6,13.32,4.5,6.296,0.403,0.174,6.701,6.05
"2020-12-28 15:10:00",153817,5.963,88,0,41.46,370.2,3.833,222.5,10.11,4.527,6.301,0.403,0.174,6.706,6.68
"2020-12-28 15:20:00",153818,5.997,87.8,0,49.24,313.8,3.708,222.5,12.08,4.554,6.31,0.403,0.173,6.702,5.71
"2020-12-28 15:30:00",153819,6.062,87.1,0,60.52,292.6,2.459,239.5,16.22,4.611,6.313,0.403,0.174,6.708,5.99
"2020-12-28 15:40:00",153820,6.092,86.8,0,84.5,259.8,3.205,226.3,14.76,4.64,6.316,0.403,0.174,6.709,6.06
"2020-12-28 15:50:00",153821,6.071,85,0,70.8,256.6,3.571,235.4,14.83,4.643,6.321,0.403,0.174,6.716,6.76
"2020-12-28 16:00:00",153822,5.882,85,0,53.8,256.4,3.795,227.1,8.64,4.383,6.331,0.403,0.174,6.718,6.44
"2020-12-28 16:10:00",153823,5.822,84,0,43.95,255.6,4.285,229.6,7.191,4.304,6.329,0.403,0.174,6.717,6.54
"2020-12-28 16:20:00",153824,5.492,86.6,0,30.24,256.6,3.374,220,9.94,3.858,6.33,0.403,0.174,6.729,4.9
"2020-12-28 16:30:00",153825,5.2,87.8,0,17.74,254.7,3.415,220.7,10.34,3.479,6.332,0.403,0.174,6.726,5.85
"2020-12-28 16:40:00",153826,5.266,85.8,0,7.143,251.5,3.195,209,17.03,3.471,6.333,0.403,0.174,6.732,5.24
"2020-12-28 16:50:00",153827,5.231,85.3,0,0.855,274.5,3.939,221.9,13.56,3.545,6.333,0.403,0.174,6.733,7.19
"2020-12-28 17:00:00",153828,4.941,87.3,0,0.268,296.5,3.044,195.9,13.05,3.35,6.331,0.403,0.174,6.736,5.26
"2020-12-28 17:10:00",153829,4.513,88.8,0,0.101,263.3,2.943,200.2,15.12,2.93,6.323,0.403,0.174,6.735,4.61
"2020-12-28 17:20:00",153830,4.627,87.3,0,0.101,252.4,3.277,217.2,12.44,2.996,6.314,0.403,0.174,6.743,5.33
"2020-12-28 17:30:00",153831,4.693,87,0,0.028,251.5,2.899,219.7,10.67,2.957,6.306,0.403,0.174,6.749,4.12
"2020-12-28 17:40:00",153832,4.661,87.2,0,0.05,251.5,2.415,214.6,10.14,2.977,6.295,0.404,0.174,6.747,4.14
"2020-12-28 17:50:00",153833,4.701,86.1,0,0.061,251.6,2.768,202.6,14.12,3.036,6.285,0.404,0.174,6.747,4.26
"2020-12-28 18:00:00",153834,4.541,85,0,0.056,251.6,2.636,202,13.49,2.619,6.273,0.404,0.174,6.749,4.86
"2020-12-28 18:10:00",153835,4.329,84.1,0,0.078,251.6,2.209,205.3,13.02,2.045,6.26,0.404,0.174,6.755,4.08
"2020-12-28 18:20:00",153836,4.374,81.7,0,0.067,251.5,2.552,204.4,13.73,2.065,6.249,0.404,0.174,6.755,4.6
"2020-12-28 18:30:00",153837,4.133,81.1,0,0.056,251.5,2.706,204,12.4,1.759,6.236,0.404,0.174,6.754,4.28
"2020-12-28 18:40:00",153838,3.994,80.4,0,0.101,251.1,2.287,204.6,13.44,1.53,6.223,0.404,0.174,6.758,3.83
"2020-12-28 18:50:00",153839,3.911,79.86,0,0.062,251,2.153,206.4,14.39,1.34,6.208,0.404,0.174,6.765,3.32
"2020-12-28 19:00:00",153840,3.703,80.5,0,0.056,251,1.933,193,16.15,0.936,6.191,0.404,0.174,6.769,3.05
"2020-12-28 19:10:00",153841,3.698,80.6,0,0.039,251,1.981,187.7,12.44,1.032,6.172,0.404,0.174,6.77,3.51
"2020-12-28 19:20:00",153842,3.427,81.1,0,0.022,251.1,2.121,195.5,12.26,0.809,6.149,0.404,0.174,6.773,3.71
"2020-12-28 19:30:00",153843,3.262,81.4,0,0.022,251.1,1.47,181.1,15.33,0.423,6.126,0.404,0.174,6.775,3.02
"2020-12-28 19:40:00",153844,3.116,81.7,0,0.067,251.6,1.321,184.5,14.67,0.061,6.099,0.404,0.174,6.777,2.34
"2020-12-28 19:50:00",153845,3.065,81.2,0,0.073,251.5,1.717,196.1,9.87,-0.161,6.071,0.404,0.175,6.776,2.28
"2020-12-28 20:00:00",153846,3.02,81,0,0.056,251.2,1.596,194,9.21,-0.19,6.044,0.404,0.175,6.78,2.36
"2020-12-28 20:10:00",153847,2.949,80.8,0,0.062,251.2,0.993,171.4,12.78,-0.422,6.015,0.404,0.174,6.782,1.41
"2020-12-28 20:20:00",153848,2.49,83,0,0.028,251.7,0.865,172.7,16.42,-0.786,5.987,0.404,0.174,6.782,1.26
"2020-12-28 20:30:00",153849,2.61,83.2,0,0.006,251.6,1.409,159.1,13.65,-0.459,5.961,0.404,0.174,6.782,2.09
"2020-12-28 20:40:00",153850,2.595,83,0,0,251.4,1.217,196.6,11.87,-0.243,5.937,0.404,0.174,6.784,2.04
"2020-12-28 20:50:00",153851,2.779,82.1,0,0.011,251.1,1.136,187,12.03,0.038,5.915,0.404,0.174,6.785,2
"2020-12-28 21:00:00",153852,3.175,80.5,0,0.017,251,0.922,173.1,22.12,0.49,5.888,0.404,0.175,6.784,1.65
"2020-12-28 21:10:00",153853,3.118,82.2,0,0.045,251.3,1.125,168.7,16.15,0.763,5.866,0.404,0.175,6.783,1.75
"2020-12-28 21:20:00",153854,3.866,77.39,0,0.034,251,1.818,193.9,13.16,1.529,5.844,0.404,0.175,6.777,3.07
"2020-12-28 21:30:00",153855,4.648,72.84,0,0.039,380.4,2.563,197.1,17.49,2.409,5.826,0.404,0.175,6.78,5.49
"2020-12-28 21:40:00",153856,4.95,73.81,0,0.045,386.7,2.37,195.9,19.04,2.866,5.807,0.404,0.175,6.781,3.88
"2020-12-28 21:50:00",153857,5.104,72.65,0,0.062,299.5,2.988,198.7,18.38,3.044,5.789,0.404,0.175,6.781,5.97
"2020-12-28 22:00:00",153858,4.999,73.69,0,0.067,251.9,2.365,201.7,13.09,3.041,5.774,0.404,0.175,6.781,4.4
"2020-12-28 22:10:00",153859,4.794,75.33,0,0.078,250.9,2.464,203,15.45,2.82,5.763,0.404,0.175,6.782,4.22
"2020-12-28 22:20:00",153860,4.555,77.51,0,0.095,250.9,2.044,203.9,16.16,2.639,5.754,0.404,0.175,6.78,2.88
"2020-12-28 22:30:00",153861,4.612,77.11,0,0.101,251,2.509,189.3,15.54,2.664,5.75,0.404,0.175,6.775,5.4
"2020-12-28 22:40:00",153862,4.711,77.19,0,0.089,250.9,2.737,205.7,14.93,2.707,5.74,0.404,0.175,6.776,4.38
"2020-12-28 22:50:00",153863,4.546,78.06,0,0.145,250.9,2.257,214.4,14.74,2.418,5.734,0.404,0.174,6.775,3.73
"2020-12-28 23:00:00",153864,4.414,78.67,0,0.101,250.9,2.116,210.9,12.18,2.352,5.729,0.404,0.174,6.775,3.1
"2020-12-28 23:10:00",153865,4.613,78.22,0,0.095,250.9,2.322,205.3,14.81,2.643,5.72,0.404,0.174,6.769,3.55
"2020-12-28 23:20:00",153866,5.168,75.97,0,0.101,250.9,3.517,203,14.55,3.292,5.715,0.404,0.175,6.764,6.18
"2020-12-28 23:30:00",153867,5.692,74.18,0,0.101,276.3,3.987,217.2,12.34,3.899,5.711,0.404,0.174,6.769,6.82
"2020-12-28 23:40:00",153868,5.734,76.16,0,0.101,456.2,5.189,205.1,21.47,3.853,5.701,0.404,0.174,6.765,9.57
"2020-12-28 23:50:00",153869,5.773,77.95,0,0.101,403.3,5.525,212.7,15.43,3.889,5.693,0.404,0.174,6.754,8.95
"2020-12-29 00:00:00",153870,5.698,79.42,0,0.084,344.4,4.34,220.1,10.23,3.879,5.683,0.404,0.174,6.758,6.21
"2020-12-29 00:10:00",153871,5.701,79.4,0,0.095,279.8,4.492,213.8,14.46,3.901,5.677,0.404,0.174,6.755,6.94
"2020-12-29 00:20:00",153872,5.747,79.07,0,0.112,251.4,5.833,212.4,12.37,3.961,5.673,0.404,0.174,6.748,9.84
"2020-12-29 00:30:00",153873,5.657,79.8,0,0.112,251.2,5.396,209.1,13.09,3.949,5.672,0.404,0.174,6.744,9.84
"2020-12-29 00:40:00",153874,5.523,81.7,0,0.073,251.6,5.863,211.8,13.31,3.888,5.671,0.404,0.174,6.742,9.28
"2020-12-29 00:50:00",153875,5.265,83.9,0,0.106,251.6,4.479,205.6,11.75,3.651,5.673,0.404,0.174,6.742,7.35
"2020-12-29 01:00:00",153876,5.233,84.4,0,0.073,251.6,4.796,199.9,17.71,3.594,5.673,0.404,0.174,6.745,8.81
"2020-12-29 01:10:00",153877,5.408,83.5,0,0.078,251,4.445,203,14.97,3.749,5.672,0.404,0.174,6.735,8.82
"2020-12-29 01:20:00",153878,5.434,84.1,0,0.067,270.9,4.724,207.1,14.85,3.869,5.676,0.404,0.174,6.737,7.77
"2020-12-29 01:30:00",153879,5.271,86,0,0.039,270.9,5.502,204.5,12.81,3.677,5.675,0.403,0.174,6.733,8.4
"2020-12-29 01:40:00",153880,5.136,86.7,0,0.039,251.7,5.137,206.9,13.57,3.438,5.677,0.403,0.174,6.725,8.44
"2020-12-29 01:50:00",153881,5.031,87.8,0,0.073,275.9,5.102,210.1,15.21,3.439,5.677,0.403,0.174,6.727,10.61
"2020-12-29 02:00:00",153882,4.877,89.4,0,0.078,383.7,4.731,209.9,12,3.377,5.677,0.403,0.173,6.727,8.54
"2020-12-29 02:10:00",153883,4.542,90.9,0,0.056,411.3,4.912,206.8,13.8,2.999,5.676,0.403,0.173,6.724,8.49
"2020-12-29 02:20:00",153884,4.449,90.5,0,0.067,349.6,4.633,211.8,15.61,2.851,5.677,0.403,0.173,6.716,9.69
"2020-12-29 02:30:00",153885,4.401,90.6,0,0.089,316.7,4.261,201.4,12.17,2.849,5.677,0.403,0.173,6.712,8.44
"2020-12-29 02:40:00",153886,4.212,91.7,0,0.095,285.2,3.501,201.6,14.92,2.548,5.676,0.403,0.173,6.712,5.43
"2020-12-29 02:50:00",153887,4.299,92.5,0,0.078,261.1,4.027,196,12.81,2.733,5.678,0.403,0.173,6.706,7.26
"2020-12-29 03:00:00",153888,4.455,92.7,0,0.112,256.8,4.143,201.7,18.42,2.949,5.673,0.403,0.173,6.705,6.91
"2020-12-29 03:10:00",153889,4.84,90.2,0,0.056,252,5.166,209.4,13.54,3.224,5.671,0.403,0.173,6.702,8.85
"2020-12-29 03:20:00",153890,5.17,88.2,0,0.106,263,5.398,213.3,15.35,3.549,5.666,0.403,0.173,6.703,7.91
"2020-12-29 03:30:00",153891,5.248,87.8,0,0.067,251.9,4.754,210.1,14.26,3.613,5.668,0.403,0.173,6.698,8.87
"2020-12-29 03:40:00",153892,5.307,86.9,0,0.084,253.4,5.544,202.8,15.57,3.711,5.667,0.403,0.173,6.698,12.66
"2020-12-29 03:50:00",153893,4.982,88,0,0.123,286.2,5.996,207.6,12.19,3.468,5.667,0.403,0.173,6.692,10.51
"2020-12-29 04:00:00",153894,4.683,89.6,0,0.067,261.8,4.958,207,13.68,3.169,5.665,0.403,0.173,6.694,8.26
"2020-12-29 04:10:00",153895,4.713,89.5,0,0.089,259.1,5.238,204.6,14.65,3.172,5.664,0.403,0.173,6.693,8.85
"2020-12-29 04:20:00",153896,4.878,88.7,0,0.106,251.6,5.484,207.8,14.1,3.3,5.665,0.403,0.173,6.684,10.64
"2020-12-29 04:30:00",153897,5.085,87.6,0,0.112,251.6,5.639,205.7,14.33,3.51,5.666,0.403,0.173,6.681,11.69
"2020-12-29 04:40:00",153898,5.124,87.7,0,0.073,252.8,4.674,207.3,16.18,3.575,5.666,0.403,0.173,6.685,9.45
"2020-12-29 04:50:00",153899,5.316,86.3,0,0.067,251.6,5.721,202.5,14.79,3.752,5.667,0.403,0.173,6.679,10.16
"2020-12-29 05:00:00",153900,5.381,85.4,0,0.039,251.9,5.581,207,13.87,3.833,5.664,0.403,0.173,6.678,10.31
"2020-12-29 05:10:00",153901,5.415,85,0,0.078,253.3,4.836,210.2,12.39,3.858,5.667,0.403,0.173,6.675,8.91
"2020-12-29 05:20:00",153902,5.391,85.4,0,0.101,272.5,5.446,210,11.57,3.835,5.671,0.403,0.173,6.673,8.56
"2020-12-29 05:30:00",153903,5.247,86.3,0,0.112,305.7,5.846,203.9,13.27,3.69,5.673,0.403,0.172,6.672,11.42
"2020-12-29 05:40:00",153904,5.052,87.1,0,0.112,274.8,6.22,211,10.06,3.493,5.674,0.403,0.172,6.67,13.01
"2020-12-29 05:50:00",153905,4.995,87.5,0,0.101,325.1,6.535,209.6,13.93,3.433,5.672,0.403,0.172,6.668,10.72
"2020-12-29 06:00:00",153906,4.961,88,0,0.095,343.7,5.683,213.3,12.58,3.39,5.677,0.403,0.172,6.67,10.88
"2020-12-29 06:10:00",153907,5.02,87.4,0.1,0.089,344.2,5.836,210.8,11.85,3.411,5.674,0.404,0.172,6.669,9.81
"2020-12-29 06:20:00",153908,5.093,87,0,0.117,313.3,5.819,209.2,14.27,3.465,5.675,0.404,0.172,6.658,12.3
"2020-12-29 06:30:00",153909,5.092,86.9,0,0.084,260.6,5.529,211.6,14.92,3.5,5.676,0.404,0.172,6.659,9.65
"2020-12-29 06:40:00",153910,5.073,87.2,0,0.101,252,5.258,218.9,12.5,3.508,5.677,0.404,0.173,6.662,9.36
"2020-12-29 06:50:00",153911,5.067,87.6,0,0.101,256.1,4.146,245.7,28.03,3.533,5.679,0.403,0.172,6.656,8.18
"2020-12-29 07:00:00",153912,4.019,89.8,0,0.14,279.9,1.947,285.9,22.14,2.691,5.675,0.403,0.172,6.654,4.99
"2020-12-29 07:10:00",153913,3.468,92.5,0,0.101,286.8,1.221,266.5,30.58,2.148,5.674,0.403,0.172,6.655,3.45
"2020-12-29 07:20:00",153914,3.401,93.6,0,0.089,355.4,1.826,256.4,32.78,2.069,5.675,0.403,0.172,6.652,3.81
"2020-12-29 07:30:00",153915,3.31,94.7,0.5,0.067,743.6,1.708,262.1,29.14,1.975,5.677,0.403,0.172,6.648,4.1
"2020-12-29 07:40:00",153916,2.977,96,1.2,0.117,822,3.895,235,27.35,1.579,5.678,0.404,0.172,6.647,7.4
"2020-12-29 07:50:00",153917,2.849,96.2,0.3,0.112,778,3.849,235.9,11.52,1.478,5.679,0.404,0.172,6.648,7.75
"2020-12-29 08:00:00",153918,3.149,95.4,0.1,0.129,758.8,4.144,231.2,8,1.729,5.674,0.404,0.172,6.647,6.23
"2020-12-29 08:10:00",153919,3.602,94.4,0,0.196,733,4.643,228.3,9.13,2.095,5.671,0.404,0.173,6.646,6.63
"2020-12-29 08:20:00",153920,3.817,94,0,1.264,715.9,4.79,234.1,7.234,2.324,5.661,0.404,0.172,6.64,6.99
"2020-12-29 08:30:00",153921,3.939,93.9,0,1.935,686.8,4.765,234.2,12.52,2.469,5.656,0.404,0.173,6.64,7.52
"2020-12-29 08:40:00",153922,3.958,94.8,0,3.864,686.4,4.565,226.7,8.23,2.52,5.647,0.404,0.172,6.642,6.84
"2020-12-29 08:50:00",153923,4.027,95.3,0,7.571,689.8,4.656,226.7,8.57,2.593,5.639,0.404,0.172,6.634,6.76
"2020-12-29 09:00:00",153924,4.132,94.6,0.2,7.99,683.9,5.244,225.6,9.19,2.698,5.633,0.404,0.172,6.638,8.85
"2020-12-29 09:10:00",153925,4.123,93.5,0,11.53,679,5.583,230.3,8.68,2.697,5.626,0.404,0.172,6.636,8.23
"2020-12-29 09:20:00",153926,4.074,92.9,0,19.61,675.6,4.623,234.6,8.84,2.614,5.621,0.404,0.172,6.633,7.56
"2020-12-29 09:30:00",153927,4.049,92.8,0,24.83,644.7,4.191,234,9.08,2.597,5.622,0.404,0.172,6.633,6.72
"2020-12-29 09:40:00",153928,4.011,92.6,0.1,23.56,683.7,3.816,233.8,7.112,2.574,5.62,0.404,0.172,6.629,5.37
"2020-12-29 09:50:00",153929,3.989,92,0,24.42,674.4,4.082,234.8,8.31,2.544,5.618,0.404,0.172,6.629,6.52
"2020-12-29 10:00:00",153930,3.951,91.8,0,29.6,663.6,4.142,226.4,8.52,2.523,5.619,0.404,0.172,6.626,6.53
"2020-12-29 10:10:00",153931,4.019,90.5,0,32.6,617.1,4.21,226.7,8.47,2.549,5.619,0.404,0.172,6.631,6.5
"2020-12-29 10:20:00",153932,4.032,90.5,0,43.49,593,3.355,226.1,7.755,2.575,5.621,0.404,0.172,6.627,4.7
"2020-12-29 10:30:00",153933,4.081,90.2,0,43.36,569.7,3.588,220.8,9.57,2.681,5.622,0.404,0.172,6.619,6.76
"2020-12-29 10:40:00",153934,4.204,89.4,0,91.7,542.8,3.908,224.8,9.37,2.858,5.622,0.404,0.172,6.62,5.74
"2020-12-29 10:50:00",153935,4.286,89.5,0,87.4,512.7,3.803,227.3,7.911,3.027,5.623,0.404,0.172,6.619,5.44
"2020-12-29 11:00:00",153936,4.35,88.9,0,64.46,483.9,3.848,219.4,9.41,3.076,5.635,0.404,0.172,6.619,6.65
"2020-12-29 11:10:00",153937,4.72,87.8,0,193,440.3,3.593,218.6,10.59,3.641,5.634,0.404,0.172,6.613,5.05
"2020-12-29 11:20:00",153938,5.195,85.5,0,283.9,384.3,3.869,225.6,10.28,4.452,5.636,0.404,0.172,6.619,6.02
"2020-12-29 11:30:00",153939,5.58,84.1,0,250.6,329.9,3.375,238.4,17.73,4.965,5.645,0.404,0.172,6.615,5.58
"2020-12-29 11:40:00",153940,5.272,83.7,0,143.1,285.2,2.745,239.6,21.13,4.176,5.653,0.404,0.172,6.615,5.25
"2020-12-29 11:50:00",153941,5.249,83.9,0,184.5,258,2.902,230.1,13.45,4.217,5.666,0.404,0.173,6.61,4.52
"2020-12-29 12:00:00",153942,5.293,83.4,0,122,255.3,3.251,233,14.06,4.272,5.684,0.404,0.173,6.611,4.82
"2020-12-29 12:10:00",153943,5.149,84,0,84.7,255.2,2.974,230.8,8.67,3.987,5.701,0.404,0.173,6.607,4.62
"2020-12-29 12:20:00",153944,5.132,83.1,0,90,252.6,2.839,234.1,10.26,3.945,5.72,0.404,0.173,6.604,5.05
"2020-12-29 12:30:00",153945,5.119,83.2,0,67.83,251.8,2.605,228.8,10.51,3.911,5.739,0.404,0.173,6.604,3.93
"2020-12-29 12:40:00",153946,5.096,84.1,0,52.49,258.9,3.023,228.1,14.08,3.776,5.759,0.404,0.173,6.602,5.59
"2020-12-29 12:50:00",153947,5.193,84.5,0,70.72,251.5,2.591,225.8,12.92,3.87,5.775,0.404,0.173,6.603,4.67
"2020-12-29 13:00:00",153948,5.432,83.9,0,108,251.5,2.507,222.3,11.13,4.293,5.794,0.404,0.173,6.6,3.98
"2020-12-29 13:10:00",153949,5.586,83,0,108,251.2,3.016,225.1,8.3,4.503,5.809,0.404,0.173,6.598,4.1
"2020-12-29 13:20:00",153950,5.615,83.1,0,97.3,251.1,2.563,222.4,11.43,4.474,5.824,0.404,0.173,6.601,3.98
"2020-12-29 13:30:00",153951,5.751,83.8,0,107.7,251.1,2.163,220.4,13.67,4.691,5.842,0.404,0.173,6.597,3.6
"2020-12-29 13:40:00",153952,5.776,84.6,0,77.46,251.1,2.463,217.6,16.39,4.7,5.858,0.404,0.173,6.604,3.86
"2020-12-29 13:50:00",153953,5.757,84.9,0,71.78,251.4,2.161,208,13.4,4.558,5.876,0.404,0.173,6.592,3.55
"2020-12-29 14:00:00",11548,5.683,85.2,0,68.83,2.831,252.9,7.104,"NAN",4.683,0.164
"2020-12-29 14:10:00",11549,5.653,85.8,0,44.81,2.627,249.3,8.14,"NAN",4.688,0.164
"2020-12-29 14:20:00",11550,5.636,85.8,0,35.45,2.225,248.4,9.73,"NAN",4.694,0.164
"2020-12-29 14:30:00",11551,5.594,86.1,0,35.16,1.886,242.5,8.62,"NAN",4.701,0.164
"2020-12-29 14:40:00",11552,5.591,86.6,0,23.23,1.565,246.1,10.76,"NAN",4.702,0.164
"2020-12-29 14:50:00",11553,5.49,88.1,0.1,13.71,1.412,252.7,8.37,"NAN",4.714,0.164
"2020-12-29 15:00:00",11554,5.149,92.1,0.3,13.45,1.294,249.5,12.57,"NAN",4.717,0.164
"2020-12-29 15:10:00",11555,4.997,93.7,0,13.2,0.829,217.8,8.29,"NAN",4.731,0.164
"2020-12-29 15:20:00",11556,4.983,94,0,12.79,0.562,228.7,23.28,"NAN",4.737,0.164
"2020-12-29 15:30:00",11557,5.081,93.3,0,24.03,1.092,212,15.97,"NAN",4.744,0.164
"2020-12-29 15:40:00",11558,5.312,91.7,0,22.4,1.736,227.2,6.571,"NAN",4.754,0.164
"2020-12-29 15:50:00",11559,5.566,89.2,0,17.2,2.027,226.7,9.04,"NAN",4.764,0.164
"2020-12-29 16:00:00",11560,5.683,87.6,0,7.877,2.037,229.5,8.61,"NAN",4.772,0.164
"2020-12-29 16:10:00",11561,5.644,87.5,0,7.702,1.699,232.2,11.35,"NAN",4.779,0.164
"2020-12-29 16:20:00",11562,5.578,87.6,0,5.553,1.409,244.2,8.8,"NAN",4.784,0.164
"2020-12-29 16:30:00",11563,5.285,89.6,0,4.068,0.723,247.9,12.72,"NAN",4.79,0.164
"2020-12-29 16:40:00",11564,4.964,91.1,0,1.576,0.789,264.5,8.51,"NAN",4.797,0.164
"2020-12-29 16:50:00",11565,4.792,91.9,0,0.94,0.729,263,11.7,"NAN",4.812,0.164
"2020-12-29 17:00:00",11566,4.694,92.4,0,0.277,1.014,217.2,15.27,"NAN",4.809,0.164
"2020-12-29 17:10:00",11567,4.782,91.6,0,0.054,1.223,192.2,11.54,"NAN",4.826,0.163
"2020-12-29 17:20:00",11568,5.067,88.6,0,0.012,1.476,223.7,10.47,"NAN",4.823,0.163
"2020-12-29 17:30:00",11569,5.165,87.2,0,0.008,1.626,223.9,7.068,"NAN",4.833,0.163
"2020-12-29 17:40:00",11570,5.149,87.4,0,0.007,1.686,231.7,8.04,"NAN",4.84,0.163
"2020-12-29 17:50:00",11571,5.326,86.5,0,0.004,1.854,249.5,8.51,"NAN",4.839,0.163
"2020-12-29 18:00:00",11572,5.044,88.6,0,0.005,2.054,265.5,6.563,"NAN",4.846,0.163
"2020-12-29 18:10:00",11573,4.999,88.9,0,0.007,1.94,271,5.325,"NAN",4.848,0.163
"2020-12-29 18:20:00",11574,5.192,87.5,0,0.008,1.911,260.3,5.905,"NAN",4.858,0.163
"2020-12-29 18:30:00",11575,4.954,88.7,0,0.003,1.422,250.4,9.94,"NAN",4.856,0.163
"2020-12-29 18:40:00",11576,4.564,90.3,0,0.006,1.06,229.7,8.8,"NAN",4.863,0.163
"2020-12-29 18:50:00",11577,4.248,91.2,0,0.008,0.558,193.4,15.06,"NAN",4.863,0.163
"2020-12-29 19:00:00",11578,4.14,90.9,0,0.007,1.228,205.1,17,"NAN",4.864,0.163
"2020-12-29 19:10:00",11579,3.914,91.3,0,0.005,1.576,223,6.458,"NAN",4.869,0.163
"2020-12-29 19:20:00",11580,4.349,89.4,0,0.006,1.737,225,5.665,"NAN",4.87,0.163
"2020-12-29 19:30:00",11581,4.781,87.2,0,0.007,2.245,228,8.05,"NAN",4.865,0.163
"2020-12-29 19:40:00",11582,4.972,85.8,0,0.005,2.039,228.7,6.647,"NAN",4.865,0.163
"2020-12-29 19:50:00",11583,4.911,85.4,0,0.006,2.101,224.9,6.403,"NAN",4.87,0.163
"2020-12-29 20:00:00",11584,5.128,83,0,0.007,2.883,225.2,7.815,"NAN",4.874,0.163
"2020-12-29 20:10:00",11585,5.192,82.3,0,0.006,2.575,230.4,7.857,"NAN",4.87,0.163
"2020-12-29 20:20:00",11586,5.227,81.9,0,0.004,2.414,229.9,6.411,"NAN",4.867,0.163
"2020-12-29 20:30:00",11587,5.24,82.1,0,0.004,2.412,240.3,9,"NAN",4.863,0.163
"2020-12-29 20:40:00",11588,4.779,85.5,0,0.004,2.239,258.7,7.333,"NAN",4.862,0.162
"2020-12-29 20:50:00",11589,4.552,87.5,0,0.003,2.418,256.9,6.383,"NAN",4.859,0.162
"2020-12-29 21:00:00",11590,4.539,88.1,0,0.005,2.787,249.1,6.525,"NAN",4.857,0.162
"2020-12-29 21:10:00",11591,4.772,86.6,0,0.007,2.416,238.4,7.898,"NAN",4.855,0.162
"2020-12-29 21:20:00",11592,5.031,85.6,0,0.006,2.828,225.6,8.89,"NAN",4.849,0.162
"2020-12-29 21:30:00",11593,4.845,88.9,0.1,0.005,2.691,228.1,9.51,"NAN",4.851,0.162
"2020-12-29 21:40:00",11594,4.783,90.2,0,0.009,2.215,226.8,8.62,"NAN",4.842,0.162
"2020-12-29 21:50:00",11595,4.732,90.9,0,0.007,1.683,216.1,10.59,"NAN",4.842,0.162
"2020-12-29 22:00:00",11596,4.605,91.6,0,0.006,1.637,215.5,8.19,"NAN",4.837,0.162
"2020-12-29 22:10:00",11597,4.564,91.7,0,0.004,1.715,214.7,9.71,"NAN",4.838,0.162
"2020-12-29 22:20:00",11598,4.659,90.6,0,0.008,2.131,230.4,11.59,"NAN",4.829,0.162
"2020-12-29 22:30:00",11599,5.02,88,0,0.006,3.029,235.1,9.75,"NAN",4.826,0.162
"2020-12-29 22:40:00",11600,5.103,87,0,0.006,3.554,236.9,8.02,"NAN",4.823,0.162
"2020-12-29 22:50:00",11601,5.129,86.5,0,0.007,3.711,231.7,7.565,"NAN",4.828,0.162
"2020-12-29 23:00:00",11602,5.005,86.9,0,0.01,3.131,226.1,10.56,"NAN",4.818,0.162
"2020-12-29 23:10:00",11603,4.914,87.2,0,0.009,3.029,224.6,9.06,"NAN",4.814,0.162
"2020-12-29 23:20:00",11604,4.95,87.1,0,0.007,3.072,226.3,9.11,"NAN",4.816,0.162
"2020-12-29 23:30:00",11605,5.032,86.7,0,0.008,3.155,232.7,8.8,"NAN",4.813,0.162
"2020-12-29 23:40:00",11606,4.897,87.6,0,0.007,2.791,234.5,7.397,"NAN",4.814,0.162
"2020-12-29 23:50:00",11607,5.083,86.3,0,0.007,"NAN",0,0,"NAN",4.824,"NAN"
"2020-12-30 00:00:00",11608,5.159,85.7,0,0.009,4.373,229.7,11.34,"NAN",4.804,0.161
"2020-12-30 00:10:00",11609,5.182,85.8,0,0.007,4.513,230.9,9.36,"NAN",4.807,0.161
"2020-12-30 00:20:00",11610,4.889,88.6,0,0.006,3.899,228.9,7.583,"NAN",4.801,0.161
"2020-12-30 00:30:00",11611,4.69,90.5,0,0.007,4.114,230,9.45,"NAN",4.804,0.161
"2020-12-30 00:40:00",11612,4.523,91.4,0,0.007,4.137,229.6,8.28,"NAN",4.798,0.161
"2020-12-30 00:50:00",11613,4.431,91.8,0,0.006,3.47,234,7.934,"NAN",4.793,0.161
"2020-12-30 01:00:00",11614,4.417,91.7,0,0.005,3.532,241,7.482,"NAN",4.793,0.161
"2020-12-30 01:10:00",11615,4.427,91,0,0.008,3.756,235.7,8.06,"NAN",4.794,0.161
"2020-12-30 01:20:00",11616,4.303,90.8,0,0.007,3.374,231.7,8.22,"NAN",4.785,0.161
"2020-12-30 01:30:00",11617,4.34,90,0,0.008,3.984,233.1,9.02,"NAN",4.788,0.161
"2020-12-30 01:40:00",11618,4.451,89.4,0,0.007,3.696,236.4,7.447,"NAN",4.789,0.161
"2020-12-30 01:50:00",11619,4.423,89.9,0,0.005,3.445,235.6,7.098,"NAN",4.785,0.161
"2020-12-30 02:00:00",11620,4.442,89.7,0,0.007,3.697,236.7,8.29,"NAN",4.778,0.161
"2020-12-30 02:10:00",11621,4.289,90.3,0,0.007,3.486,239.2,6.492,"NAN",4.775,0.161
"2020-12-30 02:20:00",11622,3.955,91.6,0,0.007,2.694,245,7.365,"NAN",4.777,0.161
"2020-12-30 02:30:00",11623,3.896,91.6,0,0.006,2.988,253.9,9.28,"NAN",4.78,0.161
"2020-12-30 02:40:00",11624,3.588,92.9,0,0.006,2.763,256.7,6.174,"NAN",4.77,0.161
"2020-12-30 02:50:00",11625,3.31,94,0,0.005,2.632,255.7,4.79,"NAN",4.768,0.161
"2020-12-30 03:00:00",11626,3.505,94.2,0,0.005,2.695,254.6,6.598,"NAN",4.76,0.16
"2020-12-30 03:10:00",11627,3.931,93.1,0,0.006,3.297,242.9,6.797,"NAN",4.759,0.161
"2020-12-30 03:20:00",11628,4.243,91.3,0,0.006,3.143,243.5,6.914,"NAN",4.759,0.16
"2020-12-30 03:30:00",11629,4.473,89.5,0,0.007,3.76,244.4,8.33,"NAN",4.755,0.16
"2020-12-30 03:40:00",11630,4.438,89.6,0,0.01,3.875,244.7,7.216,"NAN",4.752,0.16
"2020-12-30 03:50:00",11631,4.541,88.7,0,0.005,3.775,233.2,8.07,"NAN",4.743,0.16
"2020-12-30 04:00:00",11632,4.572,88.5,0,0.006,3.924,232.9,7.764,"NAN",4.741,0.16
"2020-12-30 04:10:00",11633,4.527,88.7,0,0.004,3.939,231.8,7.897,"NAN",4.739,0.16
"2020-12-30 04:20:00",11634,4.382,89.6,0,0.007,3.028,238.1,9.01,"NAN",4.73,0.16
"2020-12-30 04:30:00",11635,4.416,89.3,0,0.005,3.832,244.8,8.51,"NAN",4.726,0.16
"2020-12-30 04:40:00",11636,4.233,90.5,0,0.006,3.917,250.2,7.066,"NAN",4.723,0.16
"2020-12-30 04:50:00",11637,4.087,91.1,0,0.007,3.135,240.1,8.1,"NAN",4.718,0.16
"2020-12-30 05:00:00",11638,4.234,89.5,0,0.005,3.355,237.9,8.84,"NAN",4.711,0.16
"2020-12-30 05:10:00",11639,4.32,88.7,0,0.005,3.896,232.7,10.4,"NAN",4.708,0.16
"2020-12-30 05:20:00",11640,4.349,88.1,0,0.004,3.462,232.7,7.691,"NAN",4.713,0.16
"2020-12-30 05:30:00",11641,4.233,88.8,0,0.006,3.094,229.5,8.29,"NAN",4.705,0.16
"2020-12-30 05:40:00",11642,4.211,88.6,0,0.009,3.589,235.5,8.61,"NAN",4.705,0.16
"2020-12-30 05:50:00",11643,4.196,88.4,0,0.008,3.562,232,9.17,"NAN",4.702,0.159
"2020-12-30 06:00:00",11644,4.199,88.2,0,0.005,3.545,230.5,9.6,"NAN",4.696,0.159
"2020-12-30 06:10:00",11645,4.217,88.3,0,0.004,3.716,237.1,10.91,"NAN",4.698,0.159
"2020-12-30 06:20:00",11646,4.104,89.2,0,0.008,3.697,263.9,9.3,"NAN",4.691,0.159
"2020-12-30 06:30:00",11647,4.004,89.8,0,0.006,3.683,251.1,6.337,"NAN",4.692,0.159
"2020-12-30 06:40:00",11648,3.935,90.4,0,0.006,3.989,247.8,7.355,"NAN",4.686,0.159
"2020-12-30 06:50:00",11649,3.915,90.7,0,0.006,4.095,249.4,6.242,"NAN",4.686,0.159
"2020-12-30 07:00:00",11650,3.881,90.8,0,0.005,3.885,248.8,7.284,"NAN",4.684,0.159
"2020-12-30 07:10:00",11651,4.054,89.6,0,0.005,4.333,245.9,8.57,"NAN",4.684,0.159
"2020-12-30 07:20:00",11652,3.953,89.8,0,0.007,3.906,248.5,5.855,"NAN",4.677,0.159
"2020-12-30 07:30:00",11653,3.97,89.3,0,0.006,4.055,240.9,8.01,"NAN",4.678,0.159
"2020-12-30 07:40:00",11654,4.145,88.1,0,0.007,3.645,242.2,9.06,"NAN",4.676,0.159
"2020-12-30 07:50:00",11655,3.821,90.2,0,0.02,2.991,251,6.366,"NAN",4.674,0.159
"2020-12-30 08:00:00",11656,3.746,90.5,0,0.097,2.981,242.6,6.111,"NAN",4.672,0.159
"2020-12-30 08:10:00",11657,4.004,88.8,0,0.509,3.189,239.6,6.47,"NAN",4.667,0.159
"2020-12-30 08:20:00",11658,4.166,87.8,0,1.403,3.634,237.8,8.11,"NAN",4.665,0.159
"2020-12-30 08:30:00",11659,4.201,87.7,0,2.666,3.267,239.5,8.19,"NAN",4.661,0.159
"2020-12-30 08:40:00",11660,4.218,87.7,0,7.649,3.145,233.2,7.184,"NAN",4.661,0.159
"2020-12-30 08:50:00",11661,4.212,88,0,18.41,3.024,230.5,8.18,"NAN",4.652,0.159
"2020-12-30 09:00:00",11662,4.264,88,0,30.08,3.063,230.5,10.48,"NAN",4.65,0.158
"2020-12-30 09:10:00",11663,4.236,88.5,0,31.72,2.418,236.6,7.806,"NAN",4.651,0.158
"2020-12-30 09:20:00",11664,4.176,89,0,28.29,2.297,248.1,6.466,"NAN",4.648,0.158
"2020-12-30 09:30:00",11665,3.886,91.6,0,38.91,2.112,251.5,5.834,"NAN",4.647,0.158
"2020-12-30 09:40:00",11666,4.193,90.2,0,56.01,2.428,247.4,10.19,"NAN",4.645,0.158
"2020-12-30 09:50:00",11667,4.481,89.1,0,63.33,2.114,250.6,7.821,"NAN",4.639,0.158
"2020-12-30 10:00:00",11668,4.487,90,0,70.81,2.656,264,5.802,"NAN",4.638,0.158
"2020-12-30 10:10:00",11669,4.501,89.4,0,56.57,2.724,264.1,5.292,"NAN",4.635,0.158
"2020-12-30 10:20:00",11670,4.381,90.1,0,39.55,2.807,264.3,6.464,"NAN",4.637,0.158
"2020-12-30 10:30:00",11671,4.343,90.5,0,34.77,3.014,255.5,7.126,"NAN",4.627,0.158
"2020-12-30 10:40:00",11672,4.436,90.8,0,62.48,3.212,254.5,6.642,"NAN",4.632,0.158
"2020-12-30 10:50:00",11673,4.58,89.4,0,59.2,4.082,257.5,7.823,"NAN",4.627,0.158
"2020-12-30 11:00:00",11674,4.558,89.7,0,53.42,3.619,255.6,7.69,"NAN",4.625,0.158
"2020-12-30 11:10:00",11675,4.7,89.9,0,91.7,3.864,250.6,7.99,"NAN",4.631,0.158
"2020-12-30 11:20:00",11676,4.932,88.8,0,104.3,4.355,246.8,8.65,"NAN",4.633,0.158
"2020-12-30 11:30:00",11677,5.023,88.6,0,80.1,4.43,250.1,6.288,"NAN",4.638,0.158
"2020-12-30 11:40:00",11678,5.001,88.4,0,62.87,4.258,249.5,7.506,"NAN",4.638,0.158
"2020-12-30 11:50:00",11679,4.996,88.8,0,73.83,4.275,251.2,6.024,"NAN",4.634,0.158
"2020-12-30 12:00:00",11680,4.981,88.8,0,65.28,3.816,248.2,6.826,"NAN",4.639,0.158
"2020-12-30 12:10:00",11681,5.002,88.9,0,68.99,3.725,248.7,4.844,"NAN",4.641,0.158
"2020-12-30 12:20:00",11682,5.117,88.6,0,87.2,3.998,247.8,5.501,"NAN",4.645,0.157
"2020-12-30 12:30:00",11683,5.16,88.2,0,88,4.147,244.9,7.125,"NAN",4.652,0.158
"2020-12-30 12:40:00",11684,5.23,88.1,0,78.9,3.81,244,7.767,"NAN",4.655,0.157
"2020-12-30 12:50:00",11685,5.273,87.8,0,97.9,3.85,243.3,8.08,"NAN",4.662,0.157
"2020-12-30 13:00:00",11686,5.355,87.1,0,79.75,3.91,241.4,9.71,"NAN",4.667,0.157
"2020-12-30 13:10:00",11687,5.333,87.4,0,49.31,3.451,246.1,7.239,"NAN",4.672,0.157
"2020-12-30 13:20:00",11688,5.261,88,0,45.98,3.351,245.9,6.796,"NAN",4.676,0.157
"2020-12-30 13:30:00",11689,5.323,88.1,0,49.75,3.205,246.8,7.032,"NAN",4.681,0.157
"2020-12-30 13:40:00",11690,5.336,87.1,0,36.29,3.382,244.7,8.21,"NAN",4.692,0.157
"2020-12-30 13:50:00",11691,5.264,87.8,0,30.69,3.542,251.2,5.949,"NAN",4.7,0.157
"2020-12-30 14:00:00",11692,5.109,89.2,0,29.56,3.404,258.1,6.243,"NAN",4.707,0.157
"2020-12-30 14:10:00",11693,5.021,90.9,0,38.31,2.809,249.8,6.067,"NAN",4.712,0.157
"2020-12-30 14:20:00",11694,5.211,89,0,53.91,3.215,242.2,7.582,"NAN",4.73,0.157
"2020-12-30 14:30:00",11695,5.342,88.1,0,72.83,3.384,240.7,6.466,"NAN",4.736,0.157
"2020-12-30 14:40:00",11696,5.461,87.3,0,57.71,3.655,242.5,6.792,"NAN",4.743,0.157
"2020-12-30 14:50:00",11697,5.364,87.7,0.1,29.27,3.338,245.4,6.577,"NAN",4.752,0.157
"2020-12-30 15:00:00",11698,5.148,89.4,0.2,34.93,3.185,266.2,15.03,"NAN",4.759,0.157
"2020-12-30 15:10:00",11699,5.323,88.9,0,45.5,3.691,252.2,7.579,"NAN",4.771,0.157
"2020-12-30 15:20:00",11700,5.452,88.3,0,38,3.468,243.2,8.07,"NAN",4.776,0.157
"2020-12-30 15:30:00",11701,5.463,87.2,0,25.56,3.316,242.9,6.717,"NAN",4.782,0.157
"2020-12-30 15:40:00",11702,5.43,86.8,0,11.07,3.166,238.8,7.356,"NAN",4.793,0.157
"2020-12-30 15:50:00",11703,5.371,87.1,0,11.55,2.966,241.6,8.09,"NAN",4.8,0.157
"2020-12-30 16:00:00",11704,5.304,87.1,0,15.66,3.077,243.3,6.831,"NAN",4.803,0.157
"2020-12-30 16:10:00",11705,5.412,85.6,0,8.61,3.479,237.2,7.3,"NAN",4.815,0.157
"2020-12-30 16:20:00",11706,5.376,85.5,0,7.02,3.284,237.1,7.294,"NAN",4.817,0.157
"2020-12-30 16:30:00",11707,5.272,86.1,0,3.849,2.835,227.6,8.06,"NAN",4.83,0.157
"2020-12-30 16:40:00",11708,5.213,86.1,0,1.827,2.642,229.7,7.129,"NAN",4.832,0.157
"2020-12-30 16:50:00",11709,5.189,86.1,0,0.547,2.422,231.6,6.735,"NAN",4.843,0.157
"2020-12-30 17:00:00",11710,5.22,86.1,0,0.138,2.379,245.1,7.547,"NAN",4.843,0.157
"2020-12-30 17:10:00",11711,4.773,89.7,0,0.025,1.867,266.2,6.551,"NAN",4.847,0.157
"2020-12-30 17:20:00",11712,4.698,90.3,0,0.006,1.847,243.1,7.997,"NAN",4.861,0.156
"2020-12-30 17:30:00",11713,4.838,89.2,0,0.009,1.648,234.3,7,"NAN",4.862,0.156
"2020-12-30 17:40:00",11714,4.789,89.4,0,0.007,1.551,252.1,14.93,"NAN",4.869,0.156
"2020-12-30 17:50:00",11715,4.421,92,0,0.008,1.64,265.4,9.03,"NAN",4.869,0.156
"2020-12-30 18:00:00",11716,4.451,91.4,0,0.006,1.578,237.6,9.35,"NAN",4.869,0.156
"2020-12-30 18:10:00",11717,4.68,88.6,0,0.008,1.674,225.6,7.22,"NAN",4.879,0.156
"2020-12-30 18:20:00",11718,4.683,88.1,0,0.004,1.413,223.3,7.325,"NAN",4.882,0.156
"2020-12-30 18:30:00",11719,4.694,87.4,0,0.007,1.722,220.8,7.773,"NAN",4.882,0.156
"2020-12-30 18:40:00",11720,4.791,85.6,0,0.007,2.16,234.6,9.28,"NAN",4.889,0.156
"2020-12-30 18:50:00",11721,4.732,85.9,0,0.007,2.289,254.2,9.34,"NAN",4.887,0.156
"2020-12-30 19:00:00",11722,4.409,88.6,0,0.007,2.422,254.3,5.345,"NAN",4.89,0.156
"2020-12-30 19:10:00",11723,4.367,89,0,0.007,2.53,258.8,6.099,"NAN",4.888,0.156
"2020-12-30 19:20:00",11724,4.514,87.1,0,0.006,2.785,267.1,5.31,"NAN",4.89,0.156
"2020-12-30 19:30:00",11725,4.811,85.1,0,0.008,3.755,268.1,7.386,"NAN",4.895,0.156
"2020-12-30 19:40:00",11726,4.865,85.2,0,0.006,4.119,269.2,8.5,"NAN",4.896,0.156
"2020-12-30 19:50:00",11727,4.691,86.6,0,0.006,4.207,271.8,6.917,"NAN",4.888,0.156
"2020-12-30 20:00:00",11728,4.525,87.8,0,0.004,3.788,271.7,7.077,"NAN",4.897,0.156
"2020-12-30 20:10:00",11729,4.325,88.6,0,0.008,4.346,274.5,7.146,"NAN",4.895,0.156
"2020-12-30 20:20:00",11730,4.263,88.4,0,0.006,3.972,280.2,8.49,"NAN",4.895,0.156
"2020-12-30 20:30:00",11731,4.079,89.5,0,0.006,3.626,284,13.02,"NAN",4.893,0.156
"2020-12-30 20:40:00",11732,4.011,89.4,0,0.006,3.351,283.6,9.55,"NAN",4.89,0.156
"2020-12-30 20:50:00",11733,3.936,90,0,0.005,3.012,277.5,8.47,"NAN",4.895,0.156
"2020-12-30 21:00:00",11734,3.811,91.1,0,0.003,2.771,269.4,5.949,"NAN",4.898,0.156
"2020-12-30 21:10:00",11735,3.661,91.7,0,0.002,1.991,260.5,5.244,"NAN",4.89,0.156
"2020-12-30 21:20:00",11736,3.472,92.7,0,0.006,1.973,245.3,9.06,"NAN",4.893,0.156
"2020-12-30 21:30:00",11737,3.659,91.5,0,0.006,2.536,237.7,7.566,"NAN",4.889,0.155
"2020-12-30 21:40:00",11738,3.749,89.8,0,0.006,2.693,236.3,7.37,"NAN",4.893,0.155
"2020-12-30 21:50:00",11739,3.801,88.1,0,0.007,2.984,237.2,6.636,"NAN",4.887,0.155
"2020-12-30 22:00:00",11740,3.644,90.7,0,0.005,2.749,223,9.28,"NAN",4.884,0.155
"2020-12-30 22:10:00",11741,3.287,94.1,0,0.007,3.209,225.3,10.59,"NAN",4.883,0.155
"2020-12-30 22:20:00",11742,3.012,94.5,0,0.005,3.033,218.7,9.29,"NAN",4.881,0.155
"2020-12-30 22:30:00",11743,2.707,95.2,0,0.006,2.083,221.7,9.46,"NAN",4.883,0.155
"2020-12-30 22:40:00",11744,2.695,95.6,0,0.006,2.797,223,9.45,"NAN",4.88,0.155
"2020-12-30 22:50:00",11745,2.649,95.6,0,0.006,2.763,223.5,9,"NAN",4.87,0.155
"2020-12-30 23:00:00",11746,2.617,95,0,0.01,2.675,225.8,8.8,"NAN",4.873,0.155
"2020-12-30 23:10:00",11747,2.672,94,0,0.01,2.771,225.4,9.41,"NAN",4.868,0.155
"2020-12-30 23:20:00",11748,2.667,93.8,0,0.007,2.879,217.5,10.14,"NAN",4.864,0.155
"2020-12-30 23:30:00",11749,2.575,94,0,0.009,2.958,224.4,7.9,"NAN",4.859,0.155
"2020-12-30 23:40:00",11750,2.669,93.5,0,0.005,3.128,230.1,7.343,"NAN",4.86,0.155
"2020-12-30 23:50:00",11751,2.907,92.5,0,0.007,"NAN",0,0,"NAN",6.297,"NAN"
"2020-12-31 00:00:00",11752,3.125,91.4,0,0.005,3.623,226.3,9.92,"NAN",4.846,0.155
"2020-12-31 00:10:00",11753,3.291,90.5,0,0.005,4.054,233.1,10.08,"NAN",4.843,0.155
"2020-12-31 00:20:00",11754,3.313,90.3,0,0.007,3.35,234.2,8.05,"NAN",4.832,0.155
"2020-12-31 00:30:00",11755,3.309,90.1,0,0.005,3.61,233,9.01,"NAN",4.825,0.155
"2020-12-31 00:40:00",11756,3.336,89.9,0,0.005,3.2,233.1,7.824,"NAN",4.816,0.155
"2020-12-31 00:50:00",11757,3.317,90,0,0.005,2.967,230.1,11.16,"NAN",4.804,0.155
"2020-12-31 01:00:00",11758,3.376,89.7,0,0.006,3.119,234.4,10.28,"NAN",4.799,0.155
"2020-12-31 01:10:00",11759,3.373,89.6,0,0.006,3.105,238.7,9.52,"NAN",4.796,0.155
"2020-12-31 01:20:00",11760,3.301,89.5,0,0.008,3.272,240.1,8.02,"NAN",4.788,0.155
"2020-12-31 01:30:00",11761,3.276,89,0,0.005,3.488,235.2,7.224,"NAN",4.777,0.154
"2020-12-31 01:40:00",11762,3.34,88.7,0,0.006,3.327,231.4,7.597,"NAN",4.765,0.154
"2020-12-31 01:50:00",11763,3.265,88.6,0,0.005,3.606,233.2,8.62,"NAN",4.753,0.154
"2020-12-31 02:00:00",11764,3.07,89.1,0,0.005,3.543,227,7.874,"NAN",4.749,0.154
"2020-12-31 02:10:00",11765,2.95,89.6,0,0.007,3.36,226.8,7.855,"NAN",4.735,0.154
"2020-12-31 02:20:00",11766,2.947,89.6,0,0.006,3.269,230.2,8.5,"NAN",4.729,0.154
"2020-12-31 02:30:00",11767,2.884,89.3,0,0.005,3.381,230.1,7.473,"NAN",4.72,0.154
"2020-12-31 02:40:00",11768,2.79,89.3,0,0.005,3.496,230.4,8.31,"NAN",4.714,0.154
"2020-12-31 02:50:00",11769,2.774,89,0,0.006,3.623,232.6,8.03,"NAN",4.7,0.154
"2020-12-31 03:00:00",11770,2.53,89.7,0,0.007,2.824,227,7.847,"NAN",4.693,0.154
"2020-12-31 03:10:00",11771,2.325,90,0,0.006,2.367,227.8,8.15,"NAN",4.683,0.154
"2020-12-31 03:20:00",11772,2.262,89.9,0,0.006,2.377,231.2,7.424,"NAN",4.679,0.154
"2020-12-31 03:30:00",11773,2.065,90.3,0,0.007,1.909,229.1,7.161,"NAN",4.668,0.154
"2020-12-31 03:40:00",11774,1.522,91.4,0,0.006,1.767,258.4,17.56,"NAN",4.657,0.154
"2020-12-31 03:50:00",11775,0.755,94.5,0,0.006,1.624,257,6.731,"NAN",4.649,0.154
"2020-12-31 04:00:00",11776,0.629,94.9,0,0.007,1.87,255,6.211,"NAN",4.639,0.154
"2020-12-31 04:10:00",11777,0.309,95.3,0,0.003,1.836,255,5.745,"NAN",4.631,0.154
"2020-12-31 04:20:00",11778,0.19,95.7,0,0.007,1.771,252.8,6.344,"NAN",4.622,0.154
"2020-12-31 04:30:00",11779,0.781,93.6,0,0.005,1.766,253.9,13.1,"NAN",4.61,0.154
"2020-12-31 04:40:00",11780,0.357,94.3,0,0.006,1.834,254.5,9.04,"NAN",4.599,0.154
"2020-12-31 04:50:00",11781,1.281,91.6,0,0.007,2.382,221.7,10.46,"NAN",4.589,0.154
"2020-12-31 05:00:00",11782,1.758,88.7,0,0.003,2.991,215.3,8.93,"NAN",4.574,0.154
"2020-12-31 05:10:00",11783,1.83,87.8,0,0.008,3.153,213.6,9.13,"NAN",4.559,0.154
"2020-12-31 05:20:00",11784,1.869,87,0,0.008,3.144,208,8.01,"NAN",4.551,0.154
"2020-12-31 05:30:00",11785,1.698,87.8,0,0.006,2.739,203.6,9.63,"NAN",4.535,0.153
"2020-12-31 05:40:00",11786,1.734,87.2,0,0.006,2.882,203,8.84,"NAN",4.524,0.153
"2020-12-31 05:50:00",11787,1.837,86.2,0,0.007,3.083,207.2,8.06,"NAN",4.51,0.153
"2020-12-31 06:00:00",11788,1.843,85.8,0,0.006,2.628,209.3,7.666,"NAN",4.501,0.153
"2020-12-31 06:10:00",11789,1.823,85.4,0,0.006,2.01,209.7,8.94,"NAN",4.483,0.153
"2020-12-31 06:20:00",11790,1.749,85.2,0,0.006,1.843,219.1,8.42,"NAN",4.471,0.153
"2020-12-31 06:30:00",11791,1.633,85.2,0,0.004,1.503,224.9,7.898,"NAN",4.452,0.153
"2020-12-31 06:40:00",11792,1.196,86.2,0,0.005,0.933,270.1,17.62,"NAN",4.441,0.153
"2020-12-31 06:50:00",11793,0.905,88.5,0,0.005,0.883,298.7,9.8,"NAN",4.428,0.153
"2020-12-31 07:00:00",11794,1.066,88.6,0,0.006,0.808,348,10.72,"NAN",4.413,0.153
"2020-12-31 07:10:00",11795,0.941,89.2,0,0.006,0.369,30.73,61.81,"NAN",4.402,0.153
"2020-12-31 07:20:00",11796,0.73,89.6,0,0.007,0.304,75.67,49.1,"NAN",4.384,0.153
"2020-12-31 07:30:00",11797,0.576,89.5,0,0.007,0.283,128.7,49.76,"NAN",4.373,0.153
"2020-12-31 07:40:00",11798,0.132,91.9,0,0.008,0.308,116.6,13.53,"NAN",4.357,0.153
"2020-12-31 07:50:00",11799,0.035,92.6,0,0.027,0.293,217.5,29.8,"NAN",4.345,0.153
"2020-12-31 08:00:00",11800,0.165,93.1,0,0.166,0.331,218.9,35.45,"NAN",4.333,0.153
"2020-12-31 08:10:00",11801,-0.014,94.4,0,0.637,0.482,153,13.09,"NAN",4.318,0.153
"2020-12-31 08:20:00",11802,-0.112,95.3,0,3.424,0.438,170.5,22.91,"NAN",4.303,0.153
"2020-12-31 08:30:00",11803,0.081,95.3,0,3.907,0.79,229.7,56.25,"NAN",4.288,0.153
"2020-12-31 08:40:00",11804,1.565,86,0,2.752,2.205,254.6,13,"NAN",4.278,0.153
"2020-12-31 08:50:00",11805,2.191,82,0,3.986,3.893,251.6,12.8,"NAN",4.263,0.153
"2020-12-31 09:00:00",11806,2.413,82,0,6.267,3.458,239.8,9.56,"NAN",4.248,0.153
"2020-12-31 09:10:00",11807,2.562,80.9,0,9.69,1.989,239,9.07,"NAN",4.233,0.153
"2020-12-31 09:20:00",11808,2.688,80.2,0,10.73,4.144,248.4,11.23,"NAN",4.224,0.153
"2020-12-31 09:30:00",11809,2.795,80.9,0,12.86,3.986,238,12.09,"NAN",4.208,0.152
"2020-12-31 09:40:00",11810,2.99,80.1,0,25.38,3.133,227.7,14.53,"NAN",4.198,0.152
"2020-12-31 09:50:00",11811,3.066,79.8,0,26.09,2.691,228.5,15.03,"NAN",4.187,0.152
"2020-12-31 10:00:00",11812,3.442,76.85,0,32.54,3.109,231.4,13.58,"NAN",4.175,0.152
"2020-12-31 10:10:00",11813,3.493,77.68,0,27.68,5.018,225.7,18.23,"NAN",4.16,0.152
"2020-12-31 10:20:00",11814,2.944,83.8,0,23.71,5.275,226.3,11.37,"NAN",4.151,0.152
"2020-12-31 10:30:00",11815,2.551,88.4,0.2,27.99,5.175,228.3,10.49,"NAN",4.141,0.152
"2020-12-31 10:40:00",11816,2.299,91.1,0.3,43.42,4.325,228.4,11.42,"NAN",4.128,0.152
"2020-12-31 10:50:00",11817,2.208,92.5,0.1,45.05,3.18,220,10.71,"NAN",4.121,0.152
"2020-12-31 11:00:00",11818,2.47,92,0.1,66.78,3.496,225.9,11.63,"NAN",4.11,0.152
"2020-12-31 11:10:00",11819,2.672,91.3,0,66.99,3.989,233.1,14.59,"NAN",4.105,0.152
"2020-12-31 11:20:00",11820,2.673,92,0.1,70.81,4.133,230,11.52,"NAN",4.094,0.152
"2020-12-31 11:30:00",11821,2.695,92.4,0.1,52.13,3.522,237.9,12.82,"NAN",4.089,0.152
"2020-12-31 11:40:00",11822,2.838,92.4,0.1,61.21,3.445,233.2,10.32,"NAN",4.084,0.152
"2020-12-31 11:50:00",11823,3.08,91.9,0,65.53,3.493,242.2,8.58,"NAN",4.074,0.152
"2020-12-31 12:00:00",11824,3.286,91.8,0,89.1,3.445,243,8.58,"NAN",4.072,0.153
"2020-12-31 12:10:00",11825,3.562,90.2,0.1,69.55,4.319,240.7,8.49,"NAN",4.066,0.153
"2020-12-31 12:20:00",11826,3.65,89.5,0,50.59,4.197,236.4,9.96,"NAN",4.064,0.153
"2020-12-31 12:30:00",11827,3.679,90.1,0.2,71.8,3.803,237.9,10.4,"NAN",4.06,0.153
"2020-12-31 12:40:00",11828,3.814,90.2,0,60.48,3.511,235,10.81,"NAN",4.057,0.153
"2020-12-31 12:50:00",11829,3.972,89.7,0,60.78,3.704,230.7,9.35,"NAN",4.059,0.153
"2020-12-31 13:00:00",11830,4.166,88.8,0,75.42,3.729,229.9,11.68,"NAN",4.058,0.153
"2020-12-31 13:10:00",11831,4.388,88.2,0,77.06,3.27,230,10.1,"NAN",4.059,0.153
"2020-12-31 13:20:00",11832,4.682,86.2,0,69.34,3.882,232.5,10.58,"NAN",4.055,0.153
"2020-12-31 13:30:00",11833,4.876,85.5,0,66.21,3.374,236,9.53,"NAN",4.061,0.153
"2020-12-31 13:40:00",11834,5.001,84.1,0,55.27,3.824,235.6,9.39,"NAN",4.063,0.153
"2020-12-31 13:50:00",11835,5.125,82.9,0,65.49,3.441,235.3,9.27,"NAN",4.067,0.153
"2020-12-31 14:00:00",11836,5.253,81.9,0,72.9,3.552,232.8,9.43,"NAN",4.071,0.153
"2020-12-31 14:10:00",11837,5.355,82.1,0,97.1,2.883,228.2,9.1,"NAN",4.078,0.153
"2020-12-31 14:20:00",11838,5.488,80.9,0,91.1,3.121,243,9.87,"NAN",4.08,0.153
"2020-12-31 14:30:00",11839,5.558,81.1,0,74.37,3.358,245.8,9.21,"NAN",4.087,0.153
"2020-12-31 14:40:00",11840,5.588,81,0,53.67,3.246,244.8,6.311,"NAN",4.091,0.153
"2020-12-31 14:50:00",11841,5.56,80.6,0,44.62,3.419,244.5,7.762,"NAN",4.093,0.153
"2020-12-31 15:00:00",11842,5.554,81.2,0,43.44,3.076,244.9,8.55,"NAN",4.105,0.153
"2020-12-31 15:10:00",11843,5.366,82.2,0.1,25.71,3.428,242,6.546,"NAN",4.107,0.153
"2020-12-31 15:20:00",11844,5.253,83.2,0,27.49,2.791,243.9,6.464,"NAN",4.125,0.153
"2020-12-31 15:30:00",11845,5.531,79.94,0,39.57,4.151,234.2,9.22,"NAN",4.129,0.153
"2020-12-31 15:40:00",11846,5.489,80.6,0,32.4,3.789,226.8,8.89,"NAN",4.14,0.153
"2020-12-31 15:50:00",11847,5.445,81.3,0,23.03,3.644,230.6,9.67,"NAN",4.145,0.153
"2020-12-31 16:00:00",11848,5.501,81.4,0,14.17,4.174,229.3,11.6,"NAN",4.153,0.153
"2020-12-31 16:10:00",11849,5.337,83.7,0,8.1,3.247,223,9.71,"NAN",4.172,0.153
"2020-12-31 16:20:00",11850,5.334,84.4,0,5.534,2.979,218.1,11.83,"NAN",4.178,0.153
"2020-12-31 16:30:00",11851,5.138,86.7,0.1,4.439,2.989,215.8,10.03,"NAN",4.189,0.153
"2020-12-31 16:40:00",11852,5.006,88.1,0,2.223,2.693,216.8,9.76,"NAN",4.198,0.153
"2020-12-31 16:50:00",11853,4.835,89.7,0.1,0.982,2.552,219.3,9.25,"NAN",4.207,0.153
"2020-12-31 17:00:00",11854,4.757,90.5,0,0.35,2.451,221,8.59,"NAN",4.216,0.153
"2020-12-31 17:10:00",11855,4.784,90.2,0.2,0.073,3.645,221.5,10.16,"NAN",4.224,0.153
"2020-12-31 17:20:00",11856,4.66,91.3,0,0.018,3.262,227.1,9.17,"NAN",4.236,0.153
"2020-12-31 17:30:00",11857,4.618,91.6,0.1,0.005,3.217,227.9,9.13,"NAN",4.244,0.154
"2020-12-31 17:40:00",11858,4.522,92.1,0.1,0.006,3.057,230.1,10.28,"NAN",4.247,0.154
"2020-12-31 17:50:00",11859,4.472,92.3,0.1,0.007,2.872,230.6,8.72,"NAN",4.257,0.154
"2020-12-31 18:00:00",11860,4.394,93.2,0.2,0.006,2.485,233.9,10.78,"NAN",4.267,0.154
"2020-12-31 18:10:00",11861,4.364,93.5,0.2,0.006,2.908,234.4,9.71,"NAN",4.271,0.154
"2020-12-31 18:20:00",11862,4.34,92.4,0.2,0.006,4.69,230.9,10.72,"NAN",4.277,0.154
"2020-12-31 18:30:00",11863,3.93,91.7,0.1,0.007,5.136,230.9,8.24,"NAN",4.283,0.154
"2020-12-31 18:40:00",11864,3.683,93.2,0.1,0.007,3.716,237.3,9.91,"NAN",4.291,0.154
"2020-12-31 18:50:00",11865,3.579,94.5,0.4,0.005,3.036,247.3,7.906,"NAN",4.295,0.154
"2020-12-31 19:00:00",11866,3.411,96.2,0.3,0.006,2.583,253.2,7.09,"NAN",4.304,0.154
"2020-12-31 19:10:00",11867,3.427,96.6,0.1,0.005,2.012,241.7,6.73,"NAN",4.305,0.154
"2020-12-31 19:20:00",11868,3.403,97.1,0,0.007,1.631,258,6.038,"NAN",4.313,0.154
"2020-12-31 19:30:00",11869,3.365,97.8,0,0.004,1.71,257.3,5.442,"NAN",4.315,0.155
"2020-12-31 19:40:00",11870,3.419,97.8,0,0.005,1.741,257,5.393,"NAN",4.319,0.155
"2020-12-31 19:50:00",11871,3.437,97.9,0,0.004,1.505,251.4,6.724,"NAN",4.324,0.155
"2020-12-31 20:00:00",11872,3.449,98.1,0,0.005,1.302,239.3,6.278,"NAN",4.331,0.155
"2020-12-31 20:10:00",11873,3.513,98.1,0,0.005,1.491,246.2,7.42,"NAN",4.331,0.155
"2020-12-31 20:20:00",11874,3.792,97.1,0,0.005,2.237,240.5,8.8,"NAN",4.331,0.155
"2020-12-31 20:30:00",11875,4.178,94.7,0,0.004,3.286,238.7,8.94,"NAN",4.338,0.156
"2020-12-31 20:40:00",11876,4.209,94.5,0,0.005,3.358,244.4,7.95,"NAN",4.34,0.156
"2020-12-31 20:50:00",11877,4.072,95.3,0,0.005,2.96,250.3,6.535,"NAN",4.345,0.156
"2020-12-31 21:00:00",11878,4.097,95.3,0,0.005,3.274,245.7,6.536,"NAN",4.345,0.156
"2020-12-31 21:10:00",11879,4.181,94.9,0,0.007,2.915,241.8,8.41,"NAN",4.348,0.156
"2020-12-31 21:20:00",11880,4.217,94.8,0,0.005,2.848,240.5,7.091,"NAN",4.35,0.156
"2020-12-31 21:30:00",11881,4.238,94.9,0,0.006,2.826,235.8,9.26,"NAN",4.351,0.156
"2020-12-31 21:40:00",11882,4.26,94.9,0,0.007,2.796,240.5,8.71,"NAN",4.354,0.156
"2020-12-31 21:50:00",11883,4.242,94.8,0,0.003,2.77,244.6,7.645,"NAN",4.356,0.156
"2020-12-31 22:00:00",11884,4.26,94.8,0,0.004,2.733,244.6,6.696,"NAN",4.356,0.156
"2020-12-31 22:10:00",11885,4.198,95.1,0,0.007,2.479,246.6,6.412,"NAN",4.358,0.156
"2020-12-31 22:20:00",11886,4.076,95.8,0,0.004,2.509,252.7,5.888,"NAN",4.361,0.156
"2020-12-31 22:30:00",11887,4.028,96.3,0,0.006,2.434,252.5,4.954,"NAN",4.361,0.156
"2020-12-31 22:40:00",11888,4.098,95.8,0,0.005,2.878,261.2,6.341,"NAN",4.363,0.156
"2020-12-31 22:50:00",11889,4.122,95.8,0,0.008,3.016,264.4,5.788,"NAN",4.365,0.156
"2020-12-31 23:00:00",11890,4.165,95.7,0,0.004,2.89,265.8,7.329,"NAN",4.371,0.156
"2020-12-31 23:10:00",11891,4.18,95.5,0,0.007,3.09,263.9,7.111,"NAN",4.372,0.156
"2020-12-31 23:20:00",11892,4.167,95.4,0,0.004,2.921,260.4,8.27,"NAN",4.368,0.156
"2020-12-31 23:30:00",11893,4.061,96.2,0,0.004,2.475,250.5,5.712,"NAN",4.375,0.156
"2020-12-31 23:40:00",11894,3.964,96.8,0,0.005,1.987,247.4,6.286,"NAN",4.377,0.156
"2020-12-31 23:50:00",11895,3.889,97.2,0,0.007,"NAN",0,0,"NAN","NAN","NAN"
