epoch,step,min,max,mean,std
1,1000,-0.015566588379442692,0.01590278372168541,-4.913573866360821e-05,0.002033884171396494
