epoch,step,min,max,mean,std
1,1000,-0.008921157568693161,0.01936410740017891,-0.0005852492759004235,0.003384761279448867
