epoch,step,min,max,mean,std
1,1000,-0.012645487673580647,0.016389979049563408,-0.00043633172754198313,0.0036063201259821653
