epoch,step,min,max,mean,std
1,1000,-0.43768206238746643,0.7687501907348633,-0.01762702688574791,0.15346994996070862
