epoch,step,min,max,mean,std
1,1000,-0.5997649431228638,0.5674775838851929,0.0007070591091178358,0.07698719948530197
