epoch,step,min,max,mean,std
1,1000,-0.58528733253479,-0.58528733253479,-0.58528733253479,0.0
