epoch,step,min,max,mean,std
1,1000,-0.11420449614524841,0.14622265100479126,-0.0032744351774454117,0.013229681178927422
