epoch,step,min,max,mean,std
1,1000,-0.12474647909402847,0.15911157429218292,-0.015691149979829788,0.040771856904029846
