epoch,step,min,max,mean,std
1,10000,-0.016470618546009064,-0.016470618546009064,-0.016470618546009064,0.0
