epoch,step,min,max,mean,std
1,10000,-0.08926306664943695,0.26617249846458435,0.0017544416477903724,0.015209710225462914
