epoch,step,min,max,mean,std
1,10000,-0.08683575689792633,0.16860798001289368,0.028798602521419525,0.051658887416124344
