epoch,step,min,max,mean,std
1,10000,-4.298107147216797,3.4724111557006836,-0.003613750683143735,0.4263591468334198
