epoch,step,min,max,mean,std
1,10000,-2.1326942443847656,4.313648223876953,0.01287677139043808,0.7582244277000427
