epoch,step,min,max,mean,std
1,10000,0.32602059841156006,0.32602059841156006,0.32602059841156006,0.0
