epoch,step,min,max,mean,std
1,10000,-1.6941112279891968,1.847753643989563,-0.004683456849306822,0.2436717003583908
