epoch,step,min,max,mean,std
1,10000,-2.2340002059936523,0.9967079758644104,0.03445129096508026,0.38555073738098145
