epoch,step,min,max,mean,std
1,10000,-0.020832553505897522,0.4632938504219055,0.07019932568073273,0.09821227937936783
